time_s,class__enterprise,class__freemium,class__premium,replica_0,replica_0__enterprise,replica_0__freemium,replica_0__premium,replica_1,replica_1__enterprise,replica_1__freemium,replica_1__premium,replica_2,replica_2__enterprise,replica_2__freemium,replica_2__premium,replica_3,replica_3__enterprise,replica_3__freemium,replica_3__premium,replica_4,replica_4__enterprise,replica_4__freemium,replica_4__premium,replica_5,replica_5__enterprise,replica_5__freemium,replica_5__premium,replica_6,replica_6__enterprise,replica_6__freemium,replica_6__premium,replica_7,replica_7__enterprise,replica_7__freemium,replica_7__premium,total
0.0,,,,,,,,,,,,,,,,,,,,,,,,,,,,,,,,,,,,0
0.642215,,1,,1,,1,,,,,,,,,,,,,,,,,,,,,,,,,,,,,,1
0.849197,,2,,1,,1,,1,,1,,,,,,,,,,,,,,,,,,,,,,,,,,2
1.127565,,3,,1,,1,,1,,1,,1,,1,,,,,,,,,,,,,,,,,,,,,,3
1.264784,1,3,,1,0,1,,1,0,1,,1,0,1,,1,1,0,,,,,,,,,,,,,,,,,,4
1.358111,2,3,,1,0,1,,1,0,1,,1,0,1,,1,1,0,,1,1,0,,,,,,,,,,,,,,5
1.478232,2,4,,1,0,1,,1,0,1,,1,0,1,,1,1,0,,1,1,0,,1,0,1,,,,,,,,,,6
1.681853,2,5,,1,0,1,,1,0,1,,1,0,1,,1,1,0,,1,1,0,,1,0,1,,1,0,1,,,,,,7
2.073763,2,5,1,1,0,1,0,1,0,1,0,1,0,1,0,1,1,0,0,1,1,0,0,1,0,1,0,1,0,1,0,1,0,0,1,8
2.704478,2,5,2,2,0,1,1,1,0,1,0,1,0,1,0,1,1,0,0,1,1,0,0,1,0,1,0,1,0,1,0,1,0,0,1,9
3.276327,2,5,3,2,0,1,1,2,0,1,1,1,0,1,0,1,1,0,0,1,1,0,0,1,0,1,0,1,0,1,0,1,0,0,1,10
3.581972,2,6,3,2,0,1,1,2,0,1,1,2,0,2,0,1,1,0,0,1,1,0,0,1,0,1,0,1,0,1,0,1,0,0,1,11
3.586398,3,6,3,2,0,1,1,2,0,1,1,2,0,2,0,2,2,0,0,1,1,0,0,1,0,1,0,1,0,1,0,1,0,0,1,12
3.676297,4,6,3,2,0,1,1,2,0,1,1,2,0,2,0,2,2,0,0,2,2,0,0,1,0,1,0,1,0,1,0,1,0,0,1,13
4.374377,4,6,4,2,0,1,1,2,0,1,1,2,0,2,0,2,2,0,0,2,2,0,0,2,0,1,1,1,0,1,0,1,0,0,1,14
4.657087,4,6,5,2,0,1,1,2,0,1,1,2,0,2,0,2,2,0,0,2,2,0,0,2,0,1,1,2,0,1,1,1,0,0,1,15
5.065847,5,6,5,2,0,1,1,2,0,1,1,2,0,2,0,2,2,0,0,2,2,0,0,2,0,1,1,2,0,1,1,2,1,0,1,16
5.340604,5,6,6,3,0,1,2,2,0,1,1,2,0,2,0,2,2,0,0,2,2,0,0,2,0,1,1,2,0,1,1,2,1,0,1,17
5.449162,5,6,7,3,0,1,2,3,0,1,2,2,0,2,0,2,2,0,0,2,2,0,0,2,0,1,1,2,0,1,1,2,1,0,1,18
5.639513,5,7,7,3,0,1,2,3,0,1,2,3,0,3,0,2,2,0,0,2,2,0,0,2,0,1,1,2,0,1,1,2,1,0,1,19
5.754497,5,8,7,3,0,1,2,3,0,1,2,3,0,3,0,3,2,1,0,2,2,0,0,2,0,1,1,2,0,1,1,2,1,0,1,20
6.177081,5,8,8,3,0,1,2,3,0,1,2,3,0,3,0,3,2,1,0,3,2,0,1,2,0,1,1,2,0,1,1,2,1,0,1,21
6.479548,5,8,9,3,0,1,2,3,0,1,2,3,0,3,0,3,2,1,0,3,2,0,1,3,0,1,2,2,0,1,1,2,1,0,1,22
6.524914,6,8,9,3,0,1,2,3,0,1,2,3,0,3,0,3,2,1,0,3,2,0,1,3,0,1,2,3,1,1,1,2,1,0,1,23
6.685602,7,8,9,3,0,1,2,3,0,1,2,3,0,3,0,3,2,1,0,3,2,0,1,3,0,1,2,3,1,1,1,3,2,0,1,24
6.735907,8,8,9,4,1,1,2,3,0,1,2,3,0,3,0,3,2,1,0,3,2,0,1,3,0,1,2,3,1,1,1,3,2,0,1,25
6.75734,8,8,10,4,1,1,2,4,0,1,3,3,0,3,0,3,2,1,0,3,2,0,1,3,0,1,2,3,1,1,1,3,2,0,1,26
7.234204,8,9,10,4,1,1,2,4,0,1,3,4,0,4,0,3,2,1,0,3,2,0,1,3,0,1,2,3,1,1,1,3,2,0,1,27
7.303093,9,9,10,4,1,1,2,4,0,1,3,4,0,4,0,4,3,1,0,3,2,0,1,3,0,1,2,3,1,1,1,3,2,0,1,28
8.132033,10,9,10,4,1,1,2,4,0,1,3,4,0,4,0,4,3,1,0,4,3,0,1,3,0,1,2,3,1,1,1,3,2,0,1,29
8.21232,10,10,10,4,1,1,2,4,0,1,3,4,0,4,0,4,3,1,0,4,3,0,1,4,0,2,2,3,1,1,1,3,2,0,1,30
8.587141,10,11,10,4,1,1,2,4,0,1,3,4,0,4,0,4,3,1,0,4,3,0,1,4,0,2,2,4,1,2,1,3,2,0,1,31
8.619193,11,11,10,4,1,1,2,4,0,1,3,4,0,4,0,4,3,1,0,4,3,0,1,4,0,2,2,4,1,2,1,4,3,0,1,32
8.694156,11,11,11,5,1,1,3,4,0,1,3,4,0,4,0,4,3,1,0,4,3,0,1,4,0,2,2,4,1,2,1,4,3,0,1,33
8.835645,11,12,11,5,1,1,3,5,0,2,3,4,0,4,0,4,3,1,0,4,3,0,1,4,0,2,2,4,1,2,1,4,3,0,1,34
9.069285,11,12,12,5,1,1,3,5,0,2,3,5,0,4,1,4,3,1,0,4,3,0,1,4,0,2,2,4,1,2,1,4,3,0,1,35
9.135429,11,12,13,5,1,1,3,5,0,2,3,5,0,4,1,5,3,1,1,4,3,0,1,4,0,2,2,4,1,2,1,4,3,0,1,36
9.28464,11,12,14,5,1,1,3,5,0,2,3,5,0,4,1,5,3,1,1,5,3,0,2,4,0,2,2,4,1,2,1,4,3,0,1,37
9.693539,11,12,15,5,1,1,3,5,0,2,3,5,0,4,1,5,3,1,1,5,3,0,2,5,0,2,3,4,1,2,1,4,3,0,1,38
9.766178,11,13,15,5,1,1,3,5,0,2,3,5,0,4,1,5,3,1,1,5,3,0,2,5,0,2,3,5,1,3,1,4,3,0,1,39
10.049861,11,13,16,5,1,1,3,5,0,2,3,5,0,4,1,5,3,1,1,5,3,0,2,5,0,2,3,5,1,3,1,5,3,0,2,40
10.305361,12,13,16,6,2,1,3,5,0,2,3,5,0,4,1,5,3,1,1,5,3,0,2,5,0,2,3,5,1,3,1,5,3,0,2,41
10.621592,13,13,16,6,2,1,3,6,1,2,3,5,0,4,1,5,3,1,1,5,3,0,2,5,0,2,3,5,1,3,1,5,3,0,2,42
10.760736,13,13,17,6,2,1,3,6,1,2,3,6,0,4,2,5,3,1,1,5,3,0,2,5,0,2,3,5,1,3,1,5,3,0,2,43
11.006205,13,14,17,6,2,1,3,6,1,2,3,6,0,4,2,6,3,2,1,5,3,0,2,5,0,2,3,5,1,3,1,5,3,0,2,44
11.31424,13,14,18,6,2,1,3,6,1,2,3,6,0,4,2,6,3,2,1,6,3,0,3,5,0,2,3,5,1,3,1,5,3,0,2,45
12.056107,14,14,18,6,2,1,3,6,1,2,3,6,0,4,2,6,3,2,1,6,3,0,3,6,1,2,3,5,1,3,1,5,3,0,2,46
12.494798,14,13,18,6,2,1,3,5,1,1,3,6,0,4,2,6,3,2,1,6,3,0,3,6,1,2,3,5,1,3,1,5,3,0,2,45
13.030056,15,13,18,6,2,1,3,5,1,1,3,6,0,4,2,6,3,2,1,6,3,0,3,6,1,2,3,6,2,3,1,5,3,0,2,46
13.057441,16,13,18,6,2,1,3,5,1,1,3,6,0,4,2,6,3,2,1,6,3,0,3,6,1,2,3,6,2,3,1,6,4,0,2,47
13.09857,17,13,18,7,3,1,3,5,1,1,3,6,0,4,2,6,3,2,1,6,3,0,3,6,1,2,3,6,2,3,1,6,4,0,2,48
13.123138,17,14,18,7,3,1,3,6,1,2,3,6,0,4,2,6,3,2,1,6,3,0,3,6,1,2,3,6,2,3,1,6,4,0,2,49
13.196528,17,15,18,7,3,1,3,6,1,2,3,7,0,5,2,6,3,2,1,6,3,0,3,6,1,2,3,6,2,3,1,6,4,0,2,50
13.258368,18,15,18,7,3,1,3,6,1,2,3,7,0,5,2,7,4,2,1,6,3,0,3,6,1,2,3,6,2,3,1,6,4,0,2,51
13.263091,18,15,19,7,3,1,3,6,1,2,3,7,0,5,2,7,4,2,1,7,3,0,4,6,1,2,3,6,2,3,1,6,4,0,2,52
13.326856,18,15,20,7,3,1,3,6,1,2,3,7,0,5,2,7,4,2,1,7,3,0,4,7,1,2,4,6,2,3,1,6,4,0,2,53
13.999537,19,15,20,7,3,1,3,6,1,2,3,7,0,5,2,7,4,2,1,7,3,0,4,7,1,2,4,7,3,3,1,6,4,0,2,54
14.08594,19,16,20,7,3,1,3,6,1,2,3,7,0,5,2,7,4,2,1,7,3,0,4,7,1,2,4,7,3,3,1,7,4,1,2,55
14.74045,19,16,19,7,3,1,3,6,1,2,3,7,0,5,2,7,4,2,1,7,3,0,4,7,1,2,4,7,3,3,1,6,4,1,1,54
14.803766,19,16,20,8,3,1,4,6,1,2,3,7,0,5,2,7,4,2,1,7,3,0,4,7,1,2,4,7,3,3,1,6,4,1,1,55
14.821197,20,16,20,8,3,1,4,7,2,2,3,7,0,5,2,7,4,2,1,7,3,0,4,7,1,2,4,7,3,3,1,6,4,1,1,56
15.661757,21,16,20,8,3,1,4,7,2,2,3,8,1,5,2,7,4,2,1,7,3,0,4,7,1,2,4,7,3,3,1,6,4,1,1,57
15.855593,21,17,20,8,3,1,4,7,2,2,3,8,1,5,2,8,4,3,1,7,3,0,4,7,1,2,4,7,3,3,1,6,4,1,1,58
15.871388,21,18,20,8,3,1,4,7,2,2,3,8,1,5,2,8,4,3,1,8,3,1,4,7,1,2,4,7,3,3,1,6,4,1,1,59
15.916857,21,18,21,8,3,1,4,7,2,2,3,8,1,5,2,8,4,3,1,8,3,1,4,8,1,2,5,7,3,3,1,6,4,1,1,60
16.102021,21,17,21,8,3,1,4,7,2,2,3,7,1,4,2,8,4,3,1,8,3,1,4,8,1,2,5,7,3,3,1,6,4,1,1,59
16.145568,22,17,21,8,3,1,4,7,2,2,3,7,1,4,2,8,4,3,1,8,3,1,4,8,1,2,5,8,4,3,1,6,4,1,1,60
16.188526,22,18,21,8,3,1,4,7,2,2,3,7,1,4,2,8,4,3,1,8,3,1,4,8,1,2,5,8,4,3,1,7,4,2,1,61
16.240308,23,18,21,9,4,1,4,7,2,2,3,7,1,4,2,8,4,3,1,8,3,1,4,8,1,2,5,8,4,3,1,7,4,2,1,62
16.380478,24,18,21,9,4,1,4,8,3,2,3,7,1,4,2,8,4,3,1,8,3,1,4,8,1,2,5,8,4,3,1,7,4,2,1,63
16.857413,23,18,21,9,4,1,4,8,3,2,3,7,1,4,2,8,4,3,1,7,2,1,4,8,1,2,5,8,4,3,1,7,4,2,1,62
17.267031,23,18,22,9,4,1,4,8,3,2,3,8,1,4,3,8,4,3,1,7,2,1,4,8,1,2,5,8,4,3,1,7,4,2,1,63
17.305591,23,18,23,9,4,1,4,8,3,2,3,8,1,4,3,9,4,3,2,7,2,1,4,8,1,2,5,8,4,3,1,7,4,2,1,64
17.311513,23,19,23,9,4,1,4,8,3,2,3,8,1,4,3,9,4,3,2,8,2,2,4,8,1,2,5,8,4,3,1,7,4,2,1,65
17.793852,24,19,23,9,4,1,4,8,3,2,3,8,1,4,3,9,4,3,2,8,2,2,4,9,2,2,5,8,4,3,1,7,4,2,1,66
18.335794,23,19,23,9,4,1,4,8,3,2,3,8,1,4,3,9,4,3,2,8,2,2,4,9,2,2,5,7,3,3,1,7,4,2,1,65
18.382462,23,18,23,9,4,1,4,8,3,2,3,7,1,3,3,9,4,3,2,8,2,2,4,9,2,2,5,7,3,3,1,7,4,2,1,64
18.398089,24,18,23,9,4,1,4,8,3,2,3,7,1,3,3,9,4,3,2,8,2,2,4,9,2,2,5,8,4,3,1,7,4,2,1,65
18.998204,24,17,23,8,4,0,4,8,3,2,3,7,1,3,3,9,4,3,2,8,2,2,4,9,2,2,5,8,4,3,1,7,4,2,1,64
19.031597,25,17,23,8,4,0,4,8,3,2,3,7,1,3,3,9,4,3,2,8,2,2,4,9,2,2,5,8,4,3,1,8,5,2,1,65
19.107966,25,17,24,9,4,0,5,8,3,2,3,7,1,3,3,9,4,3,2,8,2,2,4,9,2,2,5,8,4,3,1,8,5,2,1,66
19.151375,25,17,25,9,4,0,5,9,3,2,4,7,1,3,3,9,4,3,2,8,2,2,4,9,2,2,5,8,4,3,1,8,5,2,1,67
19.36767,26,17,25,9,4,0,5,9,3,2,4,8,2,3,3,9,4,3,2,8,2,2,4,9,2,2,5,8,4,3,1,8,5,2,1,68
20.069196,26,16,25,9,4,0,5,9,3,2,4,8,2,3,3,9,4,3,2,8,2,2,4,9,2,2,5,7,4,2,1,8,5,2,1,67
20.18413,26,16,24,8,4,0,4,9,3,2,4,8,2,3,3,9,4,3,2,8,2,2,4,9,2,2,5,7,4,2,1,8,5,2,1,66
20.197763,25,16,24,8,4,0,4,9,3,2,4,8,2,3,3,9,4,3,2,8,2,2,4,9,2,2,5,7,4,2,1,7,4,2,1,65
20.315991,25,16,25,8,4,0,4,9,3,2,4,8,2,3,3,10,4,3,3,8,2,2,4,9,2,2,5,7,4,2,1,7,4,2,1,66
20.439259,25,16,26,8,4,0,4,9,3,2,4,8,2,3,3,10,4,3,3,9,2,2,5,9,2,2,5,7,4,2,1,7,4,2,1,67
20.768981,25,16,25,7,4,0,3,9,3,2,4,8,2,3,3,10,4,3,3,9,2,2,5,9,2,2,5,7,4,2,1,7,4,2,1,66
20.814204,24,16,25,7,4,0,3,9,3,2,4,8,2,3,3,10,4,3,3,8,1,2,5,9,2,2,5,7,4,2,1,7,4,2,1,65
20.945801,24,15,25,7,4,0,3,9,3,2,4,8,2,3,3,10,4,3,3,8,1,2,5,9,2,2,5,6,4,1,1,7,4,2,1,64
21.098316,24,15,26,7,4,0,3,9,3,2,4,8,2,3,3,10,4,3,3,8,1,2,5,10,2,2,6,6,4,1,1,7,4,2,1,65
21.334981,25,15,26,7,4,0,3,9,3,2,4,8,2,3,3,10,4,3,3,8,1,2,5,10,2,2,6,7,5,1,1,7,4,2,1,66
21.578263,26,15,26,7,4,0,3,9,3,2,4,8,2,3,3,10,4,3,3,8,1,2,5,10,2,2,6,7,5,1,1,8,5,2,1,67
21.763981,26,14,26,7,4,0,3,9,3,2,4,7,2,2,3,10,4,3,3,8,1,2,5,10,2,2,6,7,5,1,1,8,5,2,1,66
21.981698,26,14,27,8,4,0,4,9,3,2,4,7,2,2,3,10,4,3,3,8,1,2,5,10,2,2,6,7,5,1,1,8,5,2,1,67
22.493257,27,14,27,8,4,0,4,10,4,2,4,7,2,2,3,10,4,3,3,8,1,2,5,10,2,2,6,7,5,1,1,8,5,2,1,68
22.638588,27,15,27,8,4,0,4,10,4,2,4,8,2,3,3,10,4,3,3,8,1,2,5,10,2,2,6,7,5,1,1,8,5,2,1,69
22.717535,27,14,27,8,4,0,4,10,4,2,4,8,2,3,3,9,4,2,3,8,1,2,5,10,2,2,6,7,5,1,1,8,5,2,1,68
22.875762,28,14,27,8,4,0,4,10,4,2,4,8,2,3,3,10,5,2,3,8,1,2,5,10,2,2,6,7,5,1,1,8,5,2,1,69
22.884702,27,14,27,8,4,0,4,9,3,2,4,8,2,3,3,10,5,2,3,8,1,2,5,10,2,2,6,7,5,1,1,8,5,2,1,68
23.287293,26,14,27,8,4,0,4,9,3,2,4,8,2,3,3,9,4,2,3,8,1,2,5,10,2,2,6,7,5,1,1,8,5,2,1,67
23.357371,27,14,27,8,4,0,4,9,3,2,4,8,2,3,3,9,4,2,3,9,2,2,5,10,2,2,6,7,5,1,1,8,5,2,1,68
23.604813,26,14,27,8,4,0,4,9,3,2,4,8,2,3,3,9,4,2,3,9,2,2,5,10,2,2,6,7,5,1,1,7,4,2,1,67
23.712471,26,14,26,8,4,0,4,9,3,2,4,8,2,3,3,9,4,2,3,9,2,2,5,9,2,2,5,7,5,1,1,7,4,2,1,66
23.957916,26,14,27,8,4,0,4,9,3,2,4,8,2,3,3,9,4,2,3,9,2,2,5,10,2,2,6,7,5,1,1,7,4,2,1,67
24.222755,26,15,27,8,4,0,4,9,3,2,4,8,2,3,3,9,4,2,3,9,2,2,5,10,2,2,6,8,5,2,1,7,4,2,1,68
24.371459,26,16,27,8,4,0,4,9,3,2,4,8,2,3,3,9,4,2,3,9,2,2,5,10,2,2,6,8,5,2,1,8,4,3,1,69
24.561002,25,16,27,8,4,0,4,9,3,2,4,8,2,3,3,8,3,2,3,9,2,2,5,10,2,2,6,8,5,2,1,8,4,3,1,68
25.024491,25,17,27,9,4,1,4,9,3,2,4,8,2,3,3,8,3,2,3,9,2,2,5,10,2,2,6,8,5,2,1,8,4,3,1,69
25.298257,25,17,26,9,4,1,4,9,3,2,4,8,2,3,3,8,3,2,3,8,2,2,4,10,2,2,6,8,5,2,1,8,4,3,1,68
25.623193,25,17,25,9,4,1,4,9,3,2,4,8,2,3,3,8,3,2,3,8,2,2,4,9,2,2,5,8,5,2,1,8,4,3,1,67
25.63853,25,17,24,9,4,1,4,9,3,2,4,8,2,3,3,8,3,2,3,8,2,2,4,8,2,2,4,8,5,2,1,8,4,3,1,66
25.725187,25,16,24,9,4,1,4,8,3,1,4,8,2,3,3,8,3,2,3,8,2,2,4,8,2,2,4,8,5,2,1,8,4,3,1,65
25.732581,26,16,24,9,4,1,4,9,4,1,4,8,2,3,3,8,3,2,3,8,2,2,4,8,2,2,4,8,5,2,1,8,4,3,1,66
26.128566,26,16,23,9,4,1,4,8,4,1,3,8,2,3,3,8,3,2,3,8,2,2,4,8,2,2,4,8,5,2,1,8,4,3,1,65
26.350642,26,16,24,9,4,1,4,8,4,1,3,9,2,3,4,8,3,2,3,8,2,2,4,8,2,2,4,8,5,2,1,8,4,3,1,66
26.44696,26,17,24,9,4,1,4,8,4,1,3,9,2,3,4,9,3,3,3,8,2,2,4,8,2,2,4,8,5,2,1,8,4,3,1,67
26.722061,26,16,24,9,4,1,4,8,4,1,3,9,2,3,4,8,3,2,3,8,2,2,4,8,2,2,4,8,5,2,1,8,4,3,1,66
26.884677,27,16,24,9,4,1,4,8,4,1,3,9,2,3,4,8,3,2,3,9,3,2,4,8,2,2,4,8,5,2,1,8,4,3,1,67
26.928158,27,15,24,9,4,1,4,8,4,1,3,9,2,3,4,8,3,2,3,9,3,2,4,7,2,1,4,8,5,2,1,8,4,3,1,66
27.142225,27,16,24,9,4,1,4,8,4,1,3,9,2,3,4,8,3,2,3,9,3,2,4,8,2,2,4,8,5,2,1,8,4,3,1,67
27.237163,26,16,24,9,4,1,4,8,4,1,3,9,2,3,4,8,3,2,3,8,2,2,4,8,2,2,4,8,5,2,1,8,4,3,1,66
27.404448,26,17,24,9,4,1,4,8,4,1,3,9,2,3,4,8,3,2,3,8,2,2,4,8,2,2,4,9,5,3,1,8,4,3,1,67
27.56588,26,17,23,9,4,1,4,8,4,1,3,8,2,3,3,8,3,2,3,8,2,2,4,8,2,2,4,9,5,3,1,8,4,3,1,66
28.182503,26,16,23,9,4,1,4,7,4,0,3,8,2,3,3,8,3,2,3,8,2,2,4,8,2,2,4,9,5,3,1,8,4,3,1,65
28.196464,26,15,23,9,4,1,4,7,4,0,3,7,2,2,3,8,3,2,3,8,2,2,4,8,2,2,4,9,5,3,1,8,4,3,1,64
28.360688,26,16,23,9,4,1,4,7,4,0,3,7,2,2,3,8,3,2,3,8,2,2,4,8,2,2,4,9,5,3,1,9,4,4,1,65
28.370228,26,15,23,9,4,1,4,7,4,0,3,7,2,2,3,8,3,2,3,7,2,1,4,8,2,2,4,9,5,3,1,9,4,4,1,64
28.395659,25,15,23,9,4,1,4,7,4,0,3,7,2,2,3,8,3,2,3,7,2,1,4,8,2,2,4,9,5,3,1,8,3,4,1,63
28.473869,25,15,22,9,4,1,4,7,4,0,3,7,2,2,3,7,3,2,2,7,2,1,4,8,2,2,4,9,5,3,1,8,3,4,1,62
28.609101,25,15,21,9,4,1,4,7,4,0,3,7,2,2,3,7,3,2,2,7,2,1,4,8,2,2,4,8,5,3,0,8,3,4,1,61
28.856643,25,16,21,10,4,2,4,7,4,0,3,7,2,2,3,7,3,2,2,7,2,1,4,8,2,2,4,8,5,3,0,8,3,4,1,62
28.857142,24,16,21,10,4,2,4,7,4,0,3,7,2,2,3,6,2,2,2,7,2,1,4,8,2,2,4,8,5,3,0,8,3,4,1,61
28.972504,25,16,21,10,4,2,4,8,5,0,3,7,2,2,3,6,2,2,2,7,2,1,4,8,2,2,4,8,5,3,0,8,3,4,1,62
29.151883,25,16,20,10,4,2,4,7,5,0,2,7,2,2,3,6,2,2,2,7,2,1,4,8,2,2,4,8,5,3,0,8,3,4,1,61
29.167115,25,16,21,10,4,2,4,7,5,0,2,8,2,2,4,6,2,2,2,7,2,1,4,8,2,2,4,8,5,3,0,8,3,4,1,62
29.407159,25,16,20,10,4,2,4,6,5,0,1,8,2,2,4,6,2,2,2,7,2,1,4,8,2,2,4,8,5,3,0,8,3,4,1,61
29.423755,25,17,20,10,4,2,4,6,5,0,1,8,2,2,4,7,2,3,2,7,2,1,4,8,2,2,4,8,5,3,0,8,3,4,1,62
29.522326,24,17,20,9,3,2,4,6,5,0,1,8,2,2,4,7,2,3,2,7,2,1,4,8,2,2,4,8,5,3,0,8,3,4,1,61
29.532417,24,17,21,9,3,2,4,6,5,0,1,8,2,2,4,7,2,3,2,8,2,1,5,8,2,2,4,8,5,3,0,8,3,4,1,62
29.741039,25,17,21,9,3,2,4,6,5,0,1,8,2,2,4,7,2,3,2,8,2,1,5,9,3,2,4,8,5,3,0,8,3,4,1,63
29.826918,25,17,20,8,3,2,3,6,5,0,1,8,2,2,4,7,2,3,2,8,2,1,5,9,3,2,4,8,5,3,0,8,3,4,1,62
29.897984,25,17,19,8,3,2,3,6,5,0,1,8,2,2,4,6,2,3,1,8,2,1,5,9,3,2,4,8,5,3,0,8,3,4,1,61
30.108499,25,18,19,8,3,2,3,6,5,0,1,8,2,2,4,6,2,3,1,8,2,1,5,9,3,2,4,9,5,4,0,8,3,4,1,62
30.132058,26,18,19,8,3,2,3,6,5,0,1,8,2,2,4,6,2,3,1,8,2,1,5,9,3,2,4,9,5,4,0,9,4,4,1,63
30.178045,26,18,18,8,3,2,3,6,5,0,1,8,2,2,4,6,2,3,1,7,2,1,4,9,3,2,4,9,5,4,0,9,4,4,1,62
30.182541,26,19,18,9,3,3,3,6,5,0,1,8,2,2,4,6,2,3,1,7,2,1,4,9,3,2,4,9,5,4,0,9,4,4,1,63
30.957888,26,20,18,9,3,3,3,7,5,1,1,8,2,2,4,6,2,3,1,7,2,1,4,9,3,2,4,9,5,4,0,9,4,4,1,64
31.000092,27,20,18,9,3,3,3,7,5,1,1,9,3,2,4,6,2,3,1,7,2,1,4,9,3,2,4,9,5,4,0,9,4,4,1,65
31.214233,27,20,17,9,3,3,3,7,5,1,1,9,3,2,4,6,2,3,1,6,2,1,3,9,3,2,4,9,5,4,0,9,4,4,1,64
31.23176,27,20,16,9,3,3,3,7,5,1,1,9,3,2,4,6,2,3,1,5,2,1,2,9,3,2,4,9,5,4,0,9,4,4,1,63
31.319613,28,20,16,9,3,3,3,7,5,1,1,9,3,2,4,7,3,3,1,5,2,1,2,9,3,2,4,9,5,4,0,9,4,4,1,64
31.699528,28,20,17,9,3,3,3,7,5,1,1,9,3,2,4,7,3,3,1,6,2,1,3,9,3,2,4,9,5,4,0,9,4,4,1,65
31.801757,28,20,18,9,3,3,3,7,5,1,1,9,3,2,4,7,3,3,1,6,2,1,3,10,3,2,5,9,5,4,0,9,4,4,1,66
32.126299,28,20,19,9,3,3,3,7,5,1,1,9,3,2,4,7,3,3,1,6,2,1,3,10,3,2,5,10,5,4,1,9,4,4,1,67
32.276945,29,20,19,9,3,3,3,7,5,1,1,9,3,2,4,7,3,3,1,6,2,1,3,10,3,2,5,10,5,4,1,10,5,4,1,68
32.322128,30,20,19,10,4,3,3,7,5,1,1,9,3,2,4,7,3,3,1,6,2,1,3,10,3,2,5,10,5,4,1,10,5,4,1,69
32.469266,29,20,19,10,4,3,3,7,5,1,1,9,3,2,4,7,3,3,1,6,2,1,3,10,3,2,5,9,4,4,1,10,5,4,1,68
32.625982,30,20,19,10,4,3,3,8,6,1,1,9,3,2,4,7,3,3,1,6,2,1,3,10,3,2,5,9,4,4,1,10,5,4,1,69
32.706531,31,20,19,10,4,3,3,8,6,1,1,10,4,2,4,7,3,3,1,6,2,1,3,10,3,2,5,9,4,4,1,10,5,4,1,70
32.859577,30,20,19,9,3,3,3,8,6,1,1,10,4,2,4,7,3,3,1,6,2,1,3,10,3,2,5,9,4,4,1,10,5,4,1,69
33.061145,31,20,19,9,3,3,3,8,6,1,1,10,4,2,4,8,4,3,1,6,2,1,3,10,3,2,5,9,4,4,1,10,5,4,1,70
33.188679,31,19,19,9,3,3,3,8,6,1,1,10,4,2,4,7,4,2,1,6,2,1,3,10,3,2,5,9,4,4,1,10,5,4,1,69
33.211754,30,19,19,9,3,3,3,8,6,1,1,10,4,2,4,6,3,2,1,6,2,1,3,10,3,2,5,9,4,4,1,10,5,4,1,68
33.310915,30,20,19,9,3,3,3,8,6,1,1,10,4,2,4,6,3,2,1,7,2,2,3,10,3,2,5,9,4,4,1,10,5,4,1,69
33.322581,29,20,19,9,3,3,3,8,6,1,1,9,3,2,4,6,3,2,1,7,2,2,3,10,3,2,5,9,4,4,1,10,5,4,1,68
33.355532,29,20,20,9,3,3,3,8,6,1,1,9,3,2,4,6,3,2,1,7,2,2,3,11,3,2,6,9,4,4,1,10,5,4,1,69
33.442294,28,20,20,9,3,3,3,8,6,1,1,9,3,2,4,6,3,2,1,7,2,2,3,11,3,2,6,8,3,4,1,10,5,4,1,68
33.83391,27,20,20,9,3,3,3,8,6,1,1,9,3,2,4,5,2,2,1,7,2,2,3,11,3,2,6,8,3,4,1,10,5,4,1,67
34.243803,27,21,20,9,3,3,3,8,6,1,1,9,3,2,4,5,2,2,1,7,2,2,3,11,3,2,6,9,3,5,1,10,5,4,1,68
34.247168,28,21,20,9,3,3,3,8,6,1,1,9,3,2,4,5,2,2,1,7,2,2,3,11,3,2,6,9,3,5,1,11,6,4,1,69
34.42782,28,21,21,10,3,3,4,8,6,1,1,9,3,2,4,5,2,2,1,7,2,2,3,11,3,2,6,9,3,5,1,11,6,4,1,70
34.460638,28,21,20,10,3,3,4,8,6,1,1,9,3,2,4,5,2,2,1,7,2,2,3,11,3,2,6,9,3,5,1,10,6,4,0,69
34.822208,28,22,20,10,3,3,4,9,6,2,1,9,3,2,4,5,2,2,1,7,2,2,3,11,3,2,6,9,3,5,1,10,6,4,0,70
34.851933,29,22,20,10,3,3,4,9,6,2,1,10,4,2,4,5,2,2,1,7,2,2,3,11,3,2,6,9,3,5,1,10,6,4,0,71
35.039271,29,21,20,10,3,3,4,9,6,2,1,10,4,2,4,5,2,2,1,7,2,2,3,11,3,2,6,9,3,5,1,9,6,3,0,70
35.045911,29,20,20,10,3,3,4,9,6,2,1,10,4,2,4,5,2,2,1,7,2,2,3,10,3,1,6,9,3,5,1,9,6,3,0,69
35.627237,29,19,20,10,3,3,4,9,6,2,1,9,4,1,4,5,2,2,1,7,2,2,3,10,3,1,6,9,3,5,1,9,6,3,0,68
35.962144,29,19,21,10,3,3,4,9,6,2,1,9,4,1,4,6,2,2,2,7,2,2,3,10,3,1,6,9,3,5,1,9,6,3,0,69
35.966664,29,20,21,10,3,3,4,9,6,2,1,9,4,1,4,6,2,2,2,8,2,3,3,10,3,1,6,9,3,5,1,9,6,3,0,70
36.018765,29,20,20,10,3,3,4,9,6,2,1,9,4,1,4,6,2,2,2,8,2,3,3,9,3,1,5,9,3,5,1,9,6,3,0,69
36.023931,29,20,19,10,3,3,4,9,6,2,1,9,4,1,4,6,2,2,2,7,2,3,2,9,3,1,5,9,3,5,1,9,6,3,0,68
36.589509,30,20,19,10,3,3,4,9,6,2,1,9,4,1,4,6,2,2,2,7,2,3,2,10,4,1,5,9,3,5,1,9,6,3,0,69
36.655597,30,21,19,10,3,3,4,9,6,2,1,9,4,1,4,6,2,2,2,7,2,3,2,10,4,1,5,10,3,6,1,9,6,3,0,70
37.019768,30,22,19,10,3,3,4,9,6,2,1,9,4,1,4,6,2,2,2,7,2,3,2,10,4,1,5,10,3,6,1,10,6,4,0,71
37.218978,30,23,19,11,3,4,4,9,6,2,1,9,4,1,4,6,2,2,2,7,2,3,2,10,4,1,5,10,3,6,1,10,6,4,0,72
37.432544,30,22,19,11,3,4,4,9,6,2,1,9,4,1,4,6,2,2,2,7,2,3,2,10,4,1,5,9,3,5,1,10,6,4,0,71
37.44352,31,22,19,11,3,4,4,10,7,2,1,9,4,1,4,6,2,2,2,7,2,3,2,10,4,1,5,9,3,5,1,10,6,4,0,72
37.44419,31,22,18,10,3,4,3,10,7,2,1,9,4,1,4,6,2,2,2,7,2,3,2,10,4,1,5,9,3,5,1,10,6,4,0,71
37.66531,31,22,17,9,3,4,2,10,7,2,1,9,4,1,4,6,2,2,2,7,2,3,2,10,4,1,5,9,3,5,1,10,6,4,0,70
37.985735,31,23,17,9,3,4,2,10,7,2,1,10,4,2,4,6,2,2,2,7,2,3,2,10,4,1,5,9,3,5,1,10,6,4,0,71
38.118113,31,23,16,9,3,4,2,10,7,2,1,10,4,2,4,5,2,2,1,7,2,3,2,10,4,1,5,9,3,5,1,10,6,4,0,70
38.144238,30,23,16,9,3,4,2,10,7,2,1,10,4,2,4,5,2,2,1,7,2,3,2,9,3,1,5,9,3,5,1,10,6,4,0,69
38.271881,31,23,16,9,3,4,2,10,7,2,1,10,4,2,4,6,3,2,1,7,2,3,2,9,3,1,5,9,3,5,1,10,6,4,0,70
38.333268,31,23,15,9,3,4,2,10,7,2,1,9,4,2,3,6,3,2,1,7,2,3,2,9,3,1,5,9,3,5,1,10,6,4,0,69
38.402883,30,23,15,8,2,4,2,10,7,2,1,9,4,2,3,6,3,2,1,7,2,3,2,9,3,1,5,9,3,5,1,10,6,4,0,68
38.832416,30,24,15,8,2,4,2,10,7,2,1,9,4,2,3,6,3,2,1,8,2,4,2,9,3,1,5,9,3,5,1,10,6,4,0,69
38.96563,31,24,15,8,2,4,2,10,7,2,1,9,4,2,3,6,3,2,1,8,2,4,2,10,4,1,5,9,3,5,1,10,6,4,0,70
39.296736,31,25,15,8,2,4,2,10,7,2,1,9,4,2,3,6,3,2,1,8,2,4,2,10,4,1,5,10,3,6,1,10,6,4,0,71
39.37536,30,25,15,8,2,4,2,10,7,2,1,9,4,2,3,6,3,2,1,8,2,4,2,10,4,1,5,9,2,6,1,10,6,4,0,70
39.45981,30,24,15,8,2,4,2,10,7,2,1,9,4,2,3,6,3,2,1,8,2,4,2,9,4,0,5,9,2,6,1,10,6,4,0,69
39.555114,29,24,15,8,2,4,2,10,7,2,1,9,4,2,3,6,3,2,1,8,2,4,2,9,4,0,5,9,2,6,1,9,5,4,0,68
39.639662,29,25,15,8,2,4,2,10,7,2,1,9,4,2,3,6,3,2,1,8,2,4,2,9,4,0,5,9,2,6,1,10,5,5,0,69
39.984559,29,25,14,8,2,4,2,10,7,2,1,8,4,2,2,6,3,2,1,8,2,4,2,9,4,0,5,9,2,6,1,10,5,5,0,68
40.046523,29,25,13,7,2,4,1,10,7,2,1,8,4,2,2,6,3,2,1,8,2,4,2,9,4,0,5,9,2,6,1,10,5,5,0,67
40.071738,29,24,13,6,2,3,1,10,7,2,1,8,4,2,2,6,3,2,1,8,2,4,2,9,4,0,5,9,2,6,1,10,5,5,0,66
40.127376,28,24,13,6,2,3,1,9,6,2,1,8,4,2,2,6,3,2,1,8,2,4,2,9,4,0,5,9,2,6,1,10,5,5,0,65
40.197426,28,24,14,7,2,3,2,9,6,2,1,8,4,2,2,6,3,2,1,8,2,4,2,9,4,0,5,9,2,6,1,10,5,5,0,66
40.641885,28,25,14,7,2,3,2,10,6,3,1,8,4,2,2,6,3,2,1,8,2,4,2,9,4,0,5,9,2,6,1,10,5,5,0,67
40.690815,29,25,14,7,2,3,2,10,6,3,1,9,5,2,2,6,3,2,1,8,2,4,2,9,4,0,5,9,2,6,1,10,5,5,0,68
40.781308,29,24,14,7,2,3,2,10,6,3,1,9,5,2,2,6,3,2,1,7,2,3,2,9,4,0,5,9,2,6,1,10,5,5,0,67
40.795682,29,25,14,7,2,3,2,10,6,3,1,9,5,2,2,7,3,3,1,7,2,3,2,9,4,0,5,9,2,6,1,10,5,5,0,68
40.84228,28,25,14,7,2,3,2,10,6,3,1,8,4,2,2,7,3,3,1,7,2,3,2,9,4,0,5,9,2,6,1,10,5,5,0,67
41.082747,28,24,14,7,2,3,2,10,6,3,1,8,4,2,2,7,3,3,1,7,2,3,2,9,4,0,5,9,2,6,1,9,5,4,0,66
41.478543,27,24,14,7,2,3,2,10,6,3,1,8,4,2,2,7,3,3,1,7,2,3,2,9,4,0,5,8,1,6,1,9,5,4,0,65
41.505993,26,24,14,7,2,3,2,10,6,3,1,8,4,2,2,7,3,3,1,6,1,3,2,9,4,0,5,8,1,6,1,9,5,4,0,64
41.641194,26,24,13,7,2,3,2,10,6,3,1,8,4,2,2,7,3,3,1,6,1,3,2,8,4,0,4,8,1,6,1,9,5,4,0,63
41.672016,26,24,14,7,2,3,2,10,6,3,1,8,4,2,2,7,3,3,1,7,1,3,3,8,4,0,4,8,1,6,1,9,5,4,0,64
41.719518,26,24,15,7,2,3,2,10,6,3,1,8,4,2,2,7,3,3,1,7,1,3,3,9,4,0,5,8,1,6,1,9,5,4,0,65
41.872349,26,24,16,7,2,3,2,10,6,3,1,8,4,2,2,7,3,3,1,7,1,3,3,9,4,0,5,9,1,6,2,9,5,4,0,66
42.299399,27,24,16,7,2,3,2,10,6,3,1,8,4,2,2,7,3,3,1,7,1,3,3,9,4,0,5,9,1,6,2,10,6,4,0,67
42.476766,27,24,15,7,2,3,2,10,6,3,1,8,4,2,2,7,3,3,1,6,1,3,2,9,4,0,5,9,1,6,2,10,6,4,0,66
42.710993,27,24,14,7,2,3,2,10,6,3,1,7,4,2,1,7,3,3,1,6,1,3,2,9,4,0,5,9,1,6,2,10,6,4,0,65
42.735598,27,25,14,8,2,4,2,10,6,3,1,7,4,2,1,7,3,3,1,6,1,3,2,9,4,0,5,9,1,6,2,10,6,4,0,66
42.799765,27,25,15,8,2,4,2,11,6,3,2,7,4,2,1,7,3,3,1,6,1,3,2,9,4,0,5,9,1,6,2,10,6,4,0,67
42.810149,26,25,15,7,1,4,2,11,6,3,2,7,4,2,1,7,3,3,1,6,1,3,2,9,4,0,5,9,1,6,2,10,6,4,0,66
42.814038,25,25,15,7,1,4,2,10,5,3,2,7,4,2,1,7,3,3,1,6,1,3,2,9,4,0,5,9,1,6,2,10,6,4,0,65
43.05122,25,25,14,7,1,4,2,9,5,3,1,7,4,2,1,7,3,3,1,6,1,3,2,9,4,0,5,9,1,6,2,10,6,4,0,64
43.545827,25,24,14,7,1,4,2,9,5,3,1,6,4,1,1,7,3,3,1,6,1,3,2,9,4,0,5,9,1,6,2,10,6,4,0,63
44.347062,25,23,14,7,1,4,2,9,5,3,1,6,4,1,1,7,3,3,1,6,1,3,2,9,4,0,5,9,1,6,2,9,6,3,0,62
44.409215,24,23,14,7,1,4,2,8,4,3,1,6,4,1,1,7,3,3,1,6,1,3,2,9,4,0,5,9,1,6,2,9,6,3,0,61
44.596288,25,23,14,7,1,4,2,8,4,3,1,7,5,1,1,7,3,3,1,6,1,3,2,9,4,0,5,9,1,6,2,9,6,3,0,62
44.721888,24,23,14,7,1,4,2,7,3,3,1,7,5,1,1,7,3,3,1,6,1,3,2,9,4,0,5,9,1,6,2,9,6,3,0,61
44.753799,23,23,14,7,1,4,2,7,3,3,1,7,5,1,1,7,3,3,1,6,1,3,2,9,4,0,5,9,1,6,2,8,5,3,0,60
44.888548,22,23,14,7,1,4,2,7,3,3,1,7,5,1,1,7,3,3,1,6,1,3,2,9,4,0,5,9,1,6,2,7,4,3,0,59
44.969209,23,23,14,7,1,4,2,7,3,3,1,7,5,1,1,8,4,3,1,6,1,3,2,9,4,0,5,9,1,6,2,7,4,3,0,60
45.631092,22,23,14,7,1,4,2,6,2,3,1,7,5,1,1,8,4,3,1,6,1,3,2,9,4,0,5,9,1,6,2,7,4,3,0,59
45.85499,22,23,15,7,1,4,2,6,2,3,1,7,5,1,1,8,4,3,1,7,1,3,3,9,4,0,5,9,1,6,2,7,4,3,0,60
45.860139,22,24,15,7,1,4,2,6,2,3,1,7,5,1,1,8,4,3,1,7,1,3,3,10,4,1,5,9,1,6,2,7,4,3,0,61
45.914057,22,23,15,6,1,3,2,6,2,3,1,7,5,1,1,8,4,3,1,7,1,3,3,10,4,1,5,9,1,6,2,7,4,3,0,60
45.945725,22,24,15,6,1,3,2,6,2,3,1,7,5,1,1,8,4,3,1,7,1,3,3,10,4,1,5,10,1,7,2,7,4,3,0,61
46.083564,22,24,16,6,1,3,2,6,2,3,1,7,5,1,1,8,4,3,1,7,1,3,3,10,4,1,5,10,1,7,2,8,4,3,1,62
46.129391,23,24,16,7,2,3,2,6,2,3,1,7,5,1,1,8,4,3,1,7,1,3,3,10,4,1,5,10,1,7,2,8,4,3,1,63
46.396857,23,24,17,7,2,3,2,7,2,3,2,7,5,1,1,8,4,3,1,7,1,3,3,10,4,1,5,10,1,7,2,8,4,3,1,64
46.508754,24,24,17,7,2,3,2,7,2,3,2,8,6,1,1,8,4,3,1,7,1,3,3,10,4,1,5,10,1,7,2,8,4,3,1,65
46.578149,25,24,17,7,2,3,2,7,2,3,2,8,6,1,1,9,5,3,1,7,1,3,3,10,4,1,5,10,1,7,2,8,4,3,1,66
46.722594,25,25,17,7,2,3,2,7,2,3,2,8,6,1,1,9,5,3,1,8,1,4,3,10,4,1,5,10,1,7,2,8,4,3,1,67
46.780235,24,25,17,7,2,3,2,7,2,3,2,8,6,1,1,9,5,3,1,8,1,4,3,9,3,1,5,10,1,7,2,8,4,3,1,66
46.826648,25,25,17,7,2,3,2,7,2,3,2,8,6,1,1,9,5,3,1,8,1,4,3,10,4,1,5,10,1,7,2,8,4,3,1,67
46.946459,25,25,18,7,2,3,2,7,2,3,2,8,6,1,1,9,5,3,1,8,1,4,3,10,4,1,5,11,1,7,3,8,4,3,1,68
47.211147,24,25,18,7,2,3,2,7,2,3,2,8,6,1,1,9,5,3,1,8,1,4,3,10,4,1,5,11,1,7,3,7,3,3,1,67
47.84014,25,25,18,7,2,3,2,7,2,3,2,8,6,1,1,9,5,3,1,8,1,4,3,10,4,1,5,11,1,7,3,8,4,3,1,68
48.01677,25,25,17,7,2,3,2,7,2,3,2,8,6,1,1,9,5,3,1,8,1,4,3,9,4,1,4,11,1,7,3,8,4,3,1,67
48.206663,25,26,17,8,2,4,2,7,2,3,2,8,6,1,1,9,5,3,1,8,1,4,3,9,4,1,4,11,1,7,3,8,4,3,1,68
48.30203,24,26,17,8,2,4,2,7,2,3,2,8,6,1,1,9,5,3,1,8,1,4,3,9,4,1,4,11,1,7,3,7,3,3,1,67
48.363965,23,26,17,8,2,4,2,7,2,3,2,8,6,1,1,9,5,3,1,8,1,4,3,8,3,1,4,11,1,7,3,7,3,3,1,66
48.408389,22,26,17,8,2,4,2,6,1,3,2,8,6,1,1,9,5,3,1,8,1,4,3,8,3,1,4,11,1,7,3,7,3,3,1,65
48.568822,23,26,17,8,2,4,2,7,2,3,2,8,6,1,1,9,5,3,1,8,1,4,3,8,3,1,4,11,1,7,3,7,3,3,1,66
48.602833,22,26,17,8,2,4,2,7,2,3,2,8,6,1,1,8,4,3,1,8,1,4,3,8,3,1,4,11,1,7,3,7,3,3,1,65
48.605634,22,26,18,8,2,4,2,7,2,3,2,9,6,1,2,8,4,3,1,8,1,4,3,8,3,1,4,11,1,7,3,7,3,3,1,66
48.682779,21,26,18,8,2,4,2,7,2,3,2,9,6,1,2,8,4,3,1,8,1,4,3,8,3,1,4,10,0,7,3,7,3,3,1,65
48.702486,21,26,19,8,2,4,2,7,2,3,2,9,6,1,2,9,4,3,2,8,1,4,3,8,3,1,4,10,0,7,3,7,3,3,1,66
48.806913,21,27,19,8,2,4,2,7,2,3,2,9,6,1,2,9,4,3,2,9,1,5,3,8,3,1,4,10,0,7,3,7,3,3,1,67
48.867887,21,27,20,8,2,4,2,7,2,3,2,9,6,1,2,9,4,3,2,9,1,5,3,9,3,1,5,10,0,7,3,7,3,3,1,68
48.99913,21,27,21,8,2,4,2,7,2,3,2,9,6,1,2,9,4,3,2,9,1,5,3,9,3,1,5,11,0,7,4,7,3,3,1,69
49.280963,22,27,21,8,2,4,2,7,2,3,2,9,6,1,2,9,4,3,2,9,1,5,3,9,3,1,5,11,0,7,4,8,4,3,1,70
49.295908,22,26,21,8,2,4,2,7,2,3,2,8,6,0,2,9,4,3,2,9,1,5,3,9,3,1,5,11,0,7,4,8,4,3,1,69
49.426746,22,27,21,9,2,5,2,7,2,3,2,8,6,0,2,9,4,3,2,9,1,5,3,9,3,1,5,11,0,7,4,8,4,3,1,70
49.591792,22,27,20,9,2,5,2,7,2,3,2,8,6,0,2,9,4,3,2,9,1,5,3,8,3,1,4,11,0,7,4,8,4,3,1,69
49.6774,22,28,20,9,2,5,2,8,2,4,2,8,6,0,2,9,4,3,2,9,1,5,3,8,3,1,4,11,0,7,4,8,4,3,1,70
49.687541,22,27,20,9,2,5,2,8,2,4,2,8,6,0,2,8,4,2,2,9,1,5,3,8,3,1,4,11,0,7,4,8,4,3,1,69
49.703262,22,28,20,9,2,5,2,8,2,4,2,9,6,1,2,8,4,2,2,9,1,5,3,8,3,1,4,11,0,7,4,8,4,3,1,70
49.912208,22,28,21,9,2,5,2,8,2,4,2,9,6,1,2,9,4,2,3,9,1,5,3,8,3,1,4,11,0,7,4,8,4,3,1,71
49.921591,22,27,21,9,2,5,2,8,2,4,2,9,6,1,2,9,4,2,3,9,1,5,3,8,3,1,4,10,0,6,4,8,4,3,1,70
50.625752,22,27,22,9,2,5,2,8,2,4,2,9,6,1,2,9,4,2,3,10,1,5,4,8,3,1,4,10,0,6,4,8,4,3,1,71
50.83798,22,28,22,9,2,5,2,8,2,4,2,9,6,1,2,9,4,2,3,10,1,5,4,9,3,2,4,10,0,6,4,8,4,3,1,72
50.932672,22,27,22,9,2,5,2,8,2,4,2,9,6,1,2,9,4,2,3,10,1,5,4,9,3,2,4,9,0,5,4,8,4,3,1,71
51.14191,22,26,22,9,2,5,2,7,2,3,2,9,6,1,2,9,4,2,3,10,1,5,4,9,3,2,4,9,0,5,4,8,4,3,1,70
51.185328,21,26,22,9,2,5,2,7,2,3,2,9,6,1,2,9,4,2,3,9,0,5,4,9,3,2,4,9,0,5,4,8,4,3,1,69
51.618407,21,25,22,9,2,5,2,7,2,3,2,9,6,1,2,8,4,1,3,9,0,5,4,9,3,2,4,9,0,5,4,8,4,3,1,68
51.668446,21,26,22,9,2,5,2,7,2,3,2,9,6,1,2,8,4,1,3,9,0,5,4,9,3,2,4,10,0,6,4,8,4,3,1,69
52.067566,21,25,22,9,2,5,2,7,2,3,2,9,6,1,2,8,4,1,3,8,0,4,4,9,3,2,4,10,0,6,4,8,4,3,1,68
52.095836,21,25,21,9,2,5,2,7,2,3,2,9,6,1,2,8,4,1,3,8,0,4,4,8,3,2,3,10,0,6,4,8,4,3,1,67
52.782324,21,24,21,9,2,5,2,7,2,3,2,9,6,1,2,8,4,1,3,7,0,3,4,8,3,2,3,10,0,6,4,8,4,3,1,66
53.278345,21,23,21,9,2,5,2,7,2,3,2,9,6,1,2,8,4,1,3,7,0,3,4,8,3,2,3,9,0,5,4,8,4,3,1,65
53.319111,21,22,21,9,2,5,2,7,2,3,2,9,6,1,2,8,4,1,3,7,0,3,4,8,3,2,3,9,0,5,4,7,4,2,1,64
53.342993,21,22,20,8,2,5,1,7,2,3,2,9,6,1,2,8,4,1,3,7,0,3,4,8,3,2,3,9,0,5,4,7,4,2,1,63
53.573188,21,22,21,8,2,5,1,7,2,3,2,9,6,1,2,8,4,1,3,7,0,3,4,8,3,2,3,9,0,5,4,8,4,2,2,64
53.613066,21,22,22,9,2,5,2,7,2,3,2,9,6,1,2,8,4,1,3,7,0,3,4,8,3,2,3,9,0,5,4,8,4,2,2,65
53.697215,21,21,22,9,2,5,2,7,2,3,2,9,6,1,2,8,4,1,3,7,0,3,4,8,3,2,3,8,0,4,4,8,4,2,2,64
53.936754,21,21,21,9,2,5,2,7,2,3,2,9,6,1,2,8,4,1,3,6,0,3,3,8,3,2,3,8,0,4,4,8,4,2,2,63
54.169553,21,20,21,8,2,4,2,7,2,3,2,9,6,1,2,8,4,1,3,6,0,3,3,8,3,2,3,8,0,4,4,8,4,2,2,62
54.442826,22,20,21,8,2,4,2,8,3,3,2,9,6,1,2,8,4,1,3,6,0,3,3,8,3,2,3,8,0,4,4,8,4,2,2,63
54.818758,21,20,21,8,2,4,2,8,3,3,2,9,6,1,2,8,4,1,3,6,0,3,3,8,3,2,3,8,0,4,4,7,3,2,2,62
54.839072,21,19,21,7,2,3,2,8,3,3,2,9,6,1,2,8,4,1,3,6,0,3,3,8,3,2,3,8,0,4,4,7,3,2,2,61
55.184336,21,20,21,7,2,3,2,8,3,3,2,10,6,2,2,8,4,1,3,6,0,3,3,8,3,2,3,8,0,4,4,7,3,2,2,62
55.242885,21,20,22,7,2,3,2,8,3,3,2,10,6,2,2,9,4,1,4,6,0,3,3,8,3,2,3,8,0,4,4,7,3,2,2,63
55.273989,21,19,22,7,2,3,2,8,3,3,2,10,6,2,2,8,4,0,4,6,0,3,3,8,3,2,3,8,0,4,4,7,3,2,2,62
55.435182,20,19,22,7,2,3,2,8,3,3,2,9,5,2,2,8,4,0,4,6,0,3,3,8,3,2,3,8,0,4,4,7,3,2,2,61
55.609023,20,20,22,7,2,3,2,8,3,3,2,9,5,2,2,8,4,0,4,7,0,4,3,8,3,2,3,8,0,4,4,7,3,2,2,62
55.718091,21,20,22,7,2,3,2,8,3,3,2,9,5,2,2,8,4,0,4,7,0,4,3,9,4,2,3,8,0,4,4,7,3,2,2,63
55.891998,20,20,22,7,2,3,2,8,3,3,2,8,4,2,2,8,4,0,4,7,0,4,3,9,4,2,3,8,0,4,4,7,3,2,2,62
55.969303,21,20,22,7,2,3,2,8,3,3,2,8,4,2,2,8,4,0,4,7,0,4,3,9,4,2,3,9,1,4,4,7,3,2,2,63
55.978564,22,20,22,7,2,3,2,8,3,3,2,8,4,2,2,8,4,0,4,7,0,4,3,9,4,2,3,9,1,4,4,8,4,2,2,64
56.011086,21,20,22,7,2,3,2,8,3,3,2,8,4,2,2,8,4,0,4,7,0,4,3,8,3,2,3,9,1,4,4,8,4,2,2,63
56.073671,22,20,22,8,3,3,2,8,3,3,2,8,4,2,2,8,4,0,4,7,0,4,3,8,3,2,3,9,1,4,4,8,4,2,2,64
56.152608,22,21,22,8,3,3,2,9,3,4,2,8,4,2,2,8,4,0,4,7,0,4,3,8,3,2,3,9,1,4,4,8,4,2,2,65
56.803118,22,21,23,8,3,3,2,9,3,4,2,9,4,2,3,8,4,0,4,7,0,4,3,8,3,2,3,9,1,4,4,8,4,2,2,66
56.949874,22,21,22,8,3,3,2,9,3,4,2,9,4,2,3,8,4,0,4,6,0,4,2,8,3,2,3,9,1,4,4,8,4,2,2,65
57.018747,22,21,23,8,3,3,2,9,3,4,2,9,4,2,3,9,4,0,5,6,0,4,2,8,3,2,3,9,1,4,4,8,4,2,2,66
57.121162,23,21,23,8,3,3,2,9,3,4,2,9,4,2,3,9,4,0,5,7,1,4,2,8,3,2,3,9,1,4,4,8,4,2,2,67
57.226356,23,21,24,8,3,3,2,9,3,4,2,9,4,2,3,9,4,0,5,7,1,4,2,9,3,2,4,9,1,4,4,8,4,2,2,68
57.307446,23,20,24,8,3,3,2,8,3,3,2,9,4,2,3,9,4,0,5,7,1,4,2,9,3,2,4,9,1,4,4,8,4,2,2,67
57.49613,23,20,23,8,3,3,2,8,3,3,2,8,4,2,2,9,4,0,5,7,1,4,2,9,3,2,4,9,1,4,4,8,4,2,2,66
57.591669,23,20,22,8,3,3,2,8,3,3,2,8,4,2,2,9,4,0,5,7,1,4,2,8,3,2,3,9,1,4,4,8,4,2,2,65
57.614977,23,21,22,8,3,3,2,8,3,3,2,8,4,2,2,9,4,0,5,7,1,4,2,8,3,2,3,10,1,5,4,8,4,2,2,66
57.715935,24,21,22,8,3,3,2,8,3,3,2,8,4,2,2,9,4,0,5,7,1,4,2,8,3,2,3,10,1,5,4,9,5,2,2,67
57.911946,24,21,23,9,3,3,3,8,3,3,2,8,4,2,2,9,4,0,5,7,1,4,2,8,3,2,3,10,1,5,4,9,5,2,2,68
58.374871,25,21,23,9,3,3,3,9,4,3,2,8,4,2,2,9,4,0,5,7,1,4,2,8,3,2,3,10,1,5,4,9,5,2,2,69
58.724558,25,21,22,9,3,3,3,9,4,3,2,8,4,2,2,9,4,0,5,7,1,4,2,7,3,2,2,10,1,5,4,9,5,2,2,68
58.747834,26,21,22,9,3,3,3,9,4,3,2,9,5,2,2,9,4,0,5,7,1,4,2,7,3,2,2,10,1,5,4,9,5,2,2,69
58.830066,26,20,22,8,3,2,3,9,4,3,2,9,5,2,2,9,4,0,5,7,1,4,2,7,3,2,2,10,1,5,4,9,5,2,2,68
58.855231,25,20,22,8,3,2,3,9,4,3,2,9,5,2,2,8,3,0,5,7,1,4,2,7,3,2,2,10,1,5,4,9,5,2,2,67
58.874449,25,19,22,8,3,2,3,9,4,3,2,9,5,2,2,8,3,0,5,6,1,3,2,7,3,2,2,10,1,5,4,9,5,2,2,66
59.033789,25,19,23,8,3,2,3,9,4,3,2,9,5,2,2,9,3,0,6,6,1,3,2,7,3,2,2,10,1,5,4,9,5,2,2,67
59.511747,25,18,23,8,3,2,3,9,4,3,2,9,5,2,2,9,3,0,6,6,1,3,2,7,3,2,2,9,1,4,4,9,5,2,2,66
59.796422,26,18,23,8,3,2,3,9,4,3,2,9,5,2,2,9,3,0,6,7,2,3,2,7,3,2,2,9,1,4,4,9,5,2,2,67
59.862445,26,18,24,8,3,2,3,9,4,3,2,9,5,2,2,9,3,0,6,7,2,3,2,8,3,2,3,9,1,4,4,9,5,2,2,68
59.885167,26,17,24,8,3,2,3,9,4,3,2,9,5,2,2,9,3,0,6,7,2,3,2,8,3,2,3,9,1,4,4,8,5,1,2,67
60.081288,25,17,24,8,3,2,3,9,4,3,2,9,5,2,2,8,2,0,6,7,2,3,2,8,3,2,3,9,1,4,4,8,5,1,2,66
60.137241,25,18,24,8,3,2,3,9,4,3,2,9,5,2,2,8,2,0,6,7,2,3,2,8,3,2,3,10,1,5,4,8,5,1,2,67
60.141646,25,19,24,8,3,2,3,9,4,3,2,9,5,2,2,8,2,0,6,7,2,3,2,8,3,2,3,10,1,5,4,9,5,2,2,68
60.296111,25,19,25,9,3,2,4,9,4,3,2,9,5,2,2,8,2,0,6,7,2,3,2,8,3,2,3,10,1,5,4,9,5,2,2,69
60.358998,25,18,25,8,3,1,4,9,4,3,2,9,5,2,2,8,2,0,6,7,2,3,2,8,3,2,3,10,1,5,4,9,5,2,2,68
60.464231,24,18,25,8,3,1,4,9,4,3,2,8,4,2,2,8,2,0,6,7,2,3,2,8,3,2,3,10,1,5,4,9,5,2,2,67
60.473188,23,18,25,7,2,1,4,9,4,3,2,8,4,2,2,8,2,0,6,7,2,3,2,8,3,2,3,10,1,5,4,9,5,2,2,66
60.72229,23,17,25,7,2,1,4,8,4,2,2,8,4,2,2,8,2,0,6,7,2,3,2,8,3,2,3,10,1,5,4,9,5,2,2,65
60.782476,23,17,24,7,2,1,4,8,4,2,2,8,4,2,2,8,2,0,6,7,2,3,2,8,3,2,3,9,1,5,3,9,5,2,2,64
61.025429,23,17,23,7,2,1,4,8,4,2,2,8,4,2,2,8,2,0,6,6,2,3,1,8,3,2,3,9,1,5,3,9,5,2,2,63
61.089797,23,17,24,7,2,1,4,9,4,2,3,8,4,2,2,8,2,0,6,6,2,3,1,8,3,2,3,9,1,5,3,9,5,2,2,64
61.134534,22,17,24,7,2,1,4,9,4,2,3,7,3,2,2,8,2,0,6,6,2,3,1,8,3,2,3,9,1,5,3,9,5,2,2,63
61.27077,22,16,24,7,2,1,4,9,4,2,3,7,3,2,2,8,2,0,6,5,2,2,1,8,3,2,3,9,1,5,3,9,5,2,2,62
61.410018,22,16,23,7,2,1,4,9,4,2,3,7,3,2,2,8,2,0,6,5,2,2,1,8,3,2,3,8,1,5,2,9,5,2,2,61
61.416829,22,16,24,7,2,1,4,9,4,2,3,8,3,2,3,8,2,0,6,5,2,2,1,8,3,2,3,8,1,5,2,9,5,2,2,62
61.562946,22,16,25,7,2,1,4,9,4,2,3,8,3,2,3,9,2,0,7,5,2,2,1,8,3,2,3,8,1,5,2,9,5,2,2,63
61.618326,22,16,24,6,2,1,3,9,4,2,3,8,3,2,3,9,2,0,7,5,2,2,1,8,3,2,3,8,1,5,2,9,5,2,2,62
61.640801,23,16,24,6,2,1,3,9,4,2,3,8,3,2,3,9,2,0,7,6,3,2,1,8,3,2,3,8,1,5,2,9,5,2,2,63
62.106925,24,16,24,6,2,1,3,9,4,2,3,8,3,2,3,9,2,0,7,6,3,2,1,9,4,2,3,8,1,5,2,9,5,2,2,64
62.179892,24,16,25,6,2,1,3,9,4,2,3,8,3,2,3,9,2,0,7,6,3,2,1,9,4,2,3,9,1,5,3,9,5,2,2,65
62.574574,25,16,25,6,2,1,3,9,4,2,3,8,3,2,3,9,2,0,7,6,3,2,1,9,4,2,3,9,1,5,3,10,6,2,2,66
62.647265,25,16,24,6,2,1,3,9,4,2,3,8,3,2,3,8,2,0,6,6,3,2,1,9,4,2,3,9,1,5,3,10,6,2,2,65
62.712237,25,17,24,7,2,2,3,9,4,2,3,8,3,2,3,8,2,0,6,6,3,2,1,9,4,2,3,9,1,5,3,10,6,2,2,66
62.777539,26,17,24,7,2,2,3,10,5,2,3,8,3,2,3,8,2,0,6,6,3,2,1,9,4,2,3,9,1,5,3,10,6,2,2,67
62.82481,25,17,24,7,2,2,3,10,5,2,3,8,3,2,3,8,2,0,6,6,3,2,1,8,3,2,3,9,1,5,3,10,6,2,2,66
62.961346,24,17,24,7,2,2,3,10,5,2,3,7,2,2,3,8,2,0,6,6,3,2,1,8,3,2,3,9,1,5,3,10,6,2,2,65
63.037638,24,18,24,7,2,2,3,10,5,2,3,8,2,3,3,8,2,0,6,6,3,2,1,8,3,2,3,9,1,5,3,10,6,2,2,66
63.299744,24,18,23,7,2,2,3,10,5,2,3,7,2,3,2,8,2,0,6,6,3,2,1,8,3,2,3,9,1,5,3,10,6,2,2,65
63.532305,24,18,24,7,2,2,3,10,5,2,3,7,2,3,2,9,2,0,7,6,3,2,1,8,3,2,3,9,1,5,3,10,6,2,2,66
63.637259,24,17,24,7,2,2,3,10,5,2,3,7,2,3,2,9,2,0,7,6,3,2,1,8,3,2,3,8,1,4,3,10,6,2,2,65
63.695083,24,18,24,7,2,2,3,10,5,2,3,7,2,3,2,9,2,0,7,7,3,3,1,8,3,2,3,8,1,4,3,10,6,2,2,66
63.721538,24,18,23,7,2,2,3,10,5,2,3,7,2,3,2,8,2,0,6,7,3,3,1,8,3,2,3,8,1,4,3,10,6,2,2,65
63.974761,24,19,23,7,2,2,3,10,5,2,3,7,2,3,2,8,2,0,6,7,3,3,1,9,3,3,3,8,1,4,3,10,6,2,2,66
64.261527,24,19,22,7,2,2,3,10,5,2,3,7,2,3,2,8,2,0,6,7,3,3,1,9,3,3,3,8,1,4,3,9,6,2,1,65
64.323712,24,19,21,6,2,2,2,10,5,2,3,7,2,3,2,8,2,0,6,7,3,3,1,9,3,3,3,8,1,4,3,9,6,2,1,64
64.880935,24,19,22,6,2,2,2,10,5,2,3,7,2,3,2,8,2,0,6,7,3,3,1,9,3,3,3,9,1,4,4,9,6,2,1,65
64.965731,24,19,21,6,2,2,2,10,5,2,3,7,2,3,2,8,2,0,6,7,3,3,1,9,3,3,3,9,1,4,4,8,6,2,0,64
64.971361,24,18,21,6,2,2,2,10,5,2,3,7,2,3,2,8,2,0,6,7,3,3,1,8,3,2,3,9,1,4,4,8,6,2,0,63
65.319274,25,18,21,6,2,2,2,10,5,2,3,7,2,3,2,8,2,0,6,7,3,3,1,8,3,2,3,9,1,4,4,9,7,2,0,64
65.373866,24,18,21,6,2,2,2,9,4,2,3,7,2,3,2,8,2,0,6,7,3,3,1,8,3,2,3,9,1,4,4,9,7,2,0,63
65.439382,24,19,21,7,2,3,2,9,4,2,3,7,2,3,2,8,2,0,6,7,3,3,1,8,3,2,3,9,1,4,4,9,7,2,0,64
65.552463,24,20,21,7,2,3,2,10,4,3,3,7,2,3,2,8,2,0,6,7,3,3,1,8,3,2,3,9,1,4,4,9,7,2,0,65
65.849648,24,20,20,7,2,3,2,9,4,3,2,7,2,3,2,8,2,0,6,7,3,3,1,8,3,2,3,9,1,4,4,9,7,2,0,64
65.880227,24,21,20,7,2,3,2,9,4,3,2,8,2,4,2,8,2,0,6,7,3,3,1,8,3,2,3,9,1,4,4,9,7,2,0,65
65.912925,24,20,20,7,2,3,2,9,4,3,2,8,2,4,2,8,2,0,6,6,3,2,1,8,3,2,3,9,1,4,4,9,7,2,0,64
66.073804,25,20,20,7,2,3,2,9,4,3,2,8,2,4,2,9,3,0,6,6,3,2,1,8,3,2,3,9,1,4,4,9,7,2,0,65
66.074809,24,20,20,7,2,3,2,9,4,3,2,7,1,4,2,9,3,0,6,6,3,2,1,8,3,2,3,9,1,4,4,9,7,2,0,64
66.384132,25,20,20,7,2,3,2,9,4,3,2,7,1,4,2,9,3,0,6,7,4,2,1,8,3,2,3,9,1,4,4,9,7,2,0,65
66.39668,25,20,19,7,2,3,2,8,4,3,1,7,1,4,2,9,3,0,6,7,4,2,1,8,3,2,3,9,1,4,4,9,7,2,0,64
66.399329,25,20,18,7,2,3,2,8,4,3,1,7,1,4,2,8,3,0,5,7,4,2,1,8,3,2,3,9,1,4,4,9,7,2,0,63
66.930252,25,20,19,7,2,3,2,8,4,3,1,7,1,4,2,8,3,0,5,7,4,2,1,9,3,2,4,9,1,4,4,9,7,2,0,64
67.180328,25,21,19,7,2,3,2,8,4,3,1,7,1,4,2,8,3,0,5,7,4,2,1,9,3,2,4,10,1,5,4,9,7,2,0,65
67.393228,25,22,19,7,2,3,2,8,4,3,1,7,1,4,2,8,3,0,5,7,4,2,1,9,3,2,4,10,1,5,4,10,7,3,0,66
67.4456,24,22,19,6,1,3,2,8,4,3,1,7,1,4,2,8,3,0,5,7,4,2,1,9,3,2,4,10,1,5,4,10,7,3,0,65
67.560145,24,22,18,6,1,3,2,8,4,3,1,7,1,4,2,8,3,0,5,7,4,2,1,9,3,2,4,9,1,5,3,10,7,3,0,64
67.710755,24,21,18,6,1,3,2,8,4,3,1,6,1,3,2,8,3,0,5,7,4,2,1,9,3,2,4,9,1,5,3,10,7,3,0,63
67.801884,25,21,18,7,2,3,2,8,4,3,1,6,1,3,2,8,3,0,5,7,4,2,1,9,3,2,4,9,1,5,3,10,7,3,0,64
67.83487,24,21,18,7,2,3,2,8,4,3,1,6,1,3,2,8,3,0,5,7,4,2,1,9,3,2,4,9,1,5,3,9,6,3,0,63
67.946281,24,21,19,7,2,3,2,9,4,3,2,6,1,3,2,8,3,0,5,7,4,2,1,9,3,2,4,9,1,5,3,9,6,3,0,64
68.08217,24,22,19,7,2,3,2,9,4,3,2,7,1,4,2,8,3,0,5,7,4,2,1,9,3,2,4,9,1,5,3,9,6,3,0,65
68.094721,24,23,19,7,2,3,2,9,4,3,2,7,1,4,2,9,3,1,5,7,4,2,1,9,3,2,4,9,1,5,3,9,6,3,0,66
68.190135,24,23,18,7,2,3,2,9,4,3,2,7,1,4,2,9,3,1,5,6,4,2,0,9,3,2,4,9,1,5,3,9,6,3,0,65
68.347474,24,23,19,7,2,3,2,9,4,3,2,7,1,4,2,9,3,1,5,7,4,2,1,9,3,2,4,9,1,5,3,9,6,3,0,66
68.667169,25,23,19,7,2,3,2,9,4,3,2,7,1,4,2,9,3,1,5,7,4,2,1,10,4,2,4,9,1,5,3,9,6,3,0,67
69.100119,25,23,18,7,2,3,2,9,4,3,2,7,1,4,2,9,3,1,5,7,4,2,1,9,4,2,3,9,1,5,3,9,6,3,0,66
69.1085,26,23,18,7,2,3,2,9,4,3,2,7,1,4,2,9,3,1,5,7,4,2,1,9,4,2,3,10,2,5,3,9,6,3,0,67
69.108561,26,22,18,7,2,3,2,9,4,3,2,7,1,4,2,9,3,1,5,7,4,2,1,8,4,1,3,10,2,5,3,9,6,3,0,66
69.297249,26,21,18,7,2,3,2,9,4,3,2,7,1,4,2,9,3,1,5,7,4,2,1,8,4,1,3,10,2,5,3,8,6,2,0,65
69.520379,26,22,18,7,2,3,2,9,4,3,2,7,1,4,2,9,3,1,5,7,4,2,1,8,4,1,3,10,2,5,3,9,6,3,0,66
69.620275,27,22,18,8,3,3,2,9,4,3,2,7,1,4,2,9,3,1,5,7,4,2,1,8,4,1,3,10,2,5,3,9,6,3,0,67
69.715241,27,22,19,8,3,3,2,10,4,3,3,7,1,4,2,9,3,1,5,7,4,2,1,8,4,1,3,10,2,5,3,9,6,3,0,68
69.809435,27,23,19,8,3,3,2,10,4,3,3,8,1,5,2,9,3,1,5,7,4,2,1,8,4,1,3,10,2,5,3,9,6,3,0,69
69.858415,27,24,19,8,3,3,2,10,4,3,3,8,1,5,2,10,3,2,5,7,4,2,1,8,4,1,3,10,2,5,3,9,6,3,0,70
70.154496,27,25,19,8,3,3,2,10,4,3,3,8,1,5,2,10,3,2,5,8,4,3,1,8,4,1,3,10,2,5,3,9,6,3,0,71
70.166498,28,25,19,8,3,3,2,10,4,3,3,8,1,5,2,10,3,2,5,8,4,3,1,9,5,1,3,10,2,5,3,9,6,3,0,72
70.242701,29,25,19,8,3,3,2,10,4,3,3,8,1,5,2,10,3,2,5,8,4,3,1,9,5,1,3,11,3,5,3,9,6,3,0,73
70.316063,29,25,20,8,3,3,2,10,4,3,3,8,1,5,2,10,3,2,5,8,4,3,1,9,5,1,3,11,3,5,3,10,6,3,1,74
70.569549,28,25,20,8,3,3,2,10,4,3,3,8,1,5,2,10,3,2,5,8,4,3,1,9,5,1,3,11,3,5,3,9,5,3,1,73
70.605182,28,25,21,9,3,3,3,10,4,3,3,8,1,5,2,10,3,2,5,8,4,3,1,9,5,1,3,11,3,5,3,9,5,3,1,74
70.779167,28,25,20,9,3,3,3,10,4,3,3,8,1,5,2,9,3,2,4,8,4,3,1,9,5,1,3,11,3,5,3,9,5,3,1,73
70.782445,28,25,21,9,3,3,3,11,4,3,4,8,1,5,2,9,3,2,4,8,4,3,1,9,5,1,3,11,3,5,3,9,5,3,1,74
70.972781,27,25,21,9,3,3,3,11,4,3,4,8,1,5,2,8,2,2,4,8,4,3,1,9,5,1,3,11,3,5,3,9,5,3,1,73
71.00224,27,25,22,9,3,3,3,11,4,3,4,9,1,5,3,8,2,2,4,8,4,3,1,9,5,1,3,11,3,5,3,9,5,3,1,74
71.005342,27,26,22,9,3,3,3,11,4,3,4,9,1,5,3,9,2,3,4,8,4,3,1,9,5,1,3,11,3,5,3,9,5,3,1,75
71.819713,26,26,22,8,2,3,3,11,4,3,4,9,1,5,3,9,2,3,4,8,4,3,1,9,5,1,3,11,3,5,3,9,5,3,1,74
71.999489,26,26,23,8,2,3,3,11,4,3,4,9,1,5,3,9,2,3,4,9,4,3,2,9,5,1,3,11,3,5,3,9,5,3,1,75
72.138033,26,26,22,8,2,3,3,11,4,3,4,8,1,5,2,9,2,3,4,9,4,3,2,9,5,1,3,11,3,5,3,9,5,3,1,74
72.156099,26,26,21,8,2,3,3,11,4,3,4,7,1,5,1,9,2,3,4,9,4,3,2,9,5,1,3,11,3,5,3,9,5,3,1,73
72.306634,26,27,21,8,2,3,3,11,4,3,4,7,1,5,1,9,2,3,4,9,4,3,2,10,5,2,3,11,3,5,3,9,5,3,1,74
72.364797,26,28,21,8,2,3,3,11,4,3,4,7,1,5,1,9,2,3,4,9,4,3,2,10,5,2,3,12,3,6,3,9,5,3,1,75
72.463593,26,27,21,8,2,3,3,10,4,2,4,7,1,5,1,9,2,3,4,9,4,3,2,10,5,2,3,12,3,6,3,9,5,3,1,74
72.635487,27,27,21,8,2,3,3,10,4,2,4,7,1,5,1,9,2,3,4,9,4,3,2,10,5,2,3,12,3,6,3,10,6,3,1,75
72.713098,27,27,22,9,2,3,4,10,4,2,4,7,1,5,1,9,2,3,4,9,4,3,2,10,5,2,3,12,3,6,3,10,6,3,1,76
72.770647,27,26,22,9,2,3,4,10,4,2,4,7,1,5,1,9,2,3,4,9,4,3,2,10,5,2,3,11,3,5,3,10,6,3,1,75
73.04563,28,26,22,9,2,3,4,11,5,2,4,7,1,5,1,9,2,3,4,9,4,3,2,10,5,2,3,11,3,5,3,10,6,3,1,76
73.150374,28,26,21,8,2,3,3,11,5,2,4,7,1,5,1,9,2,3,4,9,4,3,2,10,5,2,3,11,3,5,3,10,6,3,1,75
73.181071,28,26,22,8,2,3,3,11,5,2,4,8,1,5,2,9,2,3,4,9,4,3,2,10,5,2,3,11,3,5,3,10,6,3,1,76
73.23713,28,26,21,8,2,3,3,11,5,2,4,8,1,5,2,8,2,3,3,9,4,3,2,10,5,2,3,11,3,5,3,10,6,3,1,75
73.444871,28,25,21,8,2,3,3,11,5,2,4,7,1,4,2,8,2,3,3,9,4,3,2,10,5,2,3,11,3,5,3,10,6,3,1,74
73.51915,28,25,22,8,2,3,3,11,5,2,4,7,1,4,2,9,2,3,4,9,4,3,2,10,5,2,3,11,3,5,3,10,6,3,1,75
73.689333,29,25,22,8,2,3,3,11,5,2,4,7,1,4,2,9,2,3,4,10,5,3,2,10,5,2,3,11,3,5,3,10,6,3,1,76
73.863159,29,25,23,8,2,3,3,11,5,2,4,7,1,4,2,9,2,3,4,10,5,3,2,11,5,2,4,11,3,5,3,10,6,3,1,77
73.871861,30,25,23,8,2,3,3,11,5,2,4,7,1,4,2,9,2,3,4,10,5,3,2,11,5,2,4,12,4,5,3,10,6,3,1,78
73.90892,30,24,23,8,2,3,3,11,5,2,4,7,1,4,2,9,2,3,4,9,5,2,2,11,5,2,4,12,4,5,3,10,6,3,1,77
73.978823,29,24,23,8,2,3,3,11,5,2,4,7,1,4,2,9,2,3,4,8,4,2,2,11,5,2,4,12,4,5,3,10,6,3,1,76
74.221341,29,24,22,8,2,3,3,11,5,2,4,7,1,4,2,9,2,3,4,8,4,2,2,11,5,2,4,11,4,5,2,10,6,3,1,75
74.414201,29,23,22,8,2,3,3,11,5,2,4,7,1,4,2,9,2,3,4,8,4,2,2,11,5,2,4,10,4,4,2,10,6,3,1,74
74.487225,28,23,22,8,2,3,3,11,5,2,4,7,1,4,2,9,2,3,4,8,4,2,2,10,4,2,4,10,4,4,2,10,6,3,1,73
74.984395,29,23,22,8,2,3,3,11,5,2,4,7,1,4,2,9,2,3,4,8,4,2,2,10,4,2,4,10,4,4,2,11,7,3,1,74
75.170426,29,23,23,9,2,3,4,11,5,2,4,7,1,4,2,9,2,3,4,8,4,2,2,10,4,2,4,10,4,4,2,11,7,3,1,75
75.175389,29,22,23,9,2,3,4,11,5,2,4,6,1,3,2,9,2,3,4,8,4,2,2,10,4,2,4,10,4,4,2,11,7,3,1,74
75.382086,29,23,23,9,2,3,4,12,5,3,4,6,1,3,2,9,2,3,4,8,4,2,2,10,4,2,4,10,4,4,2,11,7,3,1,75
75.416258,28,23,23,9,2,3,4,12,5,3,4,6,1,3,2,9,2,3,4,8,4,2,2,10,4,2,4,10,4,4,2,10,6,3,1,74
75.485091,27,23,23,9,2,3,4,12,5,3,4,6,1,3,2,9,2,3,4,8,4,2,2,9,3,2,4,10,4,4,2,10,6,3,1,73
75.530378,27,23,22,9,2,3,4,12,5,3,4,6,1,3,2,8,2,3,3,8,4,2,2,9,3,2,4,10,4,4,2,10,6,3,1,72
75.626313,27,24,22,9,2,3,4,12,5,3,4,7,1,4,2,8,2,3,3,8,4,2,2,9,3,2,4,10,4,4,2,10,6,3,1,73
76.00087,28,24,22,9,2,3,4,12,5,3,4,7,1,4,2,9,3,3,3,8,4,2,2,9,3,2,4,10,4,4,2,10,6,3,1,74
76.064158,29,24,22,9,2,3,4,12,5,3,4,7,1,4,2,9,3,3,3,9,5,2,2,9,3,2,4,10,4,4,2,10,6,3,1,75
76.07766,28,24,22,9,2,3,4,11,4,3,4,7,1,4,2,9,3,3,3,9,5,2,2,9,3,2,4,10,4,4,2,10,6,3,1,74
76.140011,27,24,22,9,2,3,4,11,4,3,4,7,1,4,2,8,2,3,3,9,5,2,2,9,3,2,4,10,4,4,2,10,6,3,1,73
76.177503,27,25,22,9,2,3,4,11,4,3,4,7,1,4,2,8,2,3,3,9,5,2,2,10,3,3,4,10,4,4,2,10,6,3,1,74
76.415196,26,25,22,9,2,3,4,11,4,3,4,6,0,4,2,8,2,3,3,9,5,2,2,10,3,3,4,10,4,4,2,10,6,3,1,73
76.518525,26,25,23,9,2,3,4,11,4,3,4,6,0,4,2,8,2,3,3,9,5,2,2,10,3,3,4,11,4,4,3,10,6,3,1,74
76.669362,27,25,23,9,2,3,4,11,4,3,4,6,0,4,2,8,2,3,3,9,5,2,2,10,3,3,4,11,4,4,3,11,7,3,1,75
76.720311,27,25,24,10,2,3,5,11,4,3,4,6,0,4,2,8,2,3,3,9,5,2,2,10,3,3,4,11,4,4,3,11,7,3,1,76
76.880863,27,24,24,9,2,2,5,11,4,3,4,6,0,4,2,8,2,3,3,9,5,2,2,10,3,3,4,11,4,4,3,11,7,3,1,75
77.041871,26,24,24,9,2,2,5,10,3,3,4,6,0,4,2,8,2,3,3,9,5,2,2,10,3,3,4,11,4,4,3,11,7,3,1,74
77.053996,26,23,24,9,2,2,5,10,3,3,4,6,0,4,2,8,2,3,3,9,5,2,2,10,3,3,4,10,4,3,3,11,7,3,1,73
77.163063,27,23,24,9,2,2,5,11,4,3,4,6,0,4,2,8,2,3,3,9,5,2,2,10,3,3,4,10,4,3,3,11,7,3,1,74
77.200482,28,23,24,9,2,2,5,11,4,3,4,7,1,4,2,8,2,3,3,9,5,2,2,10,3,3,4,10,4,3,3,11,7,3,1,75
77.203649,27,23,24,9,2,2,5,11,4,3,4,7,1,4,2,8,2,3,3,8,4,2,2,10,3,3,4,10,4,3,3,11,7,3,1,74
78.165559,27,22,24,9,2,2,5,11,4,3,4,7,1,4,2,8,2,3,3,8,4,2,2,10,3,3,4,10,4,3,3,10,7,2,1,73
78.332676,27,21,24,9,2,2,5,10,4,2,4,7,1,4,2,8,2,3,3,8,4,2,2,10,3,3,4,10,4,3,3,10,7,2,1,72
78.664126,27,21,25,9,2,2,5,10,4,2,4,7,1,4,2,9,2,3,4,8,4,2,2,10,3,3,4,10,4,3,3,10,7,2,1,73
78.94522,26,21,25,9,2,2,5,10,4,2,4,7,1,4,2,9,2,3,4,8,4,2,2,9,2,3,4,10,4,3,3,10,7,2,1,72
78.977465,26,21,24,9,2,2,5,10,4,2,4,7,1,4,2,9,2,3,4,8,4,2,2,9,2,3,4,9,4,3,2,10,7,2,1,71
79.004069,26,21,25,9,2,2,5,10,4,2,4,7,1,4,2,9,2,3,4,9,4,2,3,9,2,3,4,9,4,3,2,10,7,2,1,72
79.415416,26,20,25,9,2,2,5,10,4,2,4,7,1,4,2,9,2,3,4,9,4,2,3,8,2,2,4,9,4,3,2,10,7,2,1,71
79.483243,27,20,25,9,2,2,5,10,4,2,4,7,1,4,2,9,2,3,4,9,4,2,3,9,3,2,4,9,4,3,2,10,7,2,1,72
79.533813,27,21,25,9,2,2,5,10,4,2,4,7,1,4,2,9,2,3,4,9,4,2,3,9,3,2,4,10,4,4,2,10,7,2,1,73
79.59842,27,22,25,9,2,2,5,10,4,2,4,7,1,4,2,9,2,3,4,9,4,2,3,9,3,2,4,10,4,4,2,11,7,3,1,74
79.689828,27,21,25,9,2,2,5,10,4,2,4,7,1,4,2,9,2,3,4,9,4,2,3,9,3,2,4,10,4,4,2,10,7,2,1,73
79.692838,27,21,24,9,2,2,5,10,4,2,4,7,1,4,2,9,2,3,4,9,4,2,3,8,3,2,3,10,4,4,2,10,7,2,1,72
79.845419,28,21,24,10,3,2,5,10,4,2,4,7,1,4,2,9,2,3,4,9,4,2,3,8,3,2,3,10,4,4,2,10,7,2,1,73
80.268097,28,22,24,10,3,2,5,11,4,3,4,7,1,4,2,9,2,3,4,9,4,2,3,8,3,2,3,10,4,4,2,10,7,2,1,74
80.277026,28,23,24,10,3,2,5,11,4,3,4,8,1,5,2,9,2,3,4,9,4,2,3,8,3,2,3,10,4,4,2,10,7,2,1,75
80.29273,27,23,24,10,3,2,5,11,4,3,4,8,1,5,2,9,2,3,4,9,4,2,3,7,2,2,3,10,4,4,2,10,7,2,1,74
80.320938,27,22,24,10,3,2,5,11,4,3,4,8,1,5,2,9,2,3,4,8,4,1,3,7,2,2,3,10,4,4,2,10,7,2,1,73
80.331338,27,22,23,10,3,2,5,11,4,3,4,8,1,5,2,9,2,3,4,8,4,1,3,6,2,2,2,10,4,4,2,10,7,2,1,72
80.337275,28,22,23,10,3,2,5,11,4,3,4,8,1,5,2,10,3,3,4,8,4,1,3,6,2,2,2,10,4,4,2,10,7,2,1,73
80.345583,28,22,24,10,3,2,5,11,4,3,4,8,1,5,2,10,3,3,4,9,4,1,4,6,2,2,2,10,4,4,2,10,7,2,1,74
80.48335,28,22,23,10,3,2,5,11,4,3,4,8,1,5,2,9,3,3,3,9,4,1,4,6,2,2,2,10,4,4,2,10,7,2,1,73
80.706239,28,22,24,10,3,2,5,11,4,3,4,8,1,5,2,9,3,3,3,9,4,1,4,7,2,2,3,10,4,4,2,10,7,2,1,74
80.709267,28,22,23,9,3,2,4,11,4,3,4,8,1,5,2,9,3,3,3,9,4,1,4,7,2,2,3,10,4,4,2,10,7,2,1,73
81.096346,29,22,23,9,3,2,4,11,4,3,4,8,1,5,2,9,3,3,3,9,4,1,4,7,2,2,3,11,5,4,2,10,7,2,1,74
81.129944,29,23,23,9,3,2,4,11,4,3,4,8,1,5,2,9,3,3,3,9,4,1,4,7,2,2,3,11,5,4,2,11,7,3,1,75
81.291348,30,23,23,10,4,2,4,11,4,3,4,8,1,5,2,9,3,3,3,9,4,1,4,7,2,2,3,11,5,4,2,11,7,3,1,76
81.519141,29,23,23,10,4,2,4,11,4,3,4,8,1,5,2,9,3,3,3,9,4,1,4,7,2,2,3,11,5,4,2,10,6,3,1,75
81.704345,29,23,24,10,4,2,4,12,4,3,5,8,1,5,2,9,3,3,3,9,4,1,4,7,2,2,3,11,5,4,2,10,6,3,1,76
82.111631,28,23,24,10,4,2,4,12,4,3,5,8,1,5,2,9,3,3,3,8,3,1,4,7,2,2,3,11,5,4,2,10,6,3,1,75
82.206902,28,23,23,9,4,2,3,12,4,3,5,8,1,5,2,9,3,3,3,8,3,1,4,7,2,2,3,11,5,4,2,10,6,3,1,74
82.387087,28,23,24,9,4,2,3,12,4,3,5,9,1,5,3,9,3,3,3,8,3,1,4,7,2,2,3,11,5,4,2,10,6,3,1,75
82.455082,27,23,24,9,4,2,3,12,4,3,5,9,1,5,3,9,3,3,3,8,3,1,4,7,2,2,3,11,5,4,2,9,5,3,1,74
82.521827,27,24,24,9,4,2,3,12,4,3,5,9,1,5,3,10,3,4,3,8,3,1,4,7,2,2,3,11,5,4,2,9,5,3,1,75
82.60117,28,24,24,9,4,2,3,12,4,3,5,9,1,5,3,10,3,4,3,9,4,1,4,7,2,2,3,11,5,4,2,9,5,3,1,76
82.846036,27,24,24,9,4,2,3,12,4,3,5,9,1,5,3,10,3,4,3,9,4,1,4,7,2,2,3,11,5,4,2,8,4,3,1,75
83.022516,27,24,25,9,4,2,3,12,4,3,5,9,1,5,3,10,3,4,3,9,4,1,4,8,2,2,4,11,5,4,2,8,4,3,1,76
83.060198,28,24,25,9,4,2,3,12,4,3,5,9,1,5,3,10,3,4,3,9,4,1,4,8,2,2,4,12,6,4,2,8,4,3,1,77
83.147447,29,24,25,9,4,2,3,12,4,3,5,9,1,5,3,10,3,4,3,9,4,1,4,8,2,2,4,12,6,4,2,9,5,3,1,78
83.291281,29,24,26,10,4,2,4,12,4,3,5,9,1,5,3,10,3,4,3,9,4,1,4,8,2,2,4,12,6,4,2,9,5,3,1,79
83.336405,29,25,26,10,4,2,4,13,4,4,5,9,1,5,3,10,3,4,3,9,4,1,4,8,2,2,4,12,6,4,2,9,5,3,1,80
83.681928,29,25,27,10,4,2,4,13,4,4,5,10,1,5,4,10,3,4,3,9,4,1,4,8,2,2,4,12,6,4,2,9,5,3,1,81
83.788878,28,25,27,10,4,2,4,13,4,4,5,10,1,5,4,10,3,4,3,9,4,1,4,8,2,2,4,11,5,4,2,9,5,3,1,80
83.930024,27,25,27,10,4,2,4,13,4,4,5,10,1,5,4,10,3,4,3,9,4,1,4,8,2,2,4,11,5,4,2,8,4,3,1,79
84.043946,26,25,27,10,4,2,4,12,3,4,5,10,1,5,4,10,3,4,3,9,4,1,4,8,2,2,4,11,5,4,2,8,4,3,1,78
84.053524,26,24,27,10,4,2,4,12,3,4,5,9,1,4,4,10,3,4,3,9,4,1,4,8,2,2,4,11,5,4,2,8,4,3,1,77
84.347927,27,24,27,10,4,2,4,12,3,4,5,9,1,4,4,11,4,4,3,9,4,1,4,8,2,2,4,11,5,4,2,8,4,3,1,78
84.359222,27,24,26,10,4,2,4,11,3,4,4,9,1,4,4,11,4,4,3,9,4,1,4,8,2,2,4,11,5,4,2,8,4,3,1,77
84.384534,27,24,27,10,4,2,4,11,3,4,4,9,1,4,4,11,4,4,3,10,4,1,5,8,2,2,4,11,5,4,2,8,4,3,1,78
84.863444,27,25,27,10,4,2,4,11,3,4,4,9,1,4,4,11,4,4,3,10,4,1,5,9,2,3,4,11,5,4,2,8,4,3,1,79
84.888657,27,25,28,10,4,2,4,11,3,4,4,9,1,4,4,11,4,4,3,10,4,1,5,9,2,3,4,12,5,4,3,8,4,3,1,80
85.14595,27,24,28,10,4,2,4,11,3,4,4,8,1,3,4,11,4,4,3,10,4,1,5,9,2,3,4,12,5,4,3,8,4,3,1,79
85.264797,26,24,28,10,4,2,4,11,3,4,4,8,1,3,4,11,4,4,3,9,3,1,5,9,2,3,4,12,5,4,3,8,4,3,1,78
85.312691,25,24,28,10,4,2,4,10,2,4,4,8,1,3,4,11,4,4,3,9,3,1,5,9,2,3,4,12,5,4,3,8,4,3,1,77
85.560111,26,24,28,10,4,2,4,10,2,4,4,8,1,3,4,11,4,4,3,9,3,1,5,9,2,3,4,12,5,4,3,9,5,3,1,78
85.795964,26,23,28,10,4,2,4,10,2,4,4,8,1,3,4,11,4,4,3,8,3,0,5,9,2,3,4,12,5,4,3,9,5,3,1,77
85.87609,26,24,28,11,4,3,4,10,2,4,4,8,1,3,4,11,4,4,3,8,3,0,5,9,2,3,4,12,5,4,3,9,5,3,1,78
86.054427,26,23,28,11,4,3,4,10,2,4,4,8,1,3,4,11,4,4,3,8,3,0,5,9,2,3,4,11,5,3,3,9,5,3,1,77
86.100053,26,23,27,11,4,3,4,10,2,4,4,8,1,3,4,10,4,4,2,8,3,0,5,9,2,3,4,11,5,3,3,9,5,3,1,76
86.311087,26,23,26,11,4,3,4,9,2,4,3,8,1,3,4,10,4,4,2,8,3,0,5,9,2,3,4,11,5,3,3,9,5,3,1,75
86.331317,26,24,26,11,4,3,4,10,2,5,3,8,1,3,4,10,4,4,2,8,3,0,5,9,2,3,4,11,5,3,3,9,5,3,1,76
86.520451,26,23,26,11,4,3,4,10,2,5,3,8,1,3,4,9,4,3,2,8,3,0,5,9,2,3,4,11,5,3,3,9,5,3,1,75
86.868942,26,23,27,11,4,3,4,10,2,5,3,9,1,3,5,9,4,3,2,8,3,0,5,9,2,3,4,11,5,3,3,9,5,3,1,76
86.897662,26,23,26,11,4,3,4,10,2,5,3,9,1,3,5,9,4,3,2,7,3,0,4,9,2,3,4,11,5,3,3,9,5,3,1,75
87.007425,26,22,26,11,4,3,4,10,2,5,3,9,1,3,5,9,4,3,2,7,3,0,4,9,2,3,4,10,5,2,3,9,5,3,1,74
87.026843,26,22,25,11,4,3,4,10,2,5,3,9,1,3,5,9,4,3,2,7,3,0,4,8,2,3,3,10,5,2,3,9,5,3,1,73
87.122168,25,22,25,11,4,3,4,10,2,5,3,9,1,3,5,9,4,3,2,6,2,0,4,8,2,3,3,10,5,2,3,9,5,3,1,72
87.187521,25,22,24,11,4,3,4,9,2,5,2,9,1,3,5,9,4,3,2,6,2,0,4,8,2,3,3,10,5,2,3,9,5,3,1,71
87.437025,25,23,24,11,4,3,4,9,2,5,2,9,1,3,5,10,4,4,2,6,2,0,4,8,2,3,3,10,5,2,3,9,5,3,1,72
87.548477,25,23,23,11,4,3,4,8,2,5,1,9,1,3,5,10,4,4,2,6,2,0,4,8,2,3,3,10,5,2,3,9,5,3,1,71
87.695934,25,23,22,11,4,3,4,8,2,5,1,8,1,3,4,10,4,4,2,6,2,0,4,8,2,3,3,10,5,2,3,9,5,3,1,70
87.760326,25,23,23,11,4,3,4,8,2,5,1,8,1,3,4,10,4,4,2,7,2,0,5,8,2,3,3,10,5,2,3,9,5,3,1,71
88.096482,26,23,23,11,4,3,4,8,2,5,1,8,1,3,4,10,4,4,2,7,2,0,5,9,3,3,3,10,5,2,3,9,5,3,1,72
88.139988,27,23,23,11,4,3,4,8,2,5,1,8,1,3,4,10,4,4,2,7,2,0,5,9,3,3,3,11,6,2,3,9,5,3,1,73
88.311989,28,23,23,11,4,3,4,8,2,5,1,8,1,3,4,10,4,4,2,7,2,0,5,9,3,3,3,11,6,2,3,10,6,3,1,74
88.464526,28,22,23,11,4,3,4,8,2,5,1,8,1,3,4,10,4,4,2,7,2,0,5,9,3,3,3,11,6,2,3,9,6,2,1,73
88.509209,28,22,24,12,4,3,5,8,2,5,1,8,1,3,4,10,4,4,2,7,2,0,5,9,3,3,3,11,6,2,3,9,6,2,1,74
88.592404,28,23,24,12,4,3,5,9,2,6,1,8,1,3,4,10,4,4,2,7,2,0,5,9,3,3,3,11,6,2,3,9,6,2,1,75
88.742598,28,23,23,12,4,3,5,9,2,6,1,8,1,3,4,10,4,4,2,7,2,0,5,9,3,3,3,10,6,2,2,9,6,2,1,74
88.940218,27,23,23,12,4,3,5,9,2,6,1,8,1,3,4,9,3,4,2,7,2,0,5,9,3,3,3,10,6,2,2,9,6,2,1,73
89.194694,27,22,23,12,4,3,5,9,2,6,1,8,1,3,4,9,3,4,2,7,2,0,5,8,3,2,3,10,6,2,2,9,6,2,1,72
89.226121,27,21,23,12,4,3,5,9,2,6,1,7,1,2,4,9,3,4,2,7,2,0,5,8,3,2,3,10,6,2,2,9,6,2,1,71
89.269114,27,21,24,12,4,3,5,9,2,6,1,8,1,2,5,9,3,4,2,7,2,0,5,8,3,2,3,10,6,2,2,9,6,2,1,72
89.301062,26,21,24,11,3,3,5,9,2,6,1,8,1,2,5,9,3,4,2,7,2,0,5,8,3,2,3,10,6,2,2,9,6,2,1,71
89.821413,27,21,24,11,3,3,5,9,2,6,1,8,1,2,5,10,4,4,2,7,2,0,5,8,3,2,3,10,6,2,2,9,6,2,1,72
89.884373,26,21,24,11,3,3,5,9,2,6,1,8,1,2,5,10,4,4,2,6,1,0,5,8,3,2,3,10,6,2,2,9,6,2,1,71
89.907261,26,22,24,11,3,3,5,9,2,6,1,8,1,2,5,10,4,4,2,7,1,1,5,8,3,2,3,10,6,2,2,9,6,2,1,72
90.034683,26,23,24,11,3,3,5,9,2,6,1,8,1,2,5,10,4,4,2,7,1,1,5,9,3,3,3,10,6,2,2,9,6,2,1,73
90.050148,26,24,24,11,3,3,5,9,2,6,1,8,1,2,5,10,4,4,2,7,1,1,5,9,3,3,3,11,6,3,2,9,6,2,1,74
90.121298,25,24,24,11,3,3,5,9,2,6,1,8,1,2,5,10,4,4,2,7,1,1,5,9,3,3,3,10,5,3,2,9,6,2,1,73
90.21087,26,24,24,11,3,3,5,9,2,6,1,8,1,2,5,10,4,4,2,7,1,1,5,9,3,3,3,10,5,3,2,10,7,2,1,74
90.230545,26,24,23,11,3,3,5,9,2,6,1,8,1,2,5,10,4,4,2,6,1,1,4,9,3,3,3,10,5,3,2,10,7,2,1,73
90.432629,25,24,23,11,3,3,5,9,2,6,1,7,0,2,5,10,4,4,2,6,1,1,4,9,3,3,3,10,5,3,2,10,7,2,1,72
90.795711,25,23,23,11,3,3,5,9,2,6,1,6,0,1,5,10,4,4,2,6,1,1,4,9,3,3,3,10,5,3,2,10,7,2,1,71
90.812765,25,24,23,12,3,4,5,9,2,6,1,6,0,1,5,10,4,4,2,6,1,1,4,9,3,3,3,10,5,3,2,10,7,2,1,72
91.137316,25,24,22,12,3,4,5,9,2,6,1,6,0,1,5,10,4,4,2,6,1,1,4,9,3,3,3,10,5,3,2,9,7,2,0,71
91.142589,25,24,23,12,3,4,5,10,2,6,2,6,0,1,5,10,4,4,2,6,1,1,4,9,3,3,3,10,5,3,2,9,7,2,0,72
91.297264,25,23,23,11,3,3,5,10,2,6,2,6,0,1,5,10,4,4,2,6,1,1,4,9,3,3,3,10,5,3,2,9,7,2,0,71
91.6289,25,23,22,10,3,3,4,10,2,6,2,6,0,1,5,10,4,4,2,6,1,1,4,9,3,3,3,10,5,3,2,9,7,2,0,70
92.187713,26,23,22,10,3,3,4,10,2,6,2,7,1,1,5,10,4,4,2,6,1,1,4,9,3,3,3,10,5,3,2,9,7,2,0,71
92.566257,26,23,21,10,3,3,4,10,2,6,2,7,1,1,5,10,4,4,2,6,1,1,4,8,3,3,2,10,5,3,2,9,7,2,0,70
92.590172,26,22,21,10,3,3,4,10,2,6,2,7,1,1,5,9,4,3,2,6,1,1,4,8,3,3,2,10,5,3,2,9,7,2,0,69
92.651899,26,23,21,10,3,3,4,10,2,6,2,7,1,1,5,10,4,4,2,6,1,1,4,8,3,3,2,10,5,3,2,9,7,2,0,70
92.921412,26,24,21,10,3,3,4,10,2,6,2,7,1,1,5,10,4,4,2,7,1,2,4,8,3,3,2,10,5,3,2,9,7,2,0,71
93.044831,27,24,21,10,3,3,4,10,2,6,2,7,1,1,5,10,4,4,2,7,1,2,4,9,4,3,2,10,5,3,2,9,7,2,0,72
93.177069,28,24,21,10,3,3,4,10,2,6,2,7,1,1,5,10,4,4,2,7,1,2,4,9,4,3,2,11,6,3,2,9,7,2,0,73
93.490696,27,24,21,10,3,3,4,10,2,6,2,7,1,1,5,10,4,4,2,7,1,2,4,9,4,3,2,10,5,3,2,9,7,2,0,72
93.660927,28,24,21,10,3,3,4,10,2,6,2,7,1,1,5,10,4,4,2,7,1,2,4,9,4,3,2,10,5,3,2,10,8,2,0,73
93.866902,28,23,21,9,3,2,4,10,2,6,2,7,1,1,5,10,4,4,2,7,1,2,4,9,4,3,2,10,5,3,2,10,8,2,0,72
94.007913,27,23,21,9,3,2,4,10,2,6,2,7,1,1,5,10,4,4,2,7,1,2,4,8,3,3,2,10,5,3,2,10,8,2,0,71
94.061155,27,23,22,10,3,2,5,10,2,6,2,7,1,1,5,10,4,4,2,7,1,2,4,8,3,3,2,10,5,3,2,10,8,2,0,72
94.232103,27,23,23,10,3,2,5,11,2,6,3,7,1,1,5,10,4,4,2,7,1,2,4,8,3,3,2,10,5,3,2,10,8,2,0,73
94.312363,27,22,23,10,3,2,5,11,2,6,3,7,1,1,5,9,4,3,2,7,1,2,4,8,3,3,2,10,5,3,2,10,8,2,0,72
94.402785,27,21,23,10,3,2,5,10,2,5,3,7,1,1,5,9,4,3,2,7,1,2,4,8,3,3,2,10,5,3,2,10,8,2,0,71
94.476489,27,21,22,10,3,2,5,10,2,5,3,7,1,1,5,9,4,3,2,6,1,2,3,8,3,3,2,10,5,3,2,10,8,2,0,70
94.82801,28,21,22,10,3,2,5,10,2,5,3,8,2,1,5,9,4,3,2,6,1,2,3,8,3,3,2,10,5,3,2,10,8,2,0,71
94.910887,27,21,22,10,3,2,5,10,2,5,3,8,2,1,5,8,3,3,2,6,1,2,3,8,3,3,2,10,5,3,2,10,8,2,0,70
95.377823,27,21,21,10,3,2,5,10,2,5,3,8,2,1,5,8,3,3,2,6,1,2,3,7,3,3,1,10,5,3,2,10,8,2,0,69
95.416379,27,22,21,10,3,2,5,10,2,5,3,8,2,1,5,9,3,4,2,6,1,2,3,7,3,3,1,10,5,3,2,10,8,2,0,70
95.433397,27,21,21,10,3,2,5,10,2,5,3,7,2,0,5,9,3,4,2,6,1,2,3,7,3,3,1,10,5,3,2,10,8,2,0,69
95.760944,28,21,21,10,3,2,5,10,2,5,3,7,2,0,5,9,3,4,2,7,2,2,3,7,3,3,1,10,5,3,2,10,8,2,0,70
95.914198,29,21,21,10,3,2,5,10,2,5,3,7,2,0,5,9,3,4,2,7,2,2,3,8,4,3,1,10,5,3,2,10,8,2,0,71
96.03247,28,21,21,9,2,2,5,10,2,5,3,7,2,0,5,9,3,4,2,7,2,2,3,8,4,3,1,10,5,3,2,10,8,2,0,70
96.07392,27,21,21,9,2,2,5,10,2,5,3,7,2,0,5,9,3,4,2,7,2,2,3,8,4,3,1,9,4,3,2,10,8,2,0,69
96.154801,28,21,21,9,2,2,5,10,2,5,3,7,2,0,5,9,3,4,2,7,2,2,3,8,4,3,1,10,5,3,2,10,8,2,0,70
96.212217,29,21,21,9,2,2,5,10,2,5,3,7,2,0,5,9,3,4,2,7,2,2,3,8,4,3,1,10,5,3,2,11,9,2,0,71
96.434551,28,21,21,9,2,2,5,10,2,5,3,7,2,0,5,9,3,4,2,7,2,2,3,8,4,3,1,10,5,3,2,10,8,2,0,70
96.447457,29,21,21,10,3,2,5,10,2,5,3,7,2,0,5,9,3,4,2,7,2,2,3,8,4,3,1,10,5,3,2,10,8,2,0,71
96.463469,29,22,21,10,3,2,5,11,2,6,3,7,2,0,5,9,3,4,2,7,2,2,3,8,4,3,1,10,5,3,2,10,8,2,0,72
96.627617,29,22,20,10,3,2,5,11,2,6,3,6,2,0,4,9,3,4,2,7,2,2,3,8,4,3,1,10,5,3,2,10,8,2,0,71
96.695722,28,22,20,10,3,2,5,11,2,6,3,6,2,0,4,9,3,4,2,7,2,2,3,7,3,3,1,10,5,3,2,10,8,2,0,70
96.712311,28,22,19,10,3,2,5,11,2,6,3,6,2,0,4,9,3,4,2,7,2,2,3,7,3,3,1,9,5,3,1,10,8,2,0,69
96.762082,28,21,19,10,3,2,5,11,2,6,3,6,2,0,4,9,3,4,2,7,2,2,3,7,3,3,1,8,5,2,1,10,8,2,0,68
96.976423,28,22,19,10,3,2,5,11,2,6,3,7,2,1,4,9,3,4,2,7,2,2,3,7,3,3,1,8,5,2,1,10,8,2,0,69
97.160516,27,22,19,10,3,2,5,11,2,6,3,7,2,1,4,9,3,4,2,7,2,2,3,7,3,3,1,7,4,2,1,10,8,2,0,68
97.271481,27,21,19,10,3,2,5,11,2,6,3,7,2,1,4,9,3,4,2,7,2,2,3,6,3,2,1,7,4,2,1,10,8,2,0,67
97.293926,26,21,19,10,3,2,5,11,2,6,3,7,2,1,4,9,3,4,2,7,2,2,3,6,3,2,1,7,4,2,1,9,7,2,0,66
97.350426,26,20,19,10,3,2,5,10,2,5,3,7,2,1,4,9,3,4,2,7,2,2,3,6,3,2,1,7,4,2,1,9,7,2,0,65
97.412496,26,19,19,10,3,2,5,10,2,5,3,7,2,1,4,9,3,4,2,7,2,2,3,6,3,2,1,7,4,2,1,8,7,1,0,64
97.721208,26,20,19,10,3,2,5,10,2,5,3,7,2,1,4,10,3,5,2,7,2,2,3,6,3,2,1,7,4,2,1,8,7,1,0,65
98.261822,26,20,18,9,3,2,4,10,2,5,3,7,2,1,4,10,3,5,2,7,2,2,3,6,3,2,1,7,4,2,1,8,7,1,0,64
98.342361,26,21,18,9,3,2,4,10,2,5,3,7,2,1,4,10,3,5,2,8,2,3,3,6,3,2,1,7,4,2,1,8,7,1,0,65
98.66104,26,21,17,9,3,2,4,10,2,5,3,6,2,1,3,10,3,5,2,8,2,3,3,6,3,2,1,7,4,2,1,8,7,1,0,64
98.762402,26,21,18,9,3,2,4,10,2,5,3,6,2,1,3,10,3,5,2,8,2,3,3,7,3,2,2,7,4,2,1,8,7,1,0,65
99.084094,27,21,18,9,3,2,4,10,2,5,3,6,2,1,3,10,3,5,2,8,2,3,3,7,3,2,2,8,5,2,1,8,7,1,0,66
99.153133,27,22,18,9,3,2,4,10,2,5,3,6,2,1,3,10,3,5,2,8,2,3,3,7,3,2,2,8,5,2,1,9,7,2,0,67
99.368009,26,22,18,9,3,2,4,10,2,5,3,6,2,1,3,10,3,5,2,7,1,3,3,7,3,2,2,8,5,2,1,9,7,2,0,66
99.464037,26,22,19,10,3,2,5,10,2,5,3,6,2,1,3,10,3,5,2,7,1,3,3,7,3,2,2,8,5,2,1,9,7,2,0,67
99.506923,26,22,18,9,3,2,4,10,2,5,3,6,2,1,3,10,3,5,2,7,1,3,3,7,3,2,2,8,5,2,1,9,7,2,0,66
99.583293,26,22,17,9,3,2,4,10,2,5,3,6,2,1,3,9,3,5,1,7,1,3,3,7,3,2,2,8,5,2,1,9,7,2,0,65
99.70105,26,23,17,9,3,2,4,11,2,6,3,6,2,1,3,9,3,5,1,7,1,3,3,7,3,2,2,8,5,2,1,9,7,2,0,66
99.823592,25,23,17,9,3,2,4,11,2,6,3,6,2,1,3,9,3,5,1,7,1,3,3,6,2,2,2,8,5,2,1,9,7,2,0,65
99.975806,25,23,16,9,3,2,4,11,2,6,3,6,2,1,3,8,3,5,0,7,1,3,3,6,2,2,2,8,5,2,1,9,7,2,0,64
100.172715,24,23,16,9,3,2,4,10,1,6,3,6,2,1,3,8,3,5,0,7,1,3,3,6,2,2,2,8,5,2,1,9,7,2,0,63
100.418358,24,22,16,9,3,2,4,10,1,6,3,6,2,1,3,8,3,5,0,7,1,3,3,6,2,2,2,7,5,1,1,9,7,2,0,62
100.459176,23,22,16,9,3,2,4,10,1,6,3,6,2,1,3,8,3,5,0,7,1,3,3,6,2,2,2,7,5,1,1,8,6,2,0,61
100.522779,23,21,16,9,3,2,4,10,1,6,3,6,2,1,3,7,3,4,0,7,1,3,3,6,2,2,2,7,5,1,1,8,6,2,0,60
100.737683,23,21,17,9,3,2,4,10,1,6,3,7,2,1,4,7,3,4,0,7,1,3,3,6,2,2,2,7,5,1,1,8,6,2,0,61
100.773826,23,22,17,9,3,2,4,10,1,6,3,7,2,1,4,8,3,5,0,7,1,3,3,6,2,2,2,7,5,1,1,8,6,2,0,62
100.844318,23,22,18,9,3,2,4,10,1,6,3,7,2,1,4,8,3,5,0,8,1,3,4,6,2,2,2,7,5,1,1,8,6,2,0,63
100.900786,23,22,19,9,3,2,4,10,1,6,3,7,2,1,4,8,3,5,0,8,1,3,4,7,2,2,3,7,5,1,1,8,6,2,0,64
100.908106,23,22,18,9,3,2,4,10,1,6,3,7,2,1,4,8,3,5,0,8,1,3,4,6,2,2,2,7,5,1,1,8,6,2,0,63
101.247061,23,21,18,9,3,2,4,10,1,6,3,7,2,1,4,7,3,4,0,8,1,3,4,6,2,2,2,7,5,1,1,8,6,2,0,62
101.361926,23,20,18,9,3,2,4,9,1,5,3,7,2,1,4,7,3,4,0,8,1,3,4,6,2,2,2,7,5,1,1,8,6,2,0,61
101.474072,22,20,18,9,3,2,4,9,1,5,3,7,2,1,4,6,2,4,0,8,1,3,4,6,2,2,2,7,5,1,1,8,6,2,0,60
101.835386,22,19,18,9,3,2,4,9,1,5,3,7,2,1,4,6,2,4,0,8,1,3,4,5,2,1,2,7,5,1,1,8,6,2,0,59
101.973558,21,19,18,9,3,2,4,9,1,5,3,7,2,1,4,6,2,4,0,8,1,3,4,5,2,1,2,7,5,1,1,7,5,2,0,58
102.248415,20,19,18,9,3,2,4,8,0,5,3,7,2,1,4,6,2,4,0,8,1,3,4,5,2,1,2,7,5,1,1,7,5,2,0,57
102.251857,20,20,18,9,3,2,4,8,0,5,3,7,2,1,4,6,2,4,0,8,1,3,4,5,2,1,2,8,5,2,1,7,5,2,0,58
102.34049,20,21,18,9,3,2,4,8,0,5,3,7,2,1,4,6,2,4,0,8,1,3,4,5,2,1,2,8,5,2,1,8,5,3,0,59
102.454741,20,22,18,10,3,3,4,8,0,5,3,7,2,1,4,6,2,4,0,8,1,3,4,5,2,1,2,8,5,2,1,8,5,3,0,60
102.487672,20,23,18,10,3,3,4,9,0,6,3,7,2,1,4,6,2,4,0,8,1,3,4,5,2,1,2,8,5,2,1,8,5,3,0,61
102.813293,20,23,19,10,3,3,4,9,0,6,3,8,2,1,5,6,2,4,0,8,1,3,4,5,2,1,2,8,5,2,1,8,5,3,0,62
103.040882,19,23,19,10,3,3,4,9,0,6,3,8,2,1,5,6,2,4,0,8,1,3,4,5,2,1,2,7,4,2,1,8,5,3,0,61
103.065914,19,23,18,10,3,3,4,9,0,6,3,8,2,1,5,6,2,4,0,7,1,3,3,5,2,1,2,7,4,2,1,8,5,3,0,60
103.075639,20,23,18,10,3,3,4,9,0,6,3,8,2,1,5,7,3,4,0,7,1,3,3,5,2,1,2,7,4,2,1,8,5,3,0,61
103.128361,20,22,18,9,3,2,4,9,0,6,3,8,2,1,5,7,3,4,0,7,1,3,3,5,2,1,2,7,4,2,1,8,5,3,0,60
103.273388,20,22,17,8,3,2,3,9,0,6,3,8,2,1,5,7,3,4,0,7,1,3,3,5,2,1,2,7,4,2,1,8,5,3,0,59
103.302751,20,22,18,8,3,2,3,9,0,6,3,8,2,1,5,7,3,4,0,8,1,3,4,5,2,1,2,7,4,2,1,8,5,3,0,60
103.311231,20,22,19,8,3,2,3,9,0,6,3,8,2,1,5,7,3,4,0,8,1,3,4,6,2,1,3,7,4,2,1,8,5,3,0,61
103.756105,20,21,19,8,3,2,3,8,0,5,3,8,2,1,5,7,3,4,0,8,1,3,4,6,2,1,3,7,4,2,1,8,5,3,0,60
103.97488,21,21,19,8,3,2,3,8,0,5,3,8,2,1,5,7,3,4,0,8,1,3,4,6,2,1,3,8,5,2,1,8,5,3,0,61
104.126314,20,21,19,8,3,2,3,8,0,5,3,7,1,1,5,7,3,4,0,8,1,3,4,6,2,1,3,8,5,2,1,8,5,3,0,60
104.186985,19,21,19,8,3,2,3,8,0,5,3,7,1,1,5,7,3,4,0,8,1,3,4,6,2,1,3,8,5,2,1,7,4,3,0,59
104.242694,18,21,19,8,3,2,3,8,0,5,3,7,1,1,5,6,2,4,0,8,1,3,4,6,2,1,3,8,5,2,1,7,4,3,0,58
104.269934,18,22,19,8,3,2,3,8,0,5,3,7,1,1,5,6,2,4,0,8,1,3,4,6,2,1,3,8,5,2,1,8,4,4,0,59
104.325408,17,22,19,8,3,2,3,8,0,5,3,7,1,1,5,6,2,4,0,8,1,3,4,6,2,1,3,8,5,2,1,7,3,4,0,58
104.348294,17,23,19,9,3,3,3,8,0,5,3,7,1,1,5,6,2,4,0,8,1,3,4,6,2,1,3,8,5,2,1,7,3,4,0,59
104.374208,17,23,20,9,3,3,3,9,0,5,4,7,1,1,5,6,2,4,0,8,1,3,4,6,2,1,3,8,5,2,1,7,3,4,0,60
104.615714,17,24,20,9,3,3,3,9,0,5,4,8,1,2,5,6,2,4,0,8,1,3,4,6,2,1,3,8,5,2,1,7,3,4,0,61
104.618133,17,24,21,9,3,3,3,9,0,5,4,8,1,2,5,7,2,4,1,8,1,3,4,6,2,1,3,8,5,2,1,7,3,4,0,62
104.806025,17,24,20,9,3,3,3,9,0,5,4,8,1,2,5,7,2,4,1,7,1,3,3,6,2,1,3,8,5,2,1,7,3,4,0,61
105.270463,17,23,20,9,3,3,3,9,0,5,4,8,1,2,5,7,2,4,1,7,1,3,3,6,2,1,3,7,5,1,1,7,3,4,0,60
105.344816,18,23,20,9,3,3,3,9,0,5,4,8,1,2,5,7,2,4,1,8,2,3,3,6,2,1,3,7,5,1,1,7,3,4,0,61
105.55806,18,23,19,9,3,3,3,9,0,5,4,8,1,2,5,7,2,4,1,8,2,3,3,6,2,1,3,6,5,1,0,7,3,4,0,60
105.606778,18,23,20,9,3,3,3,9,0,5,4,8,1,2,5,7,2,4,1,8,2,3,3,7,2,1,4,6,5,1,0,7,3,4,0,61
105.643326,18,23,19,9,3,3,3,9,0,5,4,7,1,2,4,7,2,4,1,8,2,3,3,7,2,1,4,6,5,1,0,7,3,4,0,60
105.82503,18,24,19,9,3,3,3,9,0,5,4,7,1,2,4,7,2,4,1,8,2,3,3,7,2,1,4,7,5,2,0,7,3,4,0,61
105.896895,18,25,19,9,3,3,3,9,0,5,4,7,1,2,4,7,2,4,1,8,2,3,3,7,2,1,4,7,5,2,0,8,3,5,0,62
106.19878,17,25,19,9,3,3,3,9,0,5,4,7,1,2,4,7,2,4,1,8,2,3,3,7,2,1,4,6,4,2,0,8,3,5,0,61
106.382757,18,25,19,10,4,3,3,9,0,5,4,7,1,2,4,7,2,4,1,8,2,3,3,7,2,1,4,6,4,2,0,8,3,5,0,62
106.487181,18,26,19,10,4,3,3,10,0,6,4,7,1,2,4,7,2,4,1,8,2,3,3,7,2,1,4,6,4,2,0,8,3,5,0,63
106.648287,19,26,19,10,4,3,3,10,0,6,4,8,2,2,4,7,2,4,1,8,2,3,3,7,2,1,4,6,4,2,0,8,3,5,0,64
106.914113,18,26,19,9,3,3,3,10,0,6,4,8,2,2,4,7,2,4,1,8,2,3,3,7,2,1,4,6,4,2,0,8,3,5,0,63
107.027365,18,26,20,9,3,3,3,10,0,6,4,8,2,2,4,8,2,4,2,8,2,3,3,7,2,1,4,6,4,2,0,8,3,5,0,64
107.076927,18,26,21,9,3,3,3,10,0,6,4,8,2,2,4,8,2,4,2,9,2,3,4,7,2,1,4,6,4,2,0,8,3,5,0,65
107.463831,19,26,21,9,3,3,3,10,0,6,4,8,2,2,4,8,2,4,2,9,2,3,4,8,3,1,4,6,4,2,0,8,3,5,0,66
107.499792,19,26,22,9,3,3,3,10,0,6,4,8,2,2,4,8,2,4,2,9,2,3,4,8,3,1,4,7,4,2,1,8,3,5,0,67
107.536719,19,26,21,8,3,3,2,10,0,6,4,8,2,2,4,8,2,4,2,9,2,3,4,8,3,1,4,7,4,2,1,8,3,5,0,66
107.728572,19,26,22,8,3,3,2,10,0,6,4,8,2,2,4,8,2,4,2,9,2,3,4,8,3,1,4,7,4,2,1,9,3,5,1,67
107.760403,18,26,22,7,2,3,2,10,0,6,4,8,2,2,4,8,2,4,2,9,2,3,4,8,3,1,4,7,4,2,1,9,3,5,1,66
108.036436,18,27,22,8,2,4,2,10,0,6,4,8,2,2,4,8,2,4,2,9,2,3,4,8,3,1,4,7,4,2,1,9,3,5,1,67
108.526786,18,27,21,8,2,4,2,9,0,6,3,8,2,2,4,8,2,4,2,9,2,3,4,8,3,1,4,7,4,2,1,9,3,5,1,66
108.668218,18,26,21,8,2,4,2,9,0,6,3,8,2,2,4,8,2,4,2,9,2,3,4,8,3,1,4,7,4,2,1,8,3,4,1,65
108.807511,18,26,22,8,2,4,2,10,0,6,4,8,2,2,4,8,2,4,2,9,2,3,4,8,3,1,4,7,4,2,1,8,3,4,1,66
108.835067,18,26,21,8,2,4,2,9,0,6,3,8,2,2,4,8,2,4,2,9,2,3,4,8,3,1,4,7,4,2,1,8,3,4,1,65
108.99566,18,25,21,8,2,4,2,8,0,5,3,8,2,2,4,8,2,4,2,9,2,3,4,8,3,1,4,7,4,2,1,8,3,4,1,64
109.028536,18,24,21,8,2,4,2,8,0,5,3,8,2,2,4,8,2,4,2,9,2,3,4,7,3,0,4,7,4,2,1,8,3,4,1,63
109.146862,18,25,21,8,2,4,2,8,0,5,3,9,2,3,4,8,2,4,2,9,2,3,4,7,3,0,4,7,4,2,1,8,3,4,1,64
109.303333,18,25,22,8,2,4,2,8,0,5,3,9,2,3,4,9,2,4,3,9,2,3,4,7,3,0,4,7,4,2,1,8,3,4,1,65
109.54469,18,25,21,8,2,4,2,8,0,5,3,9,2,3,4,9,2,4,3,8,2,3,3,7,3,0,4,7,4,2,1,8,3,4,1,64
109.557576,18,24,21,8,2,4,2,8,0,5,3,8,2,2,4,9,2,4,3,8,2,3,3,7,3,0,4,7,4,2,1,8,3,4,1,63
109.559881,18,24,20,8,2,4,2,7,0,5,2,8,2,2,4,9,2,4,3,8,2,3,3,7,3,0,4,7,4,2,1,8,3,4,1,62
109.715764,18,24,21,8,2,4,2,7,0,5,2,8,2,2,4,9,2,4,3,9,2,3,4,7,3,0,4,7,4,2,1,8,3,4,1,63
109.834673,18,23,21,8,2,4,2,7,0,5,2,8,2,2,4,9,2,4,3,8,2,2,4,7,3,0,4,7,4,2,1,8,3,4,1,62
109.902236,18,22,21,7,2,3,2,7,0,5,2,8,2,2,4,9,2,4,3,8,2,2,4,7,3,0,4,7,4,2,1,8,3,4,1,61
109.977772,18,21,21,7,2,3,2,6,0,4,2,8,2,2,4,9,2,4,3,8,2,2,4,7,3,0,4,7,4,2,1,8,3,4,1,60
110.208259,18,21,22,7,2,3,2,6,0,4,2,8,2,2,4,9,2,4,3,8,2,2,4,8,3,0,5,7,4,2,1,8,3,4,1,61
110.401343,19,21,22,7,2,3,2,6,0,4,2,8,2,2,4,9,2,4,3,8,2,2,4,8,3,0,5,8,5,2,1,8,3,4,1,62
110.701158,19,20,22,7,2,3,2,6,0,4,2,8,2,2,4,9,2,4,3,7,2,1,4,8,3,0,5,8,5,2,1,8,3,4,1,61
110.74075,18,20,22,7,2,3,2,6,0,4,2,8,2,2,4,9,2,4,3,7,2,1,4,8,3,0,5,7,4,2,1,8,3,4,1,60
110.75155,18,20,23,7,2,3,2,6,0,4,2,8,2,2,4,9,2,4,3,7,2,1,4,8,3,0,5,7,4,2,1,9,3,4,2,61
110.792624,18,20,22,7,2,3,2,6,0,4,2,7,2,2,3,9,2,4,3,7,2,1,4,8,3,0,5,7,4,2,1,9,3,4,2,60
110.99025,18,21,22,8,2,4,2,6,0,4,2,7,2,2,3,9,2,4,3,7,2,1,4,8,3,0,5,7,4,2,1,9,3,4,2,61
111.037675,18,21,23,8,2,4,2,7,0,4,3,7,2,2,3,9,2,4,3,7,2,1,4,8,3,0,5,7,4,2,1,9,3,4,2,62
111.635431,18,20,23,8,2,4,2,7,0,4,3,7,2,2,3,8,2,3,3,7,2,1,4,8,3,0,5,7,4,2,1,9,3,4,2,61
111.722769,18,20,24,8,2,4,2,7,0,4,3,8,2,2,4,8,2,3,3,7,2,1,4,8,3,0,5,7,4,2,1,9,3,4,2,62
111.764571,18,21,24,8,2,4,2,7,0,4,3,8,2,2,4,9,2,4,3,7,2,1,4,8,3,0,5,7,4,2,1,9,3,4,2,63
112.033128,18,21,25,8,2,4,2,7,0,4,3,8,2,2,4,9,2,4,3,8,2,1,5,8,3,0,5,7,4,2,1,9,3,4,2,64
112.170437,18,21,26,8,2,4,2,7,0,4,3,8,2,2,4,9,2,4,3,8,2,1,5,9,3,0,6,7,4,2,1,9,3,4,2,65
112.236774,18,21,25,8,2,4,2,7,0,4,3,7,2,2,3,9,2,4,3,8,2,1,5,9,3,0,6,7,4,2,1,9,3,4,2,64
112.29733,18,21,26,8,2,4,2,7,0,4,3,7,2,2,3,9,2,4,3,8,2,1,5,9,3,0,6,8,4,2,2,9,3,4,2,65
112.45386,17,21,26,8,2,4,2,7,0,4,3,7,2,2,3,9,2,4,3,8,2,1,5,8,2,0,6,8,4,2,2,9,3,4,2,64
112.498046,17,20,26,8,2,4,2,6,0,3,3,7,2,2,3,9,2,4,3,8,2,1,5,8,2,0,6,8,4,2,2,9,3,4,2,63
112.759565,17,21,26,8,2,4,2,6,0,3,3,7,2,2,3,9,2,4,3,8,2,1,5,8,2,0,6,8,4,2,2,10,3,5,2,64
112.864372,17,22,26,9,2,5,2,6,0,3,3,7,2,2,3,9,2,4,3,8,2,1,5,8,2,0,6,8,4,2,2,10,3,5,2,65
112.895197,17,21,26,9,2,5,2,6,0,3,3,7,2,2,3,8,2,3,3,8,2,1,5,8,2,0,6,8,4,2,2,10,3,5,2,64
112.904637,18,21,26,9,2,5,2,7,1,3,3,7,2,2,3,8,2,3,3,8,2,1,5,8,2,0,6,8,4,2,2,10,3,5,2,65
112.963811,17,21,26,9,2,5,2,7,1,3,3,7,2,2,3,7,1,3,3,8,2,1,5,8,2,0,6,8,4,2,2,10,3,5,2,64
113.014752,16,21,26,9,2,5,2,7,1,3,3,7,2,2,3,7,1,3,3,8,2,1,5,8,2,0,6,8,4,2,2,9,2,5,2,63
113.460757,15,21,26,9,2,5,2,7,1,3,3,7,2,2,3,7,1,3,3,8,2,1,5,8,2,0,6,7,3,2,2,9,2,5,2,62
113.867283,15,20,26,9,2,5,2,7,1,3,3,7,2,2,3,6,1,2,3,8,2,1,5,8,2,0,6,7,3,2,2,9,2,5,2,61
113.881636,14,20,26,9,2,5,2,7,1,3,3,7,2,2,3,6,1,2,3,8,2,1,5,8,2,0,6,6,2,2,2,9,2,5,2,60
114.01838,14,21,26,9,2,5,2,7,1,3,3,8,2,3,3,6,1,2,3,8,2,1,5,8,2,0,6,6,2,2,2,9,2,5,2,61
114.064546,14,20,26,9,2,5,2,7,1,3,3,8,2,3,3,5,1,1,3,8,2,1,5,8,2,0,6,6,2,2,2,9,2,5,2,60
114.30186,13,20,26,8,1,5,2,7,1,3,3,8,2,3,3,5,1,1,3,8,2,1,5,8,2,0,6,6,2,2,2,9,2,5,2,59
114.383329,13,20,27,8,1,5,2,7,1,3,3,8,2,3,3,6,1,1,4,8,2,1,5,8,2,0,6,6,2,2,2,9,2,5,2,60
114.446824,12,20,27,8,1,5,2,7,1,3,3,8,2,3,3,6,1,1,4,8,2,1,5,8,2,0,6,6,2,2,2,8,1,5,2,59
114.710503,12,20,28,8,1,5,2,7,1,3,3,8,2,3,3,6,1,1,4,9,2,1,6,8,2,0,6,6,2,2,2,8,1,5,2,60
114.820334,12,20,27,8,1,5,2,7,1,3,3,8,2,3,3,6,1,1,4,9,2,1,6,7,2,0,5,6,2,2,2,8,1,5,2,59
115.273966,12,20,28,8,1,5,2,7,1,3,3,8,2,3,3,6,1,1,4,9,2,1,6,8,2,0,6,6,2,2,2,8,1,5,2,60
115.875134,13,20,28,8,1,5,2,7,1,3,3,8,2,3,3,6,1,1,4,9,2,1,6,8,2,0,6,7,3,2,2,8,1,5,2,61
115.98859,13,19,28,8,1,5,2,7,1,3,3,8,2,3,3,6,1,1,4,9,2,1,6,8,2,0,6,7,3,2,2,7,1,4,2,60
116.335435,12,19,28,8,1,5,2,7,1,3,3,8,2,3,3,6,1,1,4,9,2,1,6,8,2,0,6,7,3,2,2,6,0,4,2,59
116.567923,12,20,28,8,1,5,2,7,1,3,3,8,2,3,3,6,1,1,4,9,2,1,6,8,2,0,6,7,3,2,2,7,0,5,2,60
116.590828,13,20,28,9,2,5,2,7,1,3,3,8,2,3,3,6,1,1,4,9,2,1,6,8,2,0,6,7,3,2,2,7,0,5,2,61
116.621635,14,20,28,9,2,5,2,8,2,3,3,8,2,3,3,6,1,1,4,9,2,1,6,8,2,0,6,7,3,2,2,7,0,5,2,62
116.660488,14,19,28,9,2,5,2,8,2,3,3,8,2,3,3,6,1,1,4,8,2,0,6,8,2,0,6,7,3,2,2,7,0,5,2,61
116.936253,14,19,27,9,2,5,2,8,2,3,3,7,2,3,2,6,1,1,4,8,2,0,6,8,2,0,6,7,3,2,2,7,0,5,2,60
117.544145,14,19,26,9,2,5,2,8,2,3,3,7,2,3,2,6,1,1,4,8,2,0,6,7,2,0,5,7,3,2,2,7,0,5,2,59
117.58264,14,20,26,9,2,5,2,8,2,3,3,8,2,4,2,6,1,1,4,8,2,0,6,7,2,0,5,7,3,2,2,7,0,5,2,60
117.864722,14,20,27,9,2,5,2,8,2,3,3,8,2,4,2,7,1,1,5,8,2,0,6,7,2,0,5,7,3,2,2,7,0,5,2,61
117.920873,15,20,27,9,2,5,2,8,2,3,3,8,2,4,2,7,1,1,5,9,3,0,6,7,2,0,5,7,3,2,2,7,0,5,2,62
118.145499,16,20,27,9,2,5,2,8,2,3,3,8,2,4,2,7,1,1,5,9,3,0,6,8,3,0,5,7,3,2,2,7,0,5,2,63
118.174408,16,20,28,9,2,5,2,8,2,3,3,8,2,4,2,7,1,1,5,9,3,0,6,8,3,0,5,8,3,2,3,7,0,5,2,64
118.262698,15,20,28,9,2,5,2,8,2,3,3,8,2,4,2,7,1,1,5,8,2,0,6,8,3,0,5,8,3,2,3,7,0,5,2,63
118.626068,15,20,27,9,2,5,2,8,2,3,3,8,2,4,2,7,1,1,5,8,2,0,6,8,3,0,5,8,3,2,3,6,0,5,1,62
118.671581,15,21,27,9,2,5,2,8,2,3,3,8,2,4,2,7,1,1,5,8,2,0,6,8,3,0,5,8,3,2,3,7,0,6,1,63
119.173275,15,21,28,10,2,5,3,8,2,3,3,8,2,4,2,7,1,1,5,8,2,0,6,8,3,0,5,8,3,2,3,7,0,6,1,64
119.176942,16,21,28,10,2,5,3,9,3,3,3,8,2,4,2,7,1,1,5,8,2,0,6,8,3,0,5,8,3,2,3,7,0,6,1,65
119.519329,15,21,28,10,2,5,3,9,3,3,3,8,2,4,2,7,1,1,5,8,2,0,6,7,2,0,5,8,3,2,3,7,0,6,1,64
119.944357,15,22,28,10,2,5,3,9,3,3,3,9,2,5,2,7,1,1,5,8,2,0,6,7,2,0,5,8,3,2,3,7,0,6,1,65
119.950322,15,23,28,10,2,5,3,9,3,3,3,9,2,5,2,8,1,2,5,8,2,0,6,7,2,0,5,8,3,2,3,7,0,6,1,66
120.116684,15,22,28,10,2,5,3,8,3,2,3,9,2,5,2,8,1,2,5,8,2,0,6,7,2,0,5,8,3,2,3,7,0,6,1,65
120.262748,14,22,28,10,2,5,3,8,3,2,3,9,2,5,2,8,1,2,5,7,1,0,6,7,2,0,5,8,3,2,3,7,0,6,1,64
120.304507,14,23,28,10,2,5,3,8,3,2,3,9,2,5,2,8,1,2,5,8,1,1,6,7,2,0,5,8,3,2,3,7,0,6,1,65
120.463735,14,23,29,10,2,5,3,8,3,2,3,9,2,5,2,8,1,2,5,8,1,1,6,8,2,0,6,8,3,2,3,7,0,6,1,66
120.668034,14,23,28,10,2,5,3,7,3,2,2,9,2,5,2,8,1,2,5,8,1,1,6,8,2,0,6,8,3,2,3,7,0,6,1,65
120.671775,15,23,28,10,2,5,3,7,3,2,2,9,2,5,2,8,1,2,5,8,1,1,6,8,2,0,6,9,4,2,3,7,0,6,1,66
120.692615,14,23,28,9,1,5,3,7,3,2,2,9,2,5,2,8,1,2,5,8,1,1,6,8,2,0,6,9,4,2,3,7,0,6,1,65
120.800701,14,22,28,9,1,5,3,7,3,2,2,9,2,5,2,8,1,2,5,8,1,1,6,8,2,0,6,9,4,2,3,6,0,5,1,64
120.816664,15,22,28,9,1,5,3,7,3,2,2,9,2,5,2,8,1,2,5,8,1,1,6,8,2,0,6,9,4,2,3,7,1,5,1,65
121.255616,15,23,28,10,1,6,3,7,3,2,2,9,2,5,2,8,1,2,5,8,1,1,6,8,2,0,6,9,4,2,3,7,1,5,1,66
121.689469,15,23,29,10,1,6,3,8,3,2,3,9,2,5,2,8,1,2,5,8,1,1,6,8,2,0,6,9,4,2,3,7,1,5,1,67
121.770483,14,23,29,10,1,6,3,8,3,2,3,9,2,5,2,8,1,2,5,8,1,1,6,8,2,0,6,8,3,2,3,7,1,5,1,66
122.074811,14,23,30,10,1,6,3,8,3,2,3,10,2,5,3,8,1,2,5,8,1,1,6,8,2,0,6,8,3,2,3,7,1,5,1,67
122.310542,14,24,30,10,1,6,3,8,3,2,3,10,2,5,3,9,1,3,5,8,1,1,6,8,2,0,6,8,3,2,3,7,1,5,1,68
122.31225,14,25,30,10,1,6,3,8,3,2,3,10,2,5,3,9,1,3,5,9,1,2,6,8,2,0,6,8,3,2,3,7,1,5,1,69
122.608844,14,24,30,10,1,6,3,8,3,2,3,9,2,4,3,9,1,3,5,9,1,2,6,8,2,0,6,8,3,2,3,7,1,5,1,68
122.623864,15,24,30,10,1,6,3,8,3,2,3,9,2,4,3,9,1,3,5,9,1,2,6,9,3,0,6,8,3,2,3,7,1,5,1,69
122.783584,15,24,29,9,1,6,2,8,3,2,3,9,2,4,3,9,1,3,5,9,1,2,6,9,3,0,6,8,3,2,3,7,1,5,1,68
122.798112,15,25,29,9,1,6,2,8,3,2,3,9,2,4,3,9,1,3,5,9,1,2,6,9,3,0,6,9,3,3,3,7,1,5,1,69
122.81551,16,25,29,9,1,6,2,8,3,2,3,9,2,4,3,9,1,3,5,9,1,2,6,9,3,0,6,9,3,3,3,8,2,5,1,70
122.904989,17,25,29,10,2,6,2,8,3,2,3,9,2,4,3,9,1,3,5,9,1,2,6,9,3,0,6,9,3,3,3,8,2,5,1,71
123.24506,17,24,29,10,2,6,2,8,3,2,3,8,2,3,3,9,1,3,5,9,1,2,6,9,3,0,6,9,3,3,3,8,2,5,1,70
123.255837,17,24,28,10,2,6,2,8,3,2,3,8,2,3,3,9,1,3,5,8,1,2,5,9,3,0,6,9,3,3,3,8,2,5,1,69
123.324005,16,24,28,10,2,6,2,8,3,2,3,7,1,3,3,9,1,3,5,8,1,2,5,9,3,0,6,9,3,3,3,8,2,5,1,68
123.398973,16,24,27,10,2,6,2,8,3,2,3,6,1,3,2,9,1,3,5,8,1,2,5,9,3,0,6,9,3,3,3,8,2,5,1,67
123.433655,16,23,27,9,2,5,2,8,3,2,3,6,1,3,2,9,1,3,5,8,1,2,5,9,3,0,6,9,3,3,3,8,2,5,1,66
123.438197,16,23,26,9,2,5,2,8,3,2,3,6,1,3,2,9,1,3,5,7,1,2,4,9,3,0,6,9,3,3,3,8,2,5,1,65
123.452205,16,23,25,8,2,5,1,8,3,2,3,6,1,3,2,9,1,3,5,7,1,2,4,9,3,0,6,9,3,3,3,8,2,5,1,64
123.469808,17,23,25,8,2,5,1,9,4,2,3,6,1,3,2,9,1,3,5,7,1,2,4,9,3,0,6,9,3,3,3,8,2,5,1,65
123.63041,16,23,25,8,2,5,1,8,3,2,3,6,1,3,2,9,1,3,5,7,1,2,4,9,3,0,6,9,3,3,3,8,2,5,1,64
123.686115,16,22,25,8,2,5,1,7,3,1,3,6,1,3,2,9,1,3,5,7,1,2,4,9,3,0,6,9,3,3,3,8,2,5,1,63
123.901078,16,22,24,8,2,5,1,7,3,1,3,6,1,3,2,9,1,3,5,7,1,2,4,9,3,0,6,8,3,3,2,8,2,5,1,62
124.418681,15,22,24,8,2,5,1,7,3,1,3,6,1,3,2,9,1,3,5,7,1,2,4,9,3,0,6,7,2,3,2,8,2,5,1,61
124.716735,15,21,24,8,2,5,1,7,3,1,3,6,1,3,2,9,1,3,5,7,1,2,4,9,3,0,6,7,2,3,2,7,2,4,1,60
124.820656,15,21,25,8,2,5,1,7,3,1,3,7,1,3,3,9,1,3,5,7,1,2,4,9,3,0,6,7,2,3,2,7,2,4,1,61
125.038274,15,22,25,8,2,5,1,7,3,1,3,7,1,3,3,10,1,4,5,7,1,2,4,9,3,0,6,7,2,3,2,7,2,4,1,62
125.044874,15,21,25,8,2,5,1,7,3,1,3,7,1,3,3,10,1,4,5,7,1,2,4,9,3,0,6,6,2,2,2,7,2,4,1,61
125.28932,15,21,24,8,2,5,1,7,3,1,3,7,1,3,3,10,1,4,5,6,1,2,3,9,3,0,6,6,2,2,2,7,2,4,1,60
125.322769,15,21,23,8,2,5,1,7,3,1,3,7,1,3,3,10,1,4,5,6,1,2,3,9,3,0,6,6,2,2,2,6,2,4,0,59
125.656765,15,21,24,8,2,5,1,7,3,1,3,7,1,3,3,10,1,4,5,7,1,2,4,9,3,0,6,6,2,2,2,6,2,4,0,60
125.861811,14,21,24,8,2,5,1,7,3,1,3,7,1,3,3,10,1,4,5,7,1,2,4,8,2,0,6,6,2,2,2,6,2,4,0,59
125.864439,14,21,23,8,2,5,1,7,3,1,3,7,1,3,3,9,1,4,4,7,1,2,4,8,2,0,6,6,2,2,2,6,2,4,0,58
125.889599,14,20,23,8,2,5,1,7,3,1,3,7,1,3,3,9,1,4,4,7,1,2,4,8,2,0,6,5,2,1,2,6,2,4,0,57
125.96711,15,20,23,8,2,5,1,7,3,1,3,7,1,3,3,9,1,4,4,7,1,2,4,9,3,0,6,5,2,1,2,6,2,4,0,58
126.053944,15,19,23,7,2,4,1,7,3,1,3,7,1,3,3,9,1,4,4,7,1,2,4,9,3,0,6,5,2,1,2,6,2,4,0,57
126.078197,15,19,22,7,2,4,1,7,3,1,3,7,1,3,3,9,1,4,4,7,1,2,4,8,3,0,5,5,2,1,2,6,2,4,0,56
126.089656,16,19,22,7,2,4,1,7,3,1,3,7,1,3,3,9,1,4,4,7,1,2,4,8,3,0,5,6,3,1,2,6,2,4,0,57
126.094736,16,20,22,7,2,4,1,7,3,1,3,7,1,3,3,9,1,4,4,7,1,2,4,8,3,0,5,6,3,1,2,7,2,5,0,58
126.236144,16,21,22,8,2,5,1,7,3,1,3,7,1,3,3,9,1,4,4,7,1,2,4,8,3,0,5,6,3,1,2,7,2,5,0,59
126.244589,16,20,22,7,2,4,1,7,3,1,3,7,1,3,3,9,1,4,4,7,1,2,4,8,3,0,5,6,3,1,2,7,2,5,0,58
126.532802,15,20,22,7,2,4,1,7,3,1,3,6,0,3,3,9,1,4,4,7,1,2,4,8,3,0,5,6,3,1,2,7,2,5,0,57
126.862875,16,20,22,7,2,4,1,8,4,1,3,6,0,3,3,9,1,4,4,7,1,2,4,8,3,0,5,6,3,1,2,7,2,5,0,58
126.87352,16,21,22,7,2,4,1,8,4,1,3,7,0,4,3,9,1,4,4,7,1,2,4,8,3,0,5,6,3,1,2,7,2,5,0,59
126.941732,16,21,23,7,2,4,1,8,4,1,3,7,0,4,3,10,1,4,5,7,1,2,4,8,3,0,5,6,3,1,2,7,2,5,0,60
127.132287,16,21,24,7,2,4,1,8,4,1,3,7,0,4,3,10,1,4,5,8,1,2,5,8,3,0,5,6,3,1,2,7,2,5,0,61
127.418857,16,21,23,7,2,4,1,8,4,1,3,7,0,4,3,10,1,4,5,7,1,2,4,8,3,0,5,6,3,1,2,7,2,5,0,60
127.54008,16,21,22,7,2,4,1,8,4,1,3,7,0,4,3,10,1,4,5,7,1,2,4,7,3,0,4,6,3,1,2,7,2,5,0,59
128.212559,16,21,23,7,2,4,1,8,4,1,3,7,0,4,3,10,1,4,5,7,1,2,4,8,3,0,5,6,3,1,2,7,2,5,0,60
128.397558,17,21,23,7,2,4,1,8,4,1,3,7,0,4,3,10,1,4,5,7,1,2,4,8,3,0,5,7,4,1,2,7,2,5,0,61
128.591157,17,21,22,7,2,4,1,8,4,1,3,7,0,4,3,10,1,4,5,7,1,2,4,7,3,0,4,7,4,1,2,7,2,5,0,60
128.654363,17,21,23,7,2,4,1,8,4,1,3,7,0,4,3,10,1,4,5,7,1,2,4,7,3,0,4,7,4,1,2,8,2,5,1,61
128.777295,17,21,22,7,2,4,1,8,4,1,3,7,0,4,3,10,1,4,5,7,1,2,4,7,3,0,4,6,4,1,1,8,2,5,1,60
129.701966,18,21,22,8,3,4,1,8,4,1,3,7,0,4,3,10,1,4,5,7,1,2,4,7,3,0,4,6,4,1,1,8,2,5,1,61
130.138533,18,20,22,8,3,4,1,8,4,1,3,6,0,3,3,10,1,4,5,7,1,2,4,7,3,0,4,6,4,1,1,8,2,5,1,60
130.330365,18,21,22,8,3,4,1,9,4,2,3,6,0,3,3,10,1,4,5,7,1,2,4,7,3,0,4,6,4,1,1,8,2,5,1,61
131.019566,18,20,22,7,3,3,1,9,4,2,3,6,0,3,3,10,1,4,5,7,1,2,4,7,3,0,4,6,4,1,1,8,2,5,1,60
131.213312,18,20,21,7,3,3,1,8,4,2,2,6,0,3,3,10,1,4,5,7,1,2,4,7,3,0,4,6,4,1,1,8,2,5,1,59
131.366194,18,19,21,7,3,3,1,8,4,2,2,6,0,3,3,10,1,4,5,7,1,2,4,7,3,0,4,6,4,1,1,7,2,4,1,58
131.383655,19,19,21,7,3,3,1,8,4,2,2,7,1,3,3,10,1,4,5,7,1,2,4,7,3,0,4,6,4,1,1,7,2,4,1,59
131.392058,19,20,21,7,3,3,1,8,4,2,2,7,1,3,3,11,1,5,5,7,1,2,4,7,3,0,4,6,4,1,1,7,2,4,1,60
131.501252,19,20,20,7,3,3,1,8,4,2,2,7,1,3,3,10,1,5,4,7,1,2,4,7,3,0,4,6,4,1,1,7,2,4,1,59
131.687054,19,20,19,7,3,3,1,8,4,2,2,7,1,3,3,10,1,5,4,7,1,2,4,6,3,0,3,6,4,1,1,7,2,4,1,58
132.032403,18,20,19,7,3,3,1,8,4,2,2,7,1,3,3,9,0,5,4,7,1,2,4,6,3,0,3,6,4,1,1,7,2,4,1,57
132.088014,18,21,19,7,3,3,1,8,4,2,2,7,1,3,3,9,0,5,4,8,1,3,4,6,3,0,3,6,4,1,1,7,2,4,1,58
132.36815,18,21,18,7,3,3,1,8,4,2,2,7,1,3,3,9,0,5,4,8,1,3,4,5,3,0,2,6,4,1,1,7,2,4,1,57
132.413293,18,21,17,7,3,3,1,8,4,2,2,6,1,3,2,9,0,5,4,8,1,3,4,5,3,0,2,6,4,1,1,7,2,4,1,56
132.491709,18,21,18,7,3,3,1,8,4,2,2,6,1,3,2,9,0,5,4,8,1,3,4,6,3,0,3,6,4,1,1,7,2,4,1,57
132.590971,18,20,18,6,3,2,1,8,4,2,2,6,1,3,2,9,0,5,4,8,1,3,4,6,3,0,3,6,4,1,1,7,2,4,1,56
132.808232,19,20,18,6,3,2,1,8,4,2,2,6,1,3,2,9,0,5,4,8,1,3,4,6,3,0,3,7,5,1,1,7,2,4,1,57
132.977904,20,20,18,6,3,2,1,8,4,2,2,6,1,3,2,9,0,5,4,8,1,3,4,6,3,0,3,7,5,1,1,8,3,4,1,58
133.407917,20,19,18,6,3,2,1,8,4,2,2,6,1,3,2,9,0,5,4,8,1,3,4,6,3,0,3,7,5,1,1,7,3,3,1,57
133.426391,20,19,19,7,3,2,2,8,4,2,2,6,1,3,2,9,0,5,4,8,1,3,4,6,3,0,3,7,5,1,1,7,3,3,1,58
133.56354,21,19,19,7,3,2,2,9,5,2,2,6,1,3,2,9,0,5,4,8,1,3,4,6,3,0,3,7,5,1,1,7,3,3,1,59
133.597672,21,18,19,7,3,2,2,9,5,2,2,6,1,3,2,9,0,5,4,8,1,3,4,6,3,0,3,6,5,0,1,7,3,3,1,58
133.738678,21,18,18,7,3,2,2,8,5,2,1,6,1,3,2,9,0,5,4,8,1,3,4,6,3,0,3,6,5,0,1,7,3,3,1,57
133.76683,22,18,18,7,3,2,2,8,5,2,1,7,2,3,2,9,0,5,4,8,1,3,4,6,3,0,3,6,5,0,1,7,3,3,1,58
134.031716,21,18,18,7,3,2,2,8,5,2,1,7,2,3,2,9,0,5,4,8,1,3,4,6,3,0,3,5,4,0,1,7,3,3,1,57
134.092639,21,18,19,7,3,2,2,8,5,2,1,7,2,3,2,10,0,5,5,8,1,3,4,6,3,0,3,5,4,0,1,7,3,3,1,58
134.227455,22,18,19,7,3,2,2,8,5,2,1,7,2,3,2,10,0,5,5,9,2,3,4,6,3,0,3,5,4,0,1,7,3,3,1,59
134.248343,22,18,18,7,3,2,2,8,5,2,1,7,2,3,2,10,0,5,5,8,2,3,3,6,3,0,3,5,4,0,1,7,3,3,1,58
134.302744,22,18,19,7,3,2,2,8,5,2,1,7,2,3,2,10,0,5,5,8,2,3,3,7,3,0,4,5,4,0,1,7,3,3,1,59
134.738197,22,19,19,7,3,2,2,8,5,2,1,7,2,3,2,10,0,5,5,8,2,3,3,7,3,0,4,6,4,1,1,7,3,3,1,60
134.835213,22,19,18,7,3,2,2,8,5,2,1,7,2,3,2,10,0,5,5,7,2,3,2,7,3,0,4,6,4,1,1,7,3,3,1,59
134.858369,23,19,18,7,3,2,2,8,5,2,1,7,2,3,2,10,0,5,5,7,2,3,2,7,3,0,4,6,4,1,1,8,4,3,1,60
135.38247,23,18,18,7,3,2,2,7,5,1,1,7,2,3,2,10,0,5,5,7,2,3,2,7,3,0,4,6,4,1,1,8,4,3,1,59
135.396128,23,18,17,7,3,2,2,7,5,1,1,7,2,3,2,9,0,5,4,7,2,3,2,7,3,0,4,6,4,1,1,8,4,3,1,58
135.459226,23,18,16,7,3,2,2,7,5,1,1,6,2,3,1,9,0,5,4,7,2,3,2,7,3,0,4,6,4,1,1,8,4,3,1,57
135.468976,22,18,16,7,3,2,2,7,5,1,1,6,2,3,1,9,0,5,4,7,2,3,2,6,2,0,4,6,4,1,1,8,4,3,1,56
135.506865,22,18,15,7,3,2,2,7,5,1,1,6,2,3,1,8,0,5,3,7,2,3,2,6,2,0,4,6,4,1,1,8,4,3,1,55
135.5693,22,18,14,7,3,2,2,7,5,1,1,6,2,3,1,7,0,5,2,7,2,3,2,6,2,0,4,6,4,1,1,8,4,3,1,54
135.966409,23,18,14,8,4,2,2,7,5,1,1,6,2,3,1,7,0,5,2,7,2,3,2,6,2,0,4,6,4,1,1,8,4,3,1,55
135.969067,24,18,14,8,4,2,2,8,6,1,1,6,2,3,1,7,0,5,2,7,2,3,2,6,2,0,4,6,4,1,1,8,4,3,1,56
136.043447,24,18,15,8,4,2,2,8,6,1,1,7,2,3,2,7,0,5,2,7,2,3,2,6,2,0,4,6,4,1,1,8,4,3,1,57
136.133319,24,18,16,8,4,2,2,8,6,1,1,7,2,3,2,8,0,5,3,7,2,3,2,6,2,0,4,6,4,1,1,8,4,3,1,58
136.349012,23,18,16,8,4,2,2,7,5,1,1,7,2,3,2,8,0,5,3,7,2,3,2,6,2,0,4,6,4,1,1,8,4,3,1,57
136.490917,23,18,17,8,4,2,2,7,5,1,1,7,2,3,2,8,0,5,3,8,2,3,3,6,2,0,4,6,4,1,1,8,4,3,1,58
136.770682,23,19,17,8,4,2,2,7,5,1,1,7,2,3,2,8,0,5,3,8,2,3,3,7,2,1,4,6,4,1,1,8,4,3,1,59
136.886494,23,19,18,8,4,2,2,7,5,1,1,7,2,3,2,8,0,5,3,8,2,3,3,7,2,1,4,7,4,1,2,8,4,3,1,60
137.063517,23,18,18,8,4,2,2,7,5,1,1,7,2,3,2,7,0,4,3,8,2,3,3,7,2,1,4,7,4,1,2,8,4,3,1,59
137.137605,23,17,18,8,4,2,2,7,5,1,1,7,2,3,2,6,0,3,3,8,2,3,3,7,2,1,4,7,4,1,2,8,4,3,1,58
137.214574,23,17,19,8,4,2,2,7,5,1,1,7,2,3,2,6,0,3,3,8,2,3,3,7,2,1,4,7,4,1,2,9,4,3,2,59
137.655491,22,17,19,8,4,2,2,6,4,1,1,7,2,3,2,6,0,3,3,8,2,3,3,7,2,1,4,7,4,1,2,9,4,3,2,58
137.827559,23,17,19,9,5,2,2,6,4,1,1,7,2,3,2,6,0,3,3,8,2,3,3,7,2,1,4,7,4,1,2,9,4,3,2,59
138.242311,23,16,19,9,5,2,2,6,4,1,1,7,2,3,2,6,0,3,3,8,2,3,3,7,2,1,4,7,4,1,2,8,4,2,2,58
138.272764,23,16,20,9,5,2,2,7,4,1,2,7,2,3,2,6,0,3,3,8,2,3,3,7,2,1,4,7,4,1,2,8,4,2,2,59
138.366522,24,16,20,9,5,2,2,7,4,1,2,8,3,3,2,6,0,3,3,8,2,3,3,7,2,1,4,7,4,1,2,8,4,2,2,60
138.457869,25,16,20,9,5,2,2,7,4,1,2,8,3,3,2,7,1,3,3,8,2,3,3,7,2,1,4,7,4,1,2,8,4,2,2,61
138.465585,26,16,20,9,5,2,2,7,4,1,2,8,3,3,2,7,1,3,3,9,3,3,3,7,2,1,4,7,4,1,2,8,4,2,2,62
138.478092,26,15,20,9,5,2,2,7,4,1,2,8,3,3,2,7,1,3,3,8,3,2,3,7,2,1,4,7,4,1,2,8,4,2,2,61
138.488591,26,15,21,9,5,2,2,7,4,1,2,8,3,3,2,7,1,3,3,8,3,2,3,8,2,1,5,7,4,1,2,8,4,2,2,62
138.571551,27,15,21,9,5,2,2,7,4,1,2,8,3,3,2,7,1,3,3,8,3,2,3,8,2,1,5,8,5,1,2,8,4,2,2,63
138.637137,27,15,20,9,5,2,2,7,4,1,2,8,3,3,2,7,1,3,3,8,3,2,3,7,2,1,4,8,5,1,2,8,4,2,2,62
138.810662,27,15,21,9,5,2,2,7,4,1,2,8,3,3,2,7,1,3,3,8,3,2,3,7,2,1,4,8,5,1,2,9,4,2,3,63
138.936665,27,14,21,9,5,2,2,7,4,1,2,8,3,3,2,7,1,3,3,7,3,1,3,7,2,1,4,8,5,1,2,9,4,2,3,62
139.39024,27,13,21,9,5,2,2,7,4,1,2,8,3,3,2,6,1,2,3,7,3,1,3,7,2,1,4,8,5,1,2,9,4,2,3,61
139.518883,27,14,21,10,5,3,2,7,4,1,2,8,3,3,2,6,1,2,3,7,3,1,3,7,2,1,4,8,5,1,2,9,4,2,3,62
140.101558,27,14,22,10,5,3,2,8,4,1,3,8,3,3,2,6,1,2,3,7,3,1,3,7,2,1,4,8,5,1,2,9,4,2,3,63
140.150687,28,14,22,10,5,3,2,8,4,1,3,9,4,3,2,6,1,2,3,7,3,1,3,7,2,1,4,8,5,1,2,9,4,2,3,64
140.434536,29,14,22,10,5,3,2,8,4,1,3,9,4,3,2,7,2,2,3,7,3,1,3,7,2,1,4,8,5,1,2,9,4,2,3,65
140.516077,29,14,23,10,5,3,2,8,4,1,3,9,4,3,2,7,2,2,3,8,3,1,4,7,2,1,4,8,5,1,2,9,4,2,3,66
140.584051,29,15,23,10,5,3,2,8,4,1,3,9,4,3,2,7,2,2,3,8,3,1,4,8,2,2,4,8,5,1,2,9,4,2,3,67
140.674277,28,15,23,10,5,3,2,8,4,1,3,9,4,3,2,7,2,2,3,8,3,1,4,7,1,2,4,8,5,1,2,9,4,2,3,66
140.678127,29,15,23,10,5,3,2,8,4,1,3,9,4,3,2,7,2,2,3,8,3,1,4,7,1,2,4,9,6,1,2,9,4,2,3,67
140.721904,29,16,23,10,5,3,2,8,4,1,3,9,4,3,2,7,2,2,3,8,3,1,4,7,1,2,4,9,6,1,2,10,4,3,3,68
140.791462,29,16,24,11,5,3,3,8,4,1,3,9,4,3,2,7,2,2,3,8,3,1,4,7,1,2,4,9,6,1,2,10,4,3,3,69
140.834309,29,15,24,11,5,3,3,8,4,1,3,8,4,2,2,7,2,2,3,8,3,1,4,7,1,2,4,9,6,1,2,10,4,3,3,68
140.855884,29,16,24,11,5,3,3,9,4,2,3,8,4,2,2,7,2,2,3,8,3,1,4,7,1,2,4,9,6,1,2,10,4,3,3,69
140.923382,28,16,24,11,5,3,3,8,3,2,3,8,4,2,2,7,2,2,3,8,3,1,4,7,1,2,4,9,6,1,2,10,4,3,3,68
140.927144,29,16,24,11,5,3,3,8,3,2,3,9,5,2,2,7,2,2,3,8,3,1,4,7,1,2,4,9,6,1,2,10,4,3,3,69
141.236326,28,16,24,10,4,3,3,8,3,2,3,9,5,2,2,7,2,2,3,8,3,1,4,7,1,2,4,9,6,1,2,10,4,3,3,68
141.462829,28,15,24,10,4,3,3,8,3,2,3,9,5,2,2,7,2,2,3,8,3,1,4,7,1,2,4,9,6,1,2,9,4,2,3,67
141.782819,28,14,24,9,4,2,3,8,3,2,3,9,5,2,2,7,2,2,3,8,3,1,4,7,1,2,4,9,6,1,2,9,4,2,3,66
141.830109,27,14,24,9,4,2,3,8,3,2,3,8,4,2,2,7,2,2,3,8,3,1,4,7,1,2,4,9,6,1,2,9,4,2,3,65
142.025739,27,14,25,9,4,2,3,8,3,2,3,8,4,2,2,8,2,2,4,8,3,1,4,7,1,2,4,9,6,1,2,9,4,2,3,66
142.222125,27,14,24,9,4,2,3,8,3,2,3,8,4,2,2,8,2,2,4,8,3,1,4,7,1,2,4,8,6,1,1,9,4,2,3,65
142.670943,27,14,25,9,4,2,3,8,3,2,3,8,4,2,2,8,2,2,4,9,3,1,5,7,1,2,4,8,6,1,1,9,4,2,3,66
142.966801,26,14,25,9,4,2,3,8,3,2,3,8,4,2,2,8,2,2,4,9,3,1,5,7,1,2,4,7,5,1,1,9,4,2,3,65
143.203117,26,15,25,9,4,2,3,8,3,2,3,8,4,2,2,8,2,2,4,9,3,1,5,8,1,3,4,7,5,1,1,9,4,2,3,66
143.23065,26,16,25,9,4,2,3,8,3,2,3,8,4,2,2,8,2,2,4,9,3,1,5,8,1,3,4,8,5,2,1,9,4,2,3,67
143.396844,26,16,24,9,4,2,3,8,3,2,3,7,4,2,1,8,2,2,4,9,3,1,5,8,1,3,4,8,5,2,1,9,4,2,3,66
143.494118,26,17,24,9,4,2,3,8,3,2,3,7,4,2,1,8,2,2,4,9,3,1,5,8,1,3,4,8,5,2,1,10,4,3,3,67
143.559424,26,17,23,8,4,2,2,8,3,2,3,7,4,2,1,8,2,2,4,9,3,1,5,8,1,3,4,8,5,2,1,10,4,3,3,66
143.589147,26,18,23,9,4,3,2,8,3,2,3,7,4,2,1,8,2,2,4,9,3,1,5,8,1,3,4,8,5,2,1,10,4,3,3,67
143.688116,26,18,22,8,4,3,1,8,3,2,3,7,4,2,1,8,2,2,4,9,3,1,5,8,1,3,4,8,5,2,1,10,4,3,3,66
143.706306,26,17,22,8,4,3,1,8,3,2,3,6,4,1,1,8,2,2,4,9,3,1,5,8,1,3,4,8,5,2,1,10,4,3,3,65
143.781385,26,18,22,8,4,3,1,9,3,3,3,6,4,1,1,8,2,2,4,9,3,1,5,8,1,3,4,8,5,2,1,10,4,3,3,66
144.068884,25,18,22,8,4,3,1,9,3,3,3,6,4,1,1,8,2,2,4,9,3,1,5,8,1,3,4,8,5,2,1,9,3,3,3,65
144.12832,24,18,22,8,4,3,1,9,3,3,3,5,3,1,1,8,2,2,4,9,3,1,5,8,1,3,4,8,5,2,1,9,3,3,3,64
144.235765,24,18,21,8,4,3,1,9,3,3,3,5,3,1,1,8,2,2,4,9,3,1,5,8,1,3,4,8,5,2,1,8,3,3,2,63
144.410447,25,18,21,8,4,3,1,9,3,3,3,6,4,1,1,8,2,2,4,9,3,1,5,8,1,3,4,8,5,2,1,8,3,3,2,64
144.812625,25,18,22,8,4,3,1,9,3,3,3,6,4,1,1,9,2,2,5,9,3,1,5,8,1,3,4,8,5,2,1,8,3,3,2,65
145.320753,26,18,22,8,4,3,1,9,3,3,3,6,4,1,1,9,2,2,5,10,4,1,5,8,1,3,4,8,5,2,1,8,3,3,2,66
145.549683,27,18,22,8,4,3,1,9,3,3,3,6,4,1,1,9,2,2,5,10,4,1,5,9,2,3,4,8,5,2,1,8,3,3,2,67
145.77576,28,18,22,8,4,3,1,9,3,3,3,6,4,1,1,9,2,2,5,10,4,1,5,9,2,3,4,9,6,2,1,8,3,3,2,68
145.815516,28,19,22,8,4,3,1,9,3,3,3,6,4,1,1,9,2,2,5,10,4,1,5,9,2,3,4,9,6,2,1,9,3,4,2,69
145.907516,27,19,22,8,4,3,1,8,2,3,3,6,4,1,1,9,2,2,5,10,4,1,5,9,2,3,4,9,6,2,1,9,3,4,2,68
146.019838,27,19,23,9,4,3,2,8,2,3,3,6,4,1,1,9,2,2,5,10,4,1,5,9,2,3,4,9,6,2,1,9,3,4,2,69
146.055949,27,19,22,9,4,3,2,8,2,3,3,6,4,1,1,9,2,2,5,10,4,1,5,8,2,3,3,9,6,2,1,9,3,4,2,68
146.135904,28,19,22,9,4,3,2,9,3,3,3,6,4,1,1,9,2,2,5,10,4,1,5,8,2,3,3,9,6,2,1,9,3,4,2,69
146.431074,28,20,22,9,4,3,2,9,3,3,3,7,4,2,1,9,2,2,5,10,4,1,5,8,2,3,3,9,6,2,1,9,3,4,2,70
146.566554,27,20,22,8,3,3,2,9,3,3,3,7,4,2,1,9,2,2,5,10,4,1,5,8,2,3,3,9,6,2,1,9,3,4,2,69
146.608518,27,21,22,8,3,3,2,9,3,3,3,7,4,2,1,10,2,3,5,10,4,1,5,8,2,3,3,9,6,2,1,9,3,4,2,70
146.759324,27,21,21,8,3,3,2,8,3,3,2,7,4,2,1,10,2,3,5,10,4,1,5,8,2,3,3,9,6,2,1,9,3,4,2,69
146.798993,27,21,22,8,3,3,2,8,3,3,2,7,4,2,1,10,2,3,5,11,4,1,6,8,2,3,3,9,6,2,1,9,3,4,2,70
146.828051,27,22,22,8,3,3,2,8,3,3,2,7,4,2,1,10,2,3,5,11,4,1,6,9,2,4,3,9,6,2,1,9,3,4,2,71
146.838434,26,22,22,8,3,3,2,7,2,3,2,7,4,2,1,10,2,3,5,11,4,1,6,9,2,4,3,9,6,2,1,9,3,4,2,70
147.06102,26,21,22,8,3,3,2,7,2,3,2,7,4,2,1,10,2,3,5,10,4,0,6,9,2,4,3,9,6,2,1,9,3,4,2,69
147.289133,25,21,22,8,3,3,2,7,2,3,2,7,4,2,1,10,2,3,5,10,4,0,6,8,1,4,3,9,6,2,1,9,3,4,2,68
147.348682,25,21,21,8,3,3,2,7,2,3,2,7,4,2,1,10,2,3,5,10,4,0,6,7,1,4,2,9,6,2,1,9,3,4,2,67
147.497365,24,21,21,8,3,3,2,7,2,3,2,7,4,2,1,10,2,3,5,9,3,0,6,7,1,4,2,9,6,2,1,9,3,4,2,66
147.614466,24,22,21,8,3,3,2,7,2,3,2,7,4,2,1,10,2,3,5,9,3,0,6,7,1,4,2,10,6,3,1,9,3,4,2,67
147.887181,24,21,21,8,3,3,2,7,2,3,2,7,4,2,1,9,2,2,5,9,3,0,6,7,1,4,2,10,6,3,1,9,3,4,2,66
148.266509,24,22,21,8,3,3,2,7,2,3,2,7,4,2,1,9,2,2,5,9,3,0,6,7,1,4,2,10,6,3,1,10,3,5,2,67
148.347293,24,23,21,9,3,4,2,7,2,3,2,7,4,2,1,9,2,2,5,9,3,0,6,7,1,4,2,10,6,3,1,10,3,5,2,68
148.596315,24,24,21,9,3,4,2,8,2,4,2,7,4,2,1,9,2,2,5,9,3,0,6,7,1,4,2,10,6,3,1,10,3,5,2,69
148.695071,24,25,21,9,3,4,2,8,2,4,2,8,4,3,1,9,2,2,5,9,3,0,6,7,1,4,2,10,6,3,1,10,3,5,2,70
148.706185,24,26,21,9,3,4,2,8,2,4,2,8,4,3,1,10,2,3,5,9,3,0,6,7,1,4,2,10,6,3,1,10,3,5,2,71
148.760371,24,27,21,9,3,4,2,8,2,4,2,8,4,3,1,10,2,3,5,10,3,1,6,7,1,4,2,10,6,3,1,10,3,5,2,72
148.992978,25,27,21,9,3,4,2,8,2,4,2,8,4,3,1,10,2,3,5,10,3,1,6,8,2,4,2,10,6,3,1,10,3,5,2,73
149.015576,25,28,21,9,3,4,2,8,2,4,2,8,4,3,1,10,2,3,5,10,3,1,6,8,2,4,2,11,6,4,1,10,3,5,2,74
149.09834,25,29,21,9,3,4,2,8,2,4,2,8,4,3,1,10,2,3,5,10,3,1,6,8,2,4,2,11,6,4,1,11,3,6,2,75
149.103451,25,28,21,9,3,4,2,8,2,4,2,7,4,2,1,10,2,3,5,10,3,1,6,8,2,4,2,11,6,4,1,11,3,6,2,74
149.157276,25,28,20,9,3,4,2,7,2,4,1,7,4,2,1,10,2,3,5,10,3,1,6,8,2,4,2,11,6,4,1,11,3,6,2,73
149.425587,25,27,20,8,3,3,2,7,2,4,1,7,4,2,1,10,2,3,5,10,3,1,6,8,2,4,2,11,6,4,1,11,3,6,2,72
149.574179,25,28,20,9,3,4,2,7,2,4,1,7,4,2,1,10,2,3,5,10,3,1,6,8,2,4,2,11,6,4,1,11,3,6,2,73
149.76276,24,28,20,9,3,4,2,7,2,4,1,7,4,2,1,10,2,3,5,10,3,1,6,8,2,4,2,10,5,4,1,11,3,6,2,72
149.868227,24,29,20,9,3,4,2,8,2,5,1,7,4,2,1,10,2,3,5,10,3,1,6,8,2,4,2,10,5,4,1,11,3,6,2,73
150.152396,25,29,20,9,3,4,2,8,2,5,1,8,5,2,1,10,2,3,5,10,3,1,6,8,2,4,2,10,5,4,1,11,3,6,2,74
150.185669,25,29,19,9,3,4,2,8,2,5,1,8,5,2,1,10,2,3,5,10,3,1,6,8,2,4,2,9,5,4,0,11,3,6,2,73
150.21891,26,29,19,9,3,4,2,8,2,5,1,8,5,2,1,11,3,3,5,10,3,1,6,8,2,4,2,9,5,4,0,11,3,6,2,74
150.278668,26,29,20,9,3,4,2,8,2,5,1,8,5,2,1,11,3,3,5,11,3,1,7,8,2,4,2,9,5,4,0,11,3,6,2,75
150.534702,26,29,21,9,3,4,2,8,2,5,1,8,5,2,1,11,3,3,5,11,3,1,7,9,2,4,3,9,5,4,0,11,3,6,2,76
150.682549,26,29,20,9,3,4,2,8,2,5,1,7,5,2,0,11,3,3,5,11,3,1,7,9,2,4,3,9,5,4,0,11,3,6,2,75
150.683729,25,29,20,9,3,4,2,8,2,5,1,7,5,2,0,11,3,3,5,11,3,1,7,9,2,4,3,9,5,4,0,10,2,6,2,74
150.828867,26,29,20,9,3,4,2,8,2,5,1,7,5,2,0,11,3,3,5,11,3,1,7,9,2,4,3,10,6,4,0,10,2,6,2,75
150.879262,26,29,19,9,3,4,2,8,2,5,1,7,5,2,0,11,3,3,5,11,3,1,7,9,2,4,3,10,6,4,0,9,2,6,1,74
150.998318,25,29,19,8,2,4,2,8,2,5,1,7,5,2,0,11,3,3,5,11,3,1,7,9,2,4,3,10,6,4,0,9,2,6,1,73
151.069883,25,29,18,8,2,4,2,8,2,5,1,7,5,2,0,10,3,3,4,11,3,1,7,9,2,4,3,10,6,4,0,9,2,6,1,72
151.213734,26,29,18,8,2,4,2,8,2,5,1,7,5,2,0,10,3,3,4,11,3,1,7,9,2,4,3,10,6,4,0,10,3,6,1,73
151.940465,26,29,19,9,2,4,3,8,2,5,1,7,5,2,0,10,3,3,4,11,3,1,7,9,2,4,3,10,6,4,0,10,3,6,1,74
152.103659,25,29,19,9,2,4,3,8,2,5,1,7,5,2,0,9,2,3,4,11,3,1,7,9,2,4,3,10,6,4,0,10,3,6,1,73
152.137822,25,28,19,9,2,4,3,8,2,5,1,7,5,2,0,9,2,3,4,11,3,1,7,9,2,4,3,10,6,4,0,9,3,5,1,72
152.333192,25,28,18,9,2,4,3,8,2,5,1,7,5,2,0,8,2,3,3,11,3,1,7,9,2,4,3,10,6,4,0,9,3,5,1,71
152.371219,25,27,18,9,2,4,3,8,2,5,1,7,5,2,0,8,2,3,3,11,3,1,7,9,2,4,3,9,6,3,0,9,3,5,1,70
152.722813,25,28,18,9,2,4,3,9,2,6,1,7,5,2,0,8,2,3,3,11,3,1,7,9,2,4,3,9,6,3,0,9,3,5,1,71
152.76652,25,29,18,9,2,4,3,9,2,6,1,8,5,3,0,8,2,3,3,11,3,1,7,9,2,4,3,9,6,3,0,9,3,5,1,72
152.809681,25,29,19,9,2,4,3,9,2,6,1,8,5,3,0,9,2,3,4,11,3,1,7,9,2,4,3,9,6,3,0,9,3,5,1,73
152.814649,25,29,18,9,2,4,3,9,2,6,1,8,5,3,0,8,2,3,3,11,3,1,7,9,2,4,3,9,6,3,0,9,3,5,1,72
153.108915,25,29,17,9,2,4,3,9,2,6,1,8,5,3,0,8,2,3,3,10,3,1,6,9,2,4,3,9,6,3,0,9,3,5,1,71
153.138696,25,28,17,8,2,3,3,9,2,6,1,8,5,3,0,8,2,3,3,10,3,1,6,9,2,4,3,9,6,3,0,9,3,5,1,70
153.540804,25,28,16,8,2,3,3,9,2,6,1,8,5,3,0,8,2,3,3,9,3,1,5,9,2,4,3,9,6,3,0,9,3,5,1,69
153.593248,26,28,16,8,2,3,3,9,2,6,1,8,5,3,0,8,2,3,3,10,4,1,5,9,2,4,3,9,6,3,0,9,3,5,1,70
153.623028,26,28,17,8,2,3,3,9,2,6,1,8,5,3,0,8,2,3,3,10,4,1,5,10,2,4,4,9,6,3,0,9,3,5,1,71
153.649926,26,29,17,8,2,3,3,9,2,6,1,8,5,3,0,8,2,3,3,10,4,1,5,10,2,4,4,10,6,4,0,9,3,5,1,72
153.816944,25,29,17,8,2,3,3,9,2,6,1,8,5,3,0,8,2,3,3,10,4,1,5,10,2,4,4,10,6,4,0,8,2,5,1,71
153.888603,26,29,17,8,2,3,3,9,2,6,1,8,5,3,0,8,2,3,3,10,4,1,5,10,2,4,4,10,6,4,0,9,3,5,1,72
153.904919,26,28,17,8,2,3,3,8,2,5,1,8,5,3,0,8,2,3,3,10,4,1,5,10,2,4,4,10,6,4,0,9,3,5,1,71
153.954121,25,28,17,8,2,3,3,8,2,5,1,8,5,3,0,8,2,3,3,10,4,1,5,10,2,4,4,9,5,4,0,9,3,5,1,70
154.041076,24,28,17,8,2,3,3,8,2,5,1,8,5,3,0,8,2,3,3,10,4,1,5,10,2,4,4,8,4,4,0,9,3,5,1,69
154.404109,24,29,17,9,2,4,3,8,2,5,1,8,5,3,0,8,2,3,3,10,4,1,5,10,2,4,4,8,4,4,0,9,3,5,1,70
154.5355,24,30,17,9,2,4,3,9,2,6,1,8,5,3,0,8,2,3,3,10,4,1,5,10,2,4,4,8,4,4,0,9,3,5,1,71
154.617607,23,30,17,9,2,4,3,9,2,6,1,8,5,3,0,8,2,3,3,10,4,1,5,10,2,4,4,7,3,4,0,9,3,5,1,70
154.773661,23,30,18,9,2,4,3,9,2,6,1,9,5,3,1,8,2,3,3,10,4,1,5,10,2,4,4,7,3,4,0,9,3,5,1,71
154.793308,23,31,18,9,2,4,3,9,2,6,1,9,5,3,1,9,2,4,3,10,4,1,5,10,2,4,4,7,3,4,0,9,3,5,1,72
154.953074,24,31,18,9,2,4,3,9,2,6,1,9,5,3,1,9,2,4,3,11,5,1,5,10,2,4,4,7,3,4,0,9,3,5,1,73
155.059369,24,31,19,9,2,4,3,9,2,6,1,9,5,3,1,9,2,4,3,11,5,1,5,11,2,4,5,7,3,4,0,9,3,5,1,74
155.083431,24,32,19,9,2,4,3,9,2,6,1,9,5,3,1,9,2,4,3,11,5,1,5,11,2,4,5,8,3,5,0,9,3,5,1,75
155.352639,24,32,18,9,2,4,3,8,2,6,0,9,5,3,1,9,2,4,3,11,5,1,5,11,2,4,5,8,3,5,0,9,3,5,1,74
155.921592,25,32,18,9,2,4,3,8,2,6,0,9,5,3,1,9,2,4,3,11,5,1,5,11,2,4,5,8,3,5,0,10,4,5,1,75
155.950065,25,31,18,9,2,4,3,8,2,6,0,9,5,3,1,8,2,3,3,11,5,1,5,11,2,4,5,8,3,5,0,10,4,5,1,74
156.345625,25,31,17,9,2,4,3,8,2,6,0,9,5,3,1,8,2,3,3,10,5,1,4,11,2,4,5,8,3,5,0,10,4,5,1,73
156.494001,26,31,17,10,3,4,3,8,2,6,0,9,5,3,1,8,2,3,3,10,5,1,4,11,2,4,5,8,3,5,0,10,4,5,1,74
156.701469,26,30,17,10,3,4,3,8,2,6,0,9,5,3,1,8,2,3,3,10,5,1,4,10,2,3,5,8,3,5,0,10,4,5,1,73
156.990757,25,30,17,10,3,4,3,8,2,6,0,8,4,3,1,8,2,3,3,10,5,1,4,10,2,3,5,8,3,5,0,10,4,5,1,72
157.174111,25,30,18,10,3,4,3,9,2,6,1,8,4,3,1,8,2,3,3,10,5,1,4,10,2,3,5,8,3,5,0,10,4,5,1,73
157.251119,24,30,18,9,2,4,3,9,2,6,1,8,4,3,1,8,2,3,3,10,5,1,4,10,2,3,5,8,3,5,0,10,4,5,1,72
157.413491,24,31,18,9,2,4,3,9,2,6,1,9,4,4,1,8,2,3,3,10,5,1,4,10,2,3,5,8,3,5,0,10,4,5,1,73
157.518424,24,31,17,9,2,4,3,9,2,6,1,9,4,4,1,8,2,3,3,10,5,1,4,10,2,3,5,8,3,5,0,9,4,5,0,72
157.566342,23,31,17,9,2,4,3,9,2,6,1,9,4,4,1,8,2,3,3,9,4,1,4,10,2,3,5,8,3,5,0,9,4,5,0,71
157.969268,24,31,17,9,2,4,3,9,2,6,1,9,4,4,1,9,3,3,3,9,4,1,4,10,2,3,5,8,3,5,0,9,4,5,0,72
158.050554,25,31,17,9,2,4,3,9,2,6,1,9,4,4,1,9,3,3,3,10,5,1,4,10,2,3,5,8,3,5,0,9,4,5,0,73
158.218976,24,31,17,9,2,4,3,9,2,6,1,9,4,4,1,9,3,3,3,10,5,1,4,10,2,3,5,8,3,5,0,8,3,5,0,72
158.386539,24,31,18,9,2,4,3,9,2,6,1,9,4,4,1,9,3,3,3,10,5,1,4,11,2,3,6,8,3,5,0,8,3,5,0,73
158.398845,24,32,18,9,2,4,3,9,2,6,1,9,4,4,1,9,3,3,3,10,5,1,4,11,2,3,6,9,3,6,0,8,3,5,0,74
158.404939,24,31,18,8,2,3,3,9,2,6,1,9,4,4,1,9,3,3,3,10,5,1,4,11,2,3,6,9,3,6,0,8,3,5,0,73
158.41358,23,31,18,8,2,3,3,9,2,6,1,8,3,4,1,9,3,3,3,10,5,1,4,11,2,3,6,9,3,6,0,8,3,5,0,72
158.657762,24,31,18,8,2,3,3,9,2,6,1,8,3,4,1,9,3,3,3,10,5,1,4,11,2,3,6,9,3,6,0,9,4,5,0,73
158.776696,24,31,17,8,2,3,3,9,2,6,1,8,3,4,1,9,3,3,3,10,5,1,4,10,2,3,5,9,3,6,0,9,4,5,0,72
158.942378,24,31,18,9,2,3,4,9,2,6,1,8,3,4,1,9,3,3,3,10,5,1,4,10,2,3,5,9,3,6,0,9,4,5,0,73
159.245184,24,31,19,9,2,3,4,10,2,6,2,8,3,4,1,9,3,3,3,10,5,1,4,10,2,3,5,9,3,6,0,9,4,5,0,74
159.518607,25,31,19,9,2,3,4,10,2,6,2,9,4,4,1,9,3,3,3,10,5,1,4,10,2,3,5,9,3,6,0,9,4,5,0,75
159.5522,24,31,19,9,2,3,4,10,2,6,2,9,4,4,1,9,3,3,3,9,4,1,4,10,2,3,5,9,3,6,0,9,4,5,0,74
159.608497,23,31,19,9,2,3,4,9,1,6,2,9,4,4,1,9,3,3,3,9,4,1,4,10,2,3,5,9,3,6,0,9,4,5,0,73
159.646471,22,31,19,8,1,3,4,9,1,6,2,9,4,4,1,9,3,3,3,9,4,1,4,10,2,3,5,9,3,6,0,9,4,5,0,72
160.360871,21,31,19,8,1,3,4,9,1,6,2,9,4,4,1,9,3,3,3,9,4,1,4,9,1,3,5,9,3,6,0,9,4,5,0,71
160.40118,21,31,20,8,1,3,4,9,1,6,2,9,4,4,1,10,3,3,4,9,4,1,4,9,1,3,5,9,3,6,0,9,4,5,0,72
160.469491,22,31,20,8,1,3,4,9,1,6,2,9,4,4,1,10,3,3,4,10,5,1,4,9,1,3,5,9,3,6,0,9,4,5,0,73
160.535971,23,31,20,8,1,3,4,9,1,6,2,9,4,4,1,10,3,3,4,10,5,1,4,10,2,3,5,9,3,6,0,9,4,5,0,74
160.627149,22,31,20,8,1,3,4,9,1,6,2,9,4,4,1,10,3,3,4,10,5,1,4,10,2,3,5,8,2,6,0,9,4,5,0,73
160.728256,22,32,20,8,1,3,4,9,1,6,2,9,4,4,1,10,3,3,4,10,5,1,4,10,2,3,5,9,2,7,0,9,4,5,0,74
160.824228,23,32,20,8,1,3,4,9,1,6,2,9,4,4,1,10,3,3,4,10,5,1,4,10,2,3,5,9,2,7,0,10,5,5,0,75
161.231615,23,32,21,9,1,3,5,9,1,6,2,9,4,4,1,10,3,3,4,10,5,1,4,10,2,3,5,9,2,7,0,10,5,5,0,76
161.490377,22,32,21,9,1,3,5,9,1,6,2,9,4,4,1,10,3,3,4,10,5,1,4,10,2,3,5,8,1,7,0,10,5,5,0,75
161.759366,22,31,21,9,1,3,5,9,1,6,2,9,4,4,1,10,3,3,4,10,5,1,4,10,2,3,5,8,1,7,0,9,5,4,0,74
162.070466,22,30,21,9,1,3,5,8,1,5,2,9,4,4,1,10,3,3,4,10,5,1,4,10,2,3,5,8,1,7,0,9,5,4,0,73
162.080387,22,29,21,9,1,3,5,8,1,5,2,9,4,4,1,10,3,3,4,10,5,1,4,9,2,2,5,8,1,7,0,9,5,4,0,72
162.503581,21,29,21,9,1,3,5,8,1,5,2,9,4,4,1,10,3,3,4,10,5,1,4,9,2,2,5,8,1,7,0,8,4,4,0,71
162.514588,22,29,21,9,1,3,5,9,2,5,2,9,4,4,1,10,3,3,4,10,5,1,4,9,2,2,5,8,1,7,0,8,4,4,0,72
162.984711,22,29,22,9,1,3,5,9,2,5,2,10,4,4,2,10,3,3,4,10,5,1,4,9,2,2,5,8,1,7,0,8,4,4,0,73
162.989313,22,29,23,9,1,3,5,9,2,5,2,10,4,4,2,11,3,3,5,10,5,1,4,9,2,2,5,8,1,7,0,8,4,4,0,74
163.187862,22,30,23,9,1,3,5,9,2,5,2,10,4,4,2,11,3,3,5,11,5,2,4,9,2,2,5,8,1,7,0,8,4,4,0,75
163.252549,22,30,24,9,1,3,5,9,2,5,2,10,4,4,2,11,3,3,5,11,5,2,4,10,2,2,6,8,1,7,0,8,4,4,0,76
163.486016,22,29,24,9,1,3,5,8,2,4,2,10,4,4,2,11,3,3,5,11,5,2,4,10,2,2,6,8,1,7,0,8,4,4,0,75
163.528609,22,28,24,9,1,3,5,8,2,4,2,10,4,4,2,11,3,3,5,11,5,2,4,10,2,2,6,8,1,7,0,7,4,3,0,74
163.788695,21,28,24,9,1,3,5,8,2,4,2,9,3,4,2,11,3,3,5,11,5,2,4,10,2,2,6,8,1,7,0,7,4,3,0,73
163.918054,21,29,24,9,1,3,5,8,2,4,2,9,3,4,2,11,3,3,5,11,5,2,4,10,2,2,6,9,1,8,0,7,4,3,0,74
164.039815,22,29,24,9,1,3,5,8,2,4,2,9,3,4,2,11,3,3,5,11,5,2,4,10,2,2,6,9,1,8,0,8,5,3,0,75
164.118841,22,29,23,9,1,3,5,8,2,4,2,9,3,4,2,10,3,3,4,11,5,2,4,10,2,2,6,9,1,8,0,8,5,3,0,74
164.430275,22,29,22,8,1,3,4,8,2,4,2,9,3,4,2,10,3,3,4,11,5,2,4,10,2,2,6,9,1,8,0,8,5,3,0,73
164.434438,22,29,23,9,1,3,5,8,2,4,2,9,3,4,2,10,3,3,4,11,5,2,4,10,2,2,6,9,1,8,0,8,5,3,0,74
164.567651,23,29,23,9,1,3,5,9,3,4,2,9,3,4,2,10,3,3,4,11,5,2,4,10,2,2,6,9,1,8,0,8,5,3,0,75
164.718743,23,29,22,8,1,3,4,9,3,4,2,9,3,4,2,10,3,3,4,11,5,2,4,10,2,2,6,9,1,8,0,8,5,3,0,74
164.944902,23,30,22,8,1,3,4,9,3,4,2,10,3,5,2,10,3,3,4,11,5,2,4,10,2,2,6,9,1,8,0,8,5,3,0,75
164.988702,23,29,22,8,1,3,4,9,3,4,2,9,3,4,2,10,3,3,4,11,5,2,4,10,2,2,6,9,1,8,0,8,5,3,0,74
165.283409,23,30,22,8,1,3,4,9,3,4,2,9,3,4,2,11,3,4,4,11,5,2,4,10,2,2,6,9,1,8,0,8,5,3,0,75
165.569997,22,30,22,8,1,3,4,9,3,4,2,9,3,4,2,11,3,4,4,11,5,2,4,10,2,2,6,8,0,8,0,8,5,3,0,74
165.647047,22,30,23,8,1,3,4,9,3,4,2,9,3,4,2,11,3,4,4,12,5,2,5,10,2,2,6,8,0,8,0,8,5,3,0,75
165.659419,23,30,23,8,1,3,4,9,3,4,2,9,3,4,2,11,3,4,4,12,5,2,5,11,3,2,6,8,0,8,0,8,5,3,0,76
165.673071,22,30,23,8,1,3,4,9,3,4,2,9,3,4,2,11,3,4,4,11,4,2,5,11,3,2,6,8,0,8,0,8,5,3,0,75
165.690543,22,31,23,8,1,3,4,9,3,4,2,9,3,4,2,11,3,4,4,11,4,2,5,11,3,2,6,9,0,9,0,8,5,3,0,76
165.70306,22,30,23,8,1,3,4,9,3,4,2,9,3,4,2,11,3,4,4,11,4,2,5,10,3,1,6,9,0,9,0,8,5,3,0,75
165.82547,22,30,24,8,1,3,4,9,3,4,2,9,3,4,2,11,3,4,4,11,4,2,5,10,3,1,6,9,0,9,0,9,5,3,1,76
166.078803,22,30,23,8,1,3,4,9,3,4,2,9,3,4,2,11,3,4,4,10,4,2,4,10,3,1,6,9,0,9,0,9,5,3,1,75
166.102656,22,31,23,9,1,4,4,9,3,4,2,9,3,4,2,11,3,4,4,10,4,2,4,10,3,1,6,9,0,9,0,9,5,3,1,76
166.272565,22,30,23,9,1,4,4,9,3,4,2,9,3,4,2,11,3,4,4,10,4,2,4,9,3,0,6,9,0,9,0,9,5,3,1,75
166.44646,22,30,24,9,1,4,4,10,3,4,3,9,3,4,2,11,3,4,4,10,4,2,4,9,3,0,6,9,0,9,0,9,5,3,1,76
166.587371,22,30,23,9,1,4,4,10,3,4,3,9,3,4,2,11,3,4,4,9,4,2,3,9,3,0,6,9,0,9,0,9,5,3,1,75
166.7056,22,31,23,9,1,4,4,10,3,4,3,10,3,5,2,11,3,4,4,9,4,2,3,9,3,0,6,9,0,9,0,9,5,3,1,76
166.820482,22,30,23,9,1,4,4,10,3,4,3,10,3,5,2,11,3,4,4,9,4,2,3,9,3,0,6,8,0,8,0,9,5,3,1,75
166.908047,23,30,23,9,1,4,4,10,3,4,3,10,3,5,2,12,4,4,4,9,4,2,3,9,3,0,6,8,0,8,0,9,5,3,1,76
166.939575,23,31,23,9,1,4,4,10,3,4,3,10,3,5,2,12,4,4,4,10,4,3,3,9,3,0,6,8,0,8,0,9,5,3,1,77
167.108549,23,32,23,9,1,4,4,10,3,4,3,10,3,5,2,12,4,4,4,10,4,3,3,10,3,1,6,8,0,8,0,9,5,3,1,78
167.151953,23,32,24,9,1,4,4,10,3,4,3,10,3,5,2,12,4,4,4,10,4,3,3,10,3,1,6,9,0,8,1,9,5,3,1,79
167.253697,23,31,24,9,1,4,4,10,3,4,3,10,3,5,2,12,4,4,4,10,4,3,3,10,3,1,6,9,0,8,1,8,5,2,1,78
167.27347,23,30,24,9,1,4,4,10,3,4,3,10,3,5,2,12,4,4,4,9,4,2,3,10,3,1,6,9,0,8,1,8,5,2,1,77
167.332265,22,30,24,9,1,4,4,10,3,4,3,9,2,5,2,12,4,4,4,9,4,2,3,10,3,1,6,9,0,8,1,8,5,2,1,76
167.35697,22,29,24,9,1,4,4,10,3,4,3,9,2,5,2,12,4,4,4,9,4,2,3,10,3,1,6,8,0,7,1,8,5,2,1,75
167.654488,22,29,25,9,1,4,4,10,3,4,3,9,2,5,2,12,4,4,4,9,4,2,3,10,3,1,6,8,0,7,1,9,5,2,2,76
167.842663,22,29,26,10,1,4,5,10,3,4,3,9,2,5,2,12,4,4,4,9,4,2,3,10,3,1,6,8,0,7,1,9,5,2,2,77
167.946341,21,29,26,10,1,4,5,10,3,4,3,8,1,5,2,12,4,4,4,9,4,2,3,10,3,1,6,8,0,7,1,9,5,2,2,76
167.974129,21,28,26,10,1,4,5,9,3,3,3,8,1,5,2,12,4,4,4,9,4,2,3,10,3,1,6,8,0,7,1,9,5,2,2,75
168.093819,21,28,25,10,1,4,5,9,3,3,3,8,1,5,2,12,4,4,4,9,4,2,3,9,3,1,5,8,0,7,1,9,5,2,2,74
168.516183,20,28,25,10,1,4,5,9,3,3,3,8,1,5,2,11,3,4,4,9,4,2,3,9,3,1,5,8,0,7,1,9,5,2,2,73
168.665468,20,29,25,10,1,4,5,10,3,4,3,8,1,5,2,11,3,4,4,9,4,2,3,9,3,1,5,8,0,7,1,9,5,2,2,74
168.772641,21,29,25,10,1,4,5,10,3,4,3,9,2,5,2,11,3,4,4,9,4,2,3,9,3,1,5,8,0,7,1,9,5,2,2,75
168.819211,21,28,25,10,1,4,5,10,3,4,3,9,2,5,2,11,3,4,4,9,4,2,3,9,3,1,5,8,0,7,1,8,5,1,2,74
168.868368,21,27,25,10,1,4,5,9,3,3,3,9,2,5,2,11,3,4,4,9,4,2,3,9,3,1,5,8,0,7,1,8,5,1,2,73
169.143982,20,27,25,10,1,4,5,9,3,3,3,9,2,5,2,11,3,4,4,8,3,2,3,9,3,1,5,8,0,7,1,8,5,1,2,72
169.294649,19,27,25,10,1,4,5,9,3,3,3,9,2,5,2,11,3,4,4,8,3,2,3,9,3,1,5,8,0,7,1,7,4,1,2,71
169.298722,20,27,25,10,1,4,5,9,3,3,3,9,2,5,2,12,4,4,4,8,3,2,3,9,3,1,5,8,0,7,1,7,4,1,2,72
169.452761,20,27,26,10,1,4,5,9,3,3,3,9,2,5,2,12,4,4,4,9,3,2,4,9,3,1,5,8,0,7,1,7,4,1,2,73
169.964699,20,26,26,9,1,3,5,9,3,3,3,9,2,5,2,12,4,4,4,9,3,2,4,9,3,1,5,8,0,7,1,7,4,1,2,72
169.980451,20,27,26,9,1,3,5,9,3,3,3,9,2,5,2,12,4,4,4,9,3,2,4,10,3,2,5,8,0,7,1,7,4,1,2,73
170.121597,20,27,25,9,1,3,5,9,3,3,3,9,2,5,2,12,4,4,4,8,3,2,3,10,3,2,5,8,0,7,1,7,4,1,2,72
170.1879,20,28,25,9,1,3,5,9,3,3,3,9,2,5,2,12,4,4,4,8,3,2,3,10,3,2,5,9,0,8,1,7,4,1,2,73
170.40057,20,27,25,9,1,3,5,9,3,3,3,8,2,4,2,12,4,4,4,8,3,2,3,10,3,2,5,9,0,8,1,7,4,1,2,72
170.783262,19,27,25,9,1,3,5,9,3,3,3,8,2,4,2,12,4,4,4,8,3,2,3,9,2,2,5,9,0,8,1,7,4,1,2,71
170.928828,18,27,25,9,1,3,5,9,3,3,3,8,2,4,2,12,4,4,4,7,2,2,3,9,2,2,5,9,0,8,1,7,4,1,2,70
171.085154,18,27,26,9,1,3,5,9,3,3,3,8,2,4,2,12,4,4,4,7,2,2,3,9,2,2,5,9,0,8,1,8,4,1,3,71
171.161514,18,27,27,10,1,3,6,9,3,3,3,8,2,4,2,12,4,4,4,7,2,2,3,9,2,2,5,9,0,8,1,8,4,1,3,72
171.204303,18,26,27,10,1,3,6,8,3,2,3,8,2,4,2,12,4,4,4,7,2,2,3,9,2,2,5,9,0,8,1,8,4,1,3,71
171.207071,19,26,27,10,1,3,6,9,4,2,3,8,2,4,2,12,4,4,4,7,2,2,3,9,2,2,5,9,0,8,1,8,4,1,3,72
171.23642,19,26,26,10,1,3,6,9,4,2,3,8,2,4,2,12,4,4,4,7,2,2,3,8,2,2,4,9,0,8,1,8,4,1,3,71
171.382939,19,25,26,10,1,3,6,8,4,1,3,8,2,4,2,12,4,4,4,7,2,2,3,8,2,2,4,9,0,8,1,8,4,1,3,70
171.50244,19,26,26,10,1,3,6,8,4,1,3,9,2,5,2,12,4,4,4,7,2,2,3,8,2,2,4,9,0,8,1,8,4,1,3,71
171.579546,19,25,26,9,1,2,6,8,4,1,3,9,2,5,2,12,4,4,4,7,2,2,3,8,2,2,4,9,0,8,1,8,4,1,3,70
171.710195,19,25,27,9,1,2,6,8,4,1,3,9,2,5,2,13,4,4,5,7,2,2,3,8,2,2,4,9,0,8,1,8,4,1,3,71
171.731641,19,26,27,9,1,2,6,8,4,1,3,9,2,5,2,13,4,4,5,8,2,3,3,8,2,2,4,9,0,8,1,8,4,1,3,72
171.734123,19,26,28,9,1,2,6,8,4,1,3,9,2,5,2,13,4,4,5,8,2,3,3,9,2,2,5,9,0,8,1,8,4,1,3,73
172.148848,19,25,28,9,1,2,6,8,4,1,3,8,2,4,2,13,4,4,5,8,2,3,3,9,2,2,5,9,0,8,1,8,4,1,3,72
172.302687,20,25,28,9,1,2,6,8,4,1,3,8,2,4,2,13,4,4,5,8,2,3,3,9,2,2,5,10,1,8,1,8,4,1,3,73
172.315421,20,25,27,9,1,2,6,8,4,1,3,8,2,4,2,13,4,4,5,8,2,3,3,8,2,2,4,10,1,8,1,8,4,1,3,72
172.497876,20,24,27,9,1,2,6,8,4,1,3,8,2,4,2,13,4,4,5,8,2,3,3,8,2,2,4,9,1,7,1,8,4,1,3,71
172.670468,21,24,27,9,1,2,6,8,4,1,3,8,2,4,2,13,4,4,5,8,2,3,3,8,2,2,4,9,1,7,1,9,5,1,3,72
172.758698,21,25,27,10,1,3,6,8,4,1,3,8,2,4,2,13,4,4,5,8,2,3,3,8,2,2,4,9,1,7,1,9,5,1,3,73
172.912062,21,25,26,10,1,3,6,8,4,1,3,8,2,4,2,12,4,4,4,8,2,3,3,8,2,2,4,9,1,7,1,9,5,1,3,72
173.312657,21,25,25,9,1,3,5,8,4,1,3,8,2,4,2,12,4,4,4,8,2,3,3,8,2,2,4,9,1,7,1,9,5,1,3,71
173.619293,22,25,25,9,1,3,5,9,5,1,3,8,2,4,2,12,4,4,4,8,2,3,3,8,2,2,4,9,1,7,1,9,5,1,3,72
173.65588,22,25,24,8,1,3,4,9,5,1,3,8,2,4,2,12,4,4,4,8,2,3,3,8,2,2,4,9,1,7,1,9,5,1,3,71
173.704172,22,25,23,8,1,3,4,9,5,1,3,8,2,4,2,12,4,4,4,7,2,3,2,8,2,2,4,9,1,7,1,9,5,1,3,70
173.81441,21,25,23,8,1,3,4,9,5,1,3,8,2,4,2,12,4,4,4,7,2,3,2,8,2,2,4,9,1,7,1,8,4,1,3,69
173.949545,21,24,23,8,1,3,4,9,5,1,3,8,2,4,2,11,4,3,4,7,2,3,2,8,2,2,4,9,1,7,1,8,4,1,3,68
173.956652,21,24,22,8,1,3,4,9,5,1,3,8,2,4,2,10,4,3,3,7,2,3,2,8,2,2,4,9,1,7,1,8,4,1,3,67
173.957362,21,25,22,8,1,3,4,9,5,1,3,9,2,5,2,10,4,3,3,7,2,3,2,8,2,2,4,9,1,7,1,8,4,1,3,68
174.061977,21,25,21,8,1,3,4,8,5,1,2,9,2,5,2,10,4,3,3,7,2,3,2,8,2,2,4,9,1,7,1,8,4,1,3,67
174.309481,21,25,20,8,1,3,4,8,5,1,2,9,2,5,2,10,4,3,3,7,2,3,2,7,2,2,3,9,1,7,1,8,4,1,3,66
174.428633,21,24,20,8,1,3,4,8,5,1,2,9,2,5,2,9,4,2,3,7,2,3,2,7,2,2,3,9,1,7,1,8,4,1,3,65
174.435836,21,24,19,8,1,3,4,8,5,1,2,9,2,5,2,8,4,2,2,7,2,3,2,7,2,2,3,9,1,7,1,8,4,1,3,64
174.443328,22,24,19,8,1,3,4,8,5,1,2,9,2,5,2,9,5,2,2,7,2,3,2,7,2,2,3,9,1,7,1,8,4,1,3,65
174.518961,22,24,20,8,1,3,4,8,5,1,2,9,2,5,2,9,5,2,2,8,2,3,3,7,2,2,3,9,1,7,1,8,4,1,3,66
174.686419,21,24,20,8,1,3,4,8,5,1,2,9,2,5,2,9,5,2,2,8,2,3,3,7,2,2,3,9,1,7,1,7,3,1,3,65
174.933271,21,23,20,8,1,3,4,8,5,1,2,8,2,4,2,9,5,2,2,8,2,3,3,7,2,2,3,9,1,7,1,7,3,1,3,64
174.947217,21,24,20,8,1,3,4,8,5,1,2,8,2,4,2,9,5,2,2,8,2,3,3,8,2,3,3,9,1,7,1,7,3,1,3,65
174.997649,21,23,20,8,1,3,4,8,5,1,2,8,2,4,2,9,5,2,2,8,2,3,3,8,2,3,3,9,1,7,1,6,3,0,3,64
174.998603,21,23,21,8,1,3,4,8,5,1,2,8,2,4,2,9,5,2,2,8,2,3,3,8,2,3,3,10,1,7,2,6,3,0,3,65
175.000275,20,23,21,8,1,3,4,8,5,1,2,8,2,4,2,8,4,2,2,8,2,3,3,8,2,3,3,10,1,7,2,6,3,0,3,64
175.236738,20,23,20,8,1,3,4,7,5,1,1,8,2,4,2,8,4,2,2,8,2,3,3,8,2,3,3,10,1,7,2,6,3,0,3,63
175.475661,20,23,21,8,1,3,4,7,5,1,1,8,2,4,2,8,4,2,2,8,2,3,3,8,2,3,3,10,1,7,2,7,3,0,4,64
175.580946,19,23,21,8,1,3,4,6,4,1,1,8,2,4,2,8,4,2,2,8,2,3,3,8,2,3,3,10,1,7,2,7,3,0,4,63
176.333355,18,23,21,8,1,3,4,6,4,1,1,8,2,4,2,8,4,2,2,8,2,3,3,7,1,3,3,10,1,7,2,7,3,0,4,62
176.382913,18,23,22,9,1,3,5,6,4,1,1,8,2,4,2,8,4,2,2,8,2,3,3,7,1,3,3,10,1,7,2,7,3,0,4,63
176.617391,18,24,22,9,1,3,5,7,4,2,1,8,2,4,2,8,4,2,2,8,2,3,3,7,1,3,3,10,1,7,2,7,3,0,4,64
176.706292,18,24,23,9,1,3,5,7,4,2,1,9,2,4,3,8,4,2,2,8,2,3,3,7,1,3,3,10,1,7,2,7,3,0,4,65
176.758672,18,24,22,9,1,3,5,7,4,2,1,9,2,4,3,8,4,2,2,8,2,3,3,6,1,3,2,10,1,7,2,7,3,0,4,64
177.170631,18,23,22,9,1,3,5,7,4,2,1,9,2,4,3,8,4,2,2,7,2,2,3,6,1,3,2,10,1,7,2,7,3,0,4,63
177.309917,18,23,21,9,1,3,5,7,4,2,1,9,2,4,3,8,4,2,2,7,2,2,3,6,1,3,2,10,1,7,2,6,3,0,3,62
177.319094,18,23,22,9,1,3,5,7,4,2,1,9,2,4,3,9,4,2,3,7,2,2,3,6,1,3,2,10,1,7,2,6,3,0,3,63
177.383401,18,24,22,9,1,3,5,7,4,2,1,9,2,4,3,9,4,2,3,8,2,3,3,6,1,3,2,10,1,7,2,6,3,0,3,64
177.592102,18,23,22,9,1,3,5,7,4,2,1,9,2,4,3,9,4,2,3,8,2,3,3,6,1,3,2,9,1,6,2,6,3,0,3,63
177.711729,18,23,21,9,1,3,5,7,4,2,1,9,2,4,3,9,4,2,3,7,2,3,2,6,1,3,2,9,1,6,2,6,3,0,3,62
177.904232,17,23,21,9,1,3,5,7,4,2,1,9,2,4,3,8,3,2,3,7,2,3,2,6,1,3,2,9,1,6,2,6,3,0,3,61
177.962914,16,23,21,9,1,3,5,7,4,2,1,9,2,4,3,8,3,2,3,6,1,3,2,6,1,3,2,9,1,6,2,6,3,0,3,60
177.974301,17,23,21,9,1,3,5,7,4,2,1,9,2,4,3,8,3,2,3,6,1,3,2,7,2,3,2,9,1,6,2,6,3,0,3,61
177.995287,17,22,21,9,1,3,5,7,4,2,1,9,2,4,3,8,3,2,3,6,1,3,2,7,2,3,2,8,1,5,2,6,3,0,3,60
178.141416,17,22,22,9,1,3,5,7,4,2,1,9,2,4,3,8,3,2,3,6,1,3,2,7,2,3,2,9,1,5,3,6,3,0,3,61
178.572198,17,22,21,9,1,3,5,7,4,2,1,9,2,4,3,8,3,2,3,6,1,3,2,6,2,3,1,9,1,5,3,6,3,0,3,60
178.667047,18,22,21,9,1,3,5,7,4,2,1,9,2,4,3,8,3,2,3,6,1,3,2,6,2,3,1,9,1,5,3,7,4,0,3,61
179.19011,17,22,21,9,1,3,5,7,4,2,1,9,2,4,3,8,3,2,3,6,1,3,2,6,2,3,1,9,1,5,3,6,3,0,3,60
179.303069,16,22,21,9,1,3,5,7,4,2,1,9,2,4,3,7,2,2,3,6,1,3,2,6,2,3,1,9,1,5,3,6,3,0,3,59
179.375508,16,21,21,8,1,2,5,7,4,2,1,9,2,4,3,7,2,2,3,6,1,3,2,6,2,3,1,9,1,5,3,6,3,0,3,58
180.659252,16,20,21,8,1,2,5,7,4,2,1,8,2,3,3,7,2,2,3,6,1,3,2,6,2,3,1,9,1,5,3,6,3,0,3,57
180.830419,16,20,20,8,1,2,5,7,4,2,1,7,2,3,2,7,2,2,3,6,1,3,2,6,2,3,1,9,1,5,3,6,3,0,3,56
181.312147,16,19,20,8,1,2,5,7,4,2,1,7,2,3,2,6,2,1,3,6,1,3,2,6,2,3,1,9,1,5,3,6,3,0,3,55
181.331654,16,18,20,8,1,2,5,7,4,2,1,7,2,3,2,6,2,1,3,6,1,3,2,6,2,3,1,8,1,4,3,6,3,0,3,54
181.467557,16,18,19,7,1,2,4,7,4,2,1,7,2,3,2,6,2,1,3,6,1,3,2,6,2,3,1,8,1,4,3,6,3,0,3,53
181.561423,15,18,19,7,1,2,4,7,4,2,1,7,2,3,2,6,2,1,3,5,0,3,2,6,2,3,1,8,1,4,3,6,3,0,3,52
182.714686,15,17,19,7,1,2,4,7,4,2,1,7,2,3,2,6,2,1,3,5,0,3,2,6,2,3,1,7,1,3,3,6,3,0,3,51
182.863255,14,17,19,6,0,2,4,7,4,2,1,7,2,3,2,6,2,1,3,5,0,3,2,6,2,3,1,7,1,3,3,6,3,0,3,50
182.963686,14,17,18,6,0,2,4,7,4,2,1,6,2,3,1,6,2,1,3,5,0,3,2,6,2,3,1,7,1,3,3,6,3,0,3,49
183.150673,14,16,18,6,0,2,4,7,4,2,1,6,2,3,1,6,2,1,3,5,0,3,2,5,2,2,1,7,1,3,3,6,3,0,3,48
183.443016,14,16,17,6,0,2,4,7,4,2,1,6,2,3,1,6,2,1,3,5,0,3,2,5,2,2,1,6,1,3,2,6,3,0,3,47
183.753922,14,15,17,6,0,2,4,7,4,2,1,6,2,3,1,6,2,1,3,4,0,2,2,5,2,2,1,6,1,3,2,6,3,0,3,46
183.758046,13,15,17,6,0,2,4,7,4,2,1,6,2,3,1,6,2,1,3,4,0,2,2,4,1,2,1,6,1,3,2,6,3,0,3,45
184.83252,13,14,17,6,0,2,4,7,4,2,1,6,2,3,1,6,2,1,3,4,0,2,2,4,1,2,1,5,1,2,2,6,3,0,3,44
184.878839,13,13,17,6,0,2,4,7,4,2,1,5,2,2,1,6,2,1,3,4,0,2,2,4,1,2,1,5,1,2,2,6,3,0,3,43
185.6247,12,13,17,6,0,2,4,7,4,2,1,5,2,2,1,5,1,1,3,4,0,2,2,4,1,2,1,5,1,2,2,6,3,0,3,42
185.790571,12,13,16,6,0,2,4,7,4,2,1,5,2,2,1,5,1,1,3,4,0,2,2,4,1,2,1,4,1,2,1,6,3,0,3,41
186.005332,11,13,16,6,0,2,4,7,4,2,1,4,1,2,1,5,1,1,3,4,0,2,2,4,1,2,1,4,1,2,1,6,3,0,3,40
186.055865,11,13,15,6,0,2,4,7,4,2,1,4,1,2,1,5,1,1,3,4,0,2,2,4,1,2,1,4,1,2,1,5,3,0,2,39
186.403985,11,13,14,6,0,2,4,7,4,2,1,4,1,2,1,4,1,1,2,4,0,2,2,4,1,2,1,4,1,2,1,5,3,0,2,38
187.171261,11,12,14,5,0,1,4,7,4,2,1,4,1,2,1,4,1,1,2,4,0,2,2,4,1,2,1,4,1,2,1,5,3,0,2,37
187.177117,11,11,14,5,0,1,4,7,4,2,1,4,1,2,1,4,1,1,2,4,0,2,2,4,1,2,1,3,1,1,1,5,3,0,2,36
187.179609,11,10,14,4,0,0,4,7,4,2,1,4,1,2,1,4,1,1,2,4,0,2,2,4,1,2,1,3,1,1,1,5,3,0,2,35
188.28926,10,10,14,4,0,0,4,7,4,2,1,3,0,2,1,4,1,1,2,4,0,2,2,4,1,2,1,3,1,1,1,5,3,0,2,34
188.406272,10,10,13,3,0,0,3,7,4,2,1,3,0,2,1,4,1,1,2,4,0,2,2,4,1,2,1,3,1,1,1,5,3,0,2,33
188.494545,9,10,13,3,0,0,3,7,4,2,1,3,0,2,1,3,0,1,2,4,0,2,2,4,1,2,1,3,1,1,1,5,3,0,2,32
188.52593,8,10,13,3,0,0,3,6,3,2,1,3,0,2,1,3,0,1,2,4,0,2,2,4,1,2,1,3,1,1,1,5,3,0,2,31
189.245047,8,9,13,3,0,0,3,6,3,2,1,3,0,2,1,3,0,1,2,4,0,2,2,3,1,1,1,3,1,1,1,5,3,0,2,30
189.560941,7,9,13,3,0,0,3,6,3,2,1,3,0,2,1,3,0,1,2,4,0,2,2,3,1,1,1,3,1,1,1,4,2,0,2,29
190.2855,7,9,12,3,0,0,3,6,3,2,1,3,0,2,1,3,0,1,2,4,0,2,2,3,1,1,1,3,1,1,1,3,2,0,1,28
191.355519,6,9,12,3,0,0,3,6,3,2,1,3,0,2,1,3,0,1,2,4,0,2,2,3,1,1,1,2,0,1,1,3,2,0,1,27
191.391796,6,8,12,3,0,0,3,6,3,2,1,3,0,2,1,3,0,1,2,4,0,2,2,2,1,0,1,2,0,1,1,3,2,0,1,26
191.578046,6,7,12,3,0,0,3,6,3,2,1,3,0,2,1,2,0,0,2,4,0,2,2,2,1,0,1,2,0,1,1,3,2,0,1,25
191.64451,5,7,12,3,0,0,3,6,3,2,1,3,0,2,1,2,0,0,2,4,0,2,2,2,1,0,1,2,0,1,1,2,1,0,1,24
191.807738,5,6,12,3,0,0,3,6,3,2,1,3,0,2,1,2,0,0,2,4,0,2,2,2,1,0,1,1,0,0,1,2,1,0,1,23
192.403632,4,6,12,3,0,0,3,5,2,2,1,3,0,2,1,2,0,0,2,4,0,2,2,2,1,0,1,1,0,0,1,2,1,0,1,22
193.167677,3,6,12,3,0,0,3,4,1,2,1,3,0,2,1,2,0,0,2,4,0,2,2,2,1,0,1,1,0,0,1,2,1,0,1,21
193.330961,3,5,12,3,0,0,3,3,1,1,1,3,0,2,1,2,0,0,2,4,0,2,2,2,1,0,1,1,0,0,1,2,1,0,1,20
193.573328,3,5,11,3,0,0,3,3,1,1,1,3,0,2,1,2,0,0,2,3,0,2,1,2,1,0,1,1,0,0,1,2,1,0,1,19
193.616332,3,5,10,2,0,0,2,3,1,1,1,3,0,2,1,2,0,0,2,3,0,2,1,2,1,0,1,1,0,0,1,2,1,0,1,18
193.69218,3,5,9,2,0,0,2,2,1,1,0,3,0,2,1,2,0,0,2,3,0,2,1,2,1,0,1,1,0,0,1,2,1,0,1,17
194.099223,3,4,9,2,0,0,2,2,1,1,0,2,0,1,1,2,0,0,2,3,0,2,1,2,1,0,1,1,0,0,1,2,1,0,1,16
194.346683,3,4,8,1,0,0,1,2,1,1,0,2,0,1,1,2,0,0,2,3,0,2,1,2,1,0,1,1,0,0,1,2,1,0,1,15
194.465621,3,4,7,0,0,0,0,2,1,1,0,2,0,1,1,2,0,0,2,3,0,2,1,2,1,0,1,1,0,0,1,2,1,0,1,14
194.574538,2,4,7,0,0,0,0,1,0,1,0,2,0,1,1,2,0,0,2,3,0,2,1,2,1,0,1,1,0,0,1,2,1,0,1,13
195.170943,2,4,6,0,0,0,0,1,0,1,0,2,0,1,1,2,0,0,2,3,0,2,1,2,1,0,1,1,0,0,1,1,1,0,0,12
195.577349,2,4,5,0,0,0,0,1,0,1,0,2,0,1,1,2,0,0,2,3,0,2,1,1,1,0,0,1,0,0,1,1,1,0,0,11
196.678803,2,4,4,0,0,0,0,1,0,1,0,2,0,1,1,1,0,0,1,3,0,2,1,1,1,0,0,1,0,0,1,1,1,0,0,10
197.002408,2,3,4,0,0,0,0,1,0,1,0,2,0,1,1,1,0,0,1,2,0,1,1,1,1,0,0,1,0,0,1,1,1,0,0,9
197.152016,1,3,4,0,0,0,0,1,0,1,0,2,0,1,1,1,0,0,1,2,0,1,1,1,1,0,0,1,0,0,1,0,0,0,0,8
197.502467,1,2,4,0,0,0,0,0,0,0,0,2,0,1,1,1,0,0,1,2,0,1,1,1,1,0,0,1,0,0,1,0,0,0,0,7
198.031724,1,2,3,0,0,0,0,0,0,0,0,2,0,1,1,1,0,0,1,1,0,1,0,1,1,0,0,1,0,0,1,0,0,0,0,6
199.428224,1,2,2,0,0,0,0,0,0,0,0,2,0,1,1,0,0,0,0,1,0,1,0,1,1,0,0,1,0,0,1,0,0,0,0,5
200.717479,1,2,1,0,0,0,0,0,0,0,0,2,0,1,1,0,0,0,0,1,0,1,0,1,1,0,0,0,0,0,0,0,0,0,0,4
202.415681,1,1,1,0,0,0,0,0,0,0,0,2,0,1,1,0,0,0,0,0,0,0,0,1,1,0,0,0,0,0,0,0,0,0,0,3
203.75143,1,0,1,0,0,0,0,0,0,0,0,1,0,0,1,0,0,0,0,0,0,0,0,1,1,0,0,0,0,0,0,0,0,0,0,2
204.849574,0,0,1,0,0,0,0,0,0,0,0,1,0,0,1,0,0,0,0,0,0,0,0,0,0,0,0,0,0,0,0,0,0,0,0,1
205.166248,0,0,0,0,0,0,0,0,0,0,0,0,0,0,0,0,0,0,0,0,0,0,0,0,0,0,0,0,0,0,0,0,0,0,0,0
