%EventDef PajeDefineContainerType 1
% Type string
% Alias string
% Name string
%EndEventDef

%EventDef PajeCreateContainer 2
% Time date 
% Type string  
% Alias string 
% Name string   
% Container string  
%EndEventDef

%EventDef PajeDestroyContainer 3
% Time date
% Name string 
% Type string
%EndEventDef

%EventDef PajeDefineStateType 4
% Alias string 
% Type string 
% Name string 
%EndEventDef

%EventDef PajeDefineEntityValue 5
% Alias string  
% Type string  
% Name string  
% Color color 
%EndEventDef

%EventDef PajeSetState 6
% Time date  
% Type string  
% Container string  
% Value string  
%EndEventDef 

%EventDef PajeDefineEventType 7
% Type string
% Alias string
% Name string
%EndEventDef

%EventDef PajeNewEvent 8
% Time date
% Type string
% Container string
% Value string
%EndEventDef

%EventDef PajeDefineVariableType 9
% Type string
% Alias string
% Name string
% Color string
%EndEventDef

%EventDef PajeSetVariable 10
% Time date
% Type string
% Container string
% Value double
%EndEventDef

# Container types creation
1 0 root_ct "Machines"
1 root_ct machine_ct "Machine"
1 0 scheduler_ct "Scheduler"
1 scheduler_ct killer_ct "Killer"

# Event types creation
7 killer_ct kk "Job kill"
7 machine_ct km "Job kill"

# Variable types creation
9 scheduler_ct vu_vt "Utilization" "0.0 0.5 0.0"

# Containers creation
2 0.000000 root_ct root "Machines" 0
2 0.000000 machine_ct m0 "replica_0_slot_0" root
2 0.000000 machine_ct m1 "replica_0_slot_1" root
2 0.000000 machine_ct m2 "replica_0_slot_10" root
2 0.000000 machine_ct m3 "replica_0_slot_11" root
2 0.000000 machine_ct m4 "replica_0_slot_12" root
2 0.000000 machine_ct m5 "replica_0_slot_13" root
2 0.000000 machine_ct m6 "replica_0_slot_14" root
2 0.000000 machine_ct m7 "replica_0_slot_15" root
2 0.000000 machine_ct m8 "replica_0_slot_16" root
2 0.000000 machine_ct m9 "replica_0_slot_17" root
2 0.000000 machine_ct m10 "replica_0_slot_18" root
2 0.000000 machine_ct m11 "replica_0_slot_19" root
2 0.000000 machine_ct m12 "replica_0_slot_2" root
2 0.000000 machine_ct m13 "replica_0_slot_20" root
2 0.000000 machine_ct m14 "replica_0_slot_21" root
2 0.000000 machine_ct m15 "replica_0_slot_22" root
2 0.000000 machine_ct m16 "replica_0_slot_23" root
2 0.000000 machine_ct m17 "replica_0_slot_24" root
2 0.000000 machine_ct m18 "replica_0_slot_25" root
2 0.000000 machine_ct m19 "replica_0_slot_26" root
2 0.000000 machine_ct m20 "replica_0_slot_27" root
2 0.000000 machine_ct m21 "replica_0_slot_28" root
2 0.000000 machine_ct m22 "replica_0_slot_29" root
2 0.000000 machine_ct m23 "replica_0_slot_3" root
2 0.000000 machine_ct m24 "replica_0_slot_30" root
2 0.000000 machine_ct m25 "replica_0_slot_31" root
2 0.000000 machine_ct m26 "replica_0_slot_32" root
2 0.000000 machine_ct m27 "replica_0_slot_33" root
2 0.000000 machine_ct m28 "replica_0_slot_34" root
2 0.000000 machine_ct m29 "replica_0_slot_35" root
2 0.000000 machine_ct m30 "replica_0_slot_36" root
2 0.000000 machine_ct m31 "replica_0_slot_37" root
2 0.000000 machine_ct m32 "replica_0_slot_38" root
2 0.000000 machine_ct m33 "replica_0_slot_39" root
2 0.000000 machine_ct m34 "replica_0_slot_4" root
2 0.000000 machine_ct m35 "replica_0_slot_40" root
2 0.000000 machine_ct m36 "replica_0_slot_41" root
2 0.000000 machine_ct m37 "replica_0_slot_42" root
2 0.000000 machine_ct m38 "replica_0_slot_43" root
2 0.000000 machine_ct m39 "replica_0_slot_44" root
2 0.000000 machine_ct m40 "replica_0_slot_45" root
2 0.000000 machine_ct m41 "replica_0_slot_46" root
2 0.000000 machine_ct m42 "replica_0_slot_47" root
2 0.000000 machine_ct m43 "replica_0_slot_48" root
2 0.000000 machine_ct m44 "replica_0_slot_49" root
2 0.000000 machine_ct m45 "replica_0_slot_5" root
2 0.000000 machine_ct m46 "replica_0_slot_50" root
2 0.000000 machine_ct m47 "replica_0_slot_51" root
2 0.000000 machine_ct m48 "replica_0_slot_52" root
2 0.000000 machine_ct m49 "replica_0_slot_53" root
2 0.000000 machine_ct m50 "replica_0_slot_54" root
2 0.000000 machine_ct m51 "replica_0_slot_55" root
2 0.000000 machine_ct m52 "replica_0_slot_56" root
2 0.000000 machine_ct m53 "replica_0_slot_57" root
2 0.000000 machine_ct m54 "replica_0_slot_58" root
2 0.000000 machine_ct m55 "replica_0_slot_59" root
2 0.000000 machine_ct m56 "replica_0_slot_6" root
2 0.000000 machine_ct m57 "replica_0_slot_60" root
2 0.000000 machine_ct m58 "replica_0_slot_61" root
2 0.000000 machine_ct m59 "replica_0_slot_62" root
2 0.000000 machine_ct m60 "replica_0_slot_63" root
2 0.000000 machine_ct m61 "replica_0_slot_64" root
2 0.000000 machine_ct m62 "replica_0_slot_65" root
2 0.000000 machine_ct m63 "replica_0_slot_66" root
2 0.000000 machine_ct m64 "replica_0_slot_67" root
2 0.000000 machine_ct m65 "replica_0_slot_68" root
2 0.000000 machine_ct m66 "replica_0_slot_69" root
2 0.000000 machine_ct m67 "replica_0_slot_7" root
2 0.000000 machine_ct m68 "replica_0_slot_70" root
2 0.000000 machine_ct m69 "replica_0_slot_71" root
2 0.000000 machine_ct m70 "replica_0_slot_72" root
2 0.000000 machine_ct m71 "replica_0_slot_73" root
2 0.000000 machine_ct m72 "replica_0_slot_74" root
2 0.000000 machine_ct m73 "replica_0_slot_75" root
2 0.000000 machine_ct m74 "replica_0_slot_76" root
2 0.000000 machine_ct m75 "replica_0_slot_77" root
2 0.000000 machine_ct m76 "replica_0_slot_78" root
2 0.000000 machine_ct m77 "replica_0_slot_79" root
2 0.000000 machine_ct m78 "replica_0_slot_8" root
2 0.000000 machine_ct m79 "replica_0_slot_80" root
2 0.000000 machine_ct m80 "replica_0_slot_81" root
2 0.000000 machine_ct m81 "replica_0_slot_82" root
2 0.000000 machine_ct m82 "replica_0_slot_83" root
2 0.000000 machine_ct m83 "replica_0_slot_84" root
2 0.000000 machine_ct m84 "replica_0_slot_85" root
2 0.000000 machine_ct m85 "replica_0_slot_86" root
2 0.000000 machine_ct m86 "replica_0_slot_87" root
2 0.000000 machine_ct m87 "replica_0_slot_88" root
2 0.000000 machine_ct m88 "replica_0_slot_89" root
2 0.000000 machine_ct m89 "replica_0_slot_9" root
2 0.000000 machine_ct m90 "replica_0_slot_90" root
2 0.000000 machine_ct m91 "replica_0_slot_91" root
2 0.000000 machine_ct m92 "replica_0_slot_92" root
2 0.000000 machine_ct m93 "replica_0_slot_93" root
2 0.000000 machine_ct m94 "replica_0_slot_94" root
2 0.000000 machine_ct m95 "replica_0_slot_95" root
2 0.000000 machine_ct m96 "replica_0_slot_96" root
2 0.000000 machine_ct m97 "replica_0_slot_97" root
2 0.000000 machine_ct m98 "replica_0_slot_98" root
2 0.000000 machine_ct m99 "replica_0_slot_99" root
2 0.000000 machine_ct m100 "replica_1_slot_0" root
2 0.000000 machine_ct m101 "replica_1_slot_1" root
2 0.000000 machine_ct m102 "replica_1_slot_10" root
2 0.000000 machine_ct m103 "replica_1_slot_11" root
2 0.000000 machine_ct m104 "replica_1_slot_12" root
2 0.000000 machine_ct m105 "replica_1_slot_13" root
2 0.000000 machine_ct m106 "replica_1_slot_14" root
2 0.000000 machine_ct m107 "replica_1_slot_15" root
2 0.000000 machine_ct m108 "replica_1_slot_16" root
2 0.000000 machine_ct m109 "replica_1_slot_17" root
2 0.000000 machine_ct m110 "replica_1_slot_18" root
2 0.000000 machine_ct m111 "replica_1_slot_19" root
2 0.000000 machine_ct m112 "replica_1_slot_2" root
2 0.000000 machine_ct m113 "replica_1_slot_20" root
2 0.000000 machine_ct m114 "replica_1_slot_21" root
2 0.000000 machine_ct m115 "replica_1_slot_22" root
2 0.000000 machine_ct m116 "replica_1_slot_23" root
2 0.000000 machine_ct m117 "replica_1_slot_24" root
2 0.000000 machine_ct m118 "replica_1_slot_25" root
2 0.000000 machine_ct m119 "replica_1_slot_26" root
2 0.000000 machine_ct m120 "replica_1_slot_27" root
2 0.000000 machine_ct m121 "replica_1_slot_28" root
2 0.000000 machine_ct m122 "replica_1_slot_29" root
2 0.000000 machine_ct m123 "replica_1_slot_3" root
2 0.000000 machine_ct m124 "replica_1_slot_30" root
2 0.000000 machine_ct m125 "replica_1_slot_31" root
2 0.000000 machine_ct m126 "replica_1_slot_32" root
2 0.000000 machine_ct m127 "replica_1_slot_33" root
2 0.000000 machine_ct m128 "replica_1_slot_34" root
2 0.000000 machine_ct m129 "replica_1_slot_35" root
2 0.000000 machine_ct m130 "replica_1_slot_36" root
2 0.000000 machine_ct m131 "replica_1_slot_37" root
2 0.000000 machine_ct m132 "replica_1_slot_38" root
2 0.000000 machine_ct m133 "replica_1_slot_39" root
2 0.000000 machine_ct m134 "replica_1_slot_4" root
2 0.000000 machine_ct m135 "replica_1_slot_40" root
2 0.000000 machine_ct m136 "replica_1_slot_41" root
2 0.000000 machine_ct m137 "replica_1_slot_42" root
2 0.000000 machine_ct m138 "replica_1_slot_43" root
2 0.000000 machine_ct m139 "replica_1_slot_44" root
2 0.000000 machine_ct m140 "replica_1_slot_45" root
2 0.000000 machine_ct m141 "replica_1_slot_46" root
2 0.000000 machine_ct m142 "replica_1_slot_47" root
2 0.000000 machine_ct m143 "replica_1_slot_48" root
2 0.000000 machine_ct m144 "replica_1_slot_49" root
2 0.000000 machine_ct m145 "replica_1_slot_5" root
2 0.000000 machine_ct m146 "replica_1_slot_50" root
2 0.000000 machine_ct m147 "replica_1_slot_51" root
2 0.000000 machine_ct m148 "replica_1_slot_52" root
2 0.000000 machine_ct m149 "replica_1_slot_53" root
2 0.000000 machine_ct m150 "replica_1_slot_54" root
2 0.000000 machine_ct m151 "replica_1_slot_55" root
2 0.000000 machine_ct m152 "replica_1_slot_56" root
2 0.000000 machine_ct m153 "replica_1_slot_57" root
2 0.000000 machine_ct m154 "replica_1_slot_58" root
2 0.000000 machine_ct m155 "replica_1_slot_59" root
2 0.000000 machine_ct m156 "replica_1_slot_6" root
2 0.000000 machine_ct m157 "replica_1_slot_60" root
2 0.000000 machine_ct m158 "replica_1_slot_61" root
2 0.000000 machine_ct m159 "replica_1_slot_62" root
2 0.000000 machine_ct m160 "replica_1_slot_63" root
2 0.000000 machine_ct m161 "replica_1_slot_64" root
2 0.000000 machine_ct m162 "replica_1_slot_65" root
2 0.000000 machine_ct m163 "replica_1_slot_66" root
2 0.000000 machine_ct m164 "replica_1_slot_67" root
2 0.000000 machine_ct m165 "replica_1_slot_68" root
2 0.000000 machine_ct m166 "replica_1_slot_69" root
2 0.000000 machine_ct m167 "replica_1_slot_7" root
2 0.000000 machine_ct m168 "replica_1_slot_70" root
2 0.000000 machine_ct m169 "replica_1_slot_71" root
2 0.000000 machine_ct m170 "replica_1_slot_72" root
2 0.000000 machine_ct m171 "replica_1_slot_73" root
2 0.000000 machine_ct m172 "replica_1_slot_74" root
2 0.000000 machine_ct m173 "replica_1_slot_75" root
2 0.000000 machine_ct m174 "replica_1_slot_76" root
2 0.000000 machine_ct m175 "replica_1_slot_77" root
2 0.000000 machine_ct m176 "replica_1_slot_78" root
2 0.000000 machine_ct m177 "replica_1_slot_79" root
2 0.000000 machine_ct m178 "replica_1_slot_8" root
2 0.000000 machine_ct m179 "replica_1_slot_80" root
2 0.000000 machine_ct m180 "replica_1_slot_81" root
2 0.000000 machine_ct m181 "replica_1_slot_82" root
2 0.000000 machine_ct m182 "replica_1_slot_83" root
2 0.000000 machine_ct m183 "replica_1_slot_84" root
2 0.000000 machine_ct m184 "replica_1_slot_85" root
2 0.000000 machine_ct m185 "replica_1_slot_86" root
2 0.000000 machine_ct m186 "replica_1_slot_87" root
2 0.000000 machine_ct m187 "replica_1_slot_88" root
2 0.000000 machine_ct m188 "replica_1_slot_89" root
2 0.000000 machine_ct m189 "replica_1_slot_9" root
2 0.000000 machine_ct m190 "replica_1_slot_90" root
2 0.000000 machine_ct m191 "replica_1_slot_91" root
2 0.000000 machine_ct m192 "replica_1_slot_92" root
2 0.000000 machine_ct m193 "replica_1_slot_93" root
2 0.000000 machine_ct m194 "replica_1_slot_94" root
2 0.000000 machine_ct m195 "replica_1_slot_95" root
2 0.000000 machine_ct m196 "replica_1_slot_96" root
2 0.000000 machine_ct m197 "replica_1_slot_97" root
2 0.000000 machine_ct m198 "replica_1_slot_98" root
2 0.000000 machine_ct m199 "replica_1_slot_99" root
2 0.000000 machine_ct m200 "replica_2_slot_0" root
2 0.000000 machine_ct m201 "replica_2_slot_1" root
2 0.000000 machine_ct m202 "replica_2_slot_10" root
2 0.000000 machine_ct m203 "replica_2_slot_11" root
2 0.000000 machine_ct m204 "replica_2_slot_12" root
2 0.000000 machine_ct m205 "replica_2_slot_13" root
2 0.000000 machine_ct m206 "replica_2_slot_14" root
2 0.000000 machine_ct m207 "replica_2_slot_15" root
2 0.000000 machine_ct m208 "replica_2_slot_16" root
2 0.000000 machine_ct m209 "replica_2_slot_17" root
2 0.000000 machine_ct m210 "replica_2_slot_18" root
2 0.000000 machine_ct m211 "replica_2_slot_19" root
2 0.000000 machine_ct m212 "replica_2_slot_2" root
2 0.000000 machine_ct m213 "replica_2_slot_20" root
2 0.000000 machine_ct m214 "replica_2_slot_21" root
2 0.000000 machine_ct m215 "replica_2_slot_22" root
2 0.000000 machine_ct m216 "replica_2_slot_23" root
2 0.000000 machine_ct m217 "replica_2_slot_24" root
2 0.000000 machine_ct m218 "replica_2_slot_25" root
2 0.000000 machine_ct m219 "replica_2_slot_26" root
2 0.000000 machine_ct m220 "replica_2_slot_27" root
2 0.000000 machine_ct m221 "replica_2_slot_28" root
2 0.000000 machine_ct m222 "replica_2_slot_29" root
2 0.000000 machine_ct m223 "replica_2_slot_3" root
2 0.000000 machine_ct m224 "replica_2_slot_30" root
2 0.000000 machine_ct m225 "replica_2_slot_31" root
2 0.000000 machine_ct m226 "replica_2_slot_32" root
2 0.000000 machine_ct m227 "replica_2_slot_33" root
2 0.000000 machine_ct m228 "replica_2_slot_34" root
2 0.000000 machine_ct m229 "replica_2_slot_35" root
2 0.000000 machine_ct m230 "replica_2_slot_36" root
2 0.000000 machine_ct m231 "replica_2_slot_37" root
2 0.000000 machine_ct m232 "replica_2_slot_38" root
2 0.000000 machine_ct m233 "replica_2_slot_39" root
2 0.000000 machine_ct m234 "replica_2_slot_4" root
2 0.000000 machine_ct m235 "replica_2_slot_40" root
2 0.000000 machine_ct m236 "replica_2_slot_41" root
2 0.000000 machine_ct m237 "replica_2_slot_42" root
2 0.000000 machine_ct m238 "replica_2_slot_43" root
2 0.000000 machine_ct m239 "replica_2_slot_44" root
2 0.000000 machine_ct m240 "replica_2_slot_45" root
2 0.000000 machine_ct m241 "replica_2_slot_46" root
2 0.000000 machine_ct m242 "replica_2_slot_47" root
2 0.000000 machine_ct m243 "replica_2_slot_48" root
2 0.000000 machine_ct m244 "replica_2_slot_49" root
2 0.000000 machine_ct m245 "replica_2_slot_5" root
2 0.000000 machine_ct m246 "replica_2_slot_50" root
2 0.000000 machine_ct m247 "replica_2_slot_51" root
2 0.000000 machine_ct m248 "replica_2_slot_52" root
2 0.000000 machine_ct m249 "replica_2_slot_53" root
2 0.000000 machine_ct m250 "replica_2_slot_54" root
2 0.000000 machine_ct m251 "replica_2_slot_55" root
2 0.000000 machine_ct m252 "replica_2_slot_56" root
2 0.000000 machine_ct m253 "replica_2_slot_57" root
2 0.000000 machine_ct m254 "replica_2_slot_58" root
2 0.000000 machine_ct m255 "replica_2_slot_59" root
2 0.000000 machine_ct m256 "replica_2_slot_6" root
2 0.000000 machine_ct m257 "replica_2_slot_60" root
2 0.000000 machine_ct m258 "replica_2_slot_61" root
2 0.000000 machine_ct m259 "replica_2_slot_62" root
2 0.000000 machine_ct m260 "replica_2_slot_63" root
2 0.000000 machine_ct m261 "replica_2_slot_64" root
2 0.000000 machine_ct m262 "replica_2_slot_65" root
2 0.000000 machine_ct m263 "replica_2_slot_66" root
2 0.000000 machine_ct m264 "replica_2_slot_67" root
2 0.000000 machine_ct m265 "replica_2_slot_68" root
2 0.000000 machine_ct m266 "replica_2_slot_69" root
2 0.000000 machine_ct m267 "replica_2_slot_7" root
2 0.000000 machine_ct m268 "replica_2_slot_70" root
2 0.000000 machine_ct m269 "replica_2_slot_71" root
2 0.000000 machine_ct m270 "replica_2_slot_72" root
2 0.000000 machine_ct m271 "replica_2_slot_73" root
2 0.000000 machine_ct m272 "replica_2_slot_74" root
2 0.000000 machine_ct m273 "replica_2_slot_75" root
2 0.000000 machine_ct m274 "replica_2_slot_76" root
2 0.000000 machine_ct m275 "replica_2_slot_77" root
2 0.000000 machine_ct m276 "replica_2_slot_78" root
2 0.000000 machine_ct m277 "replica_2_slot_79" root
2 0.000000 machine_ct m278 "replica_2_slot_8" root
2 0.000000 machine_ct m279 "replica_2_slot_80" root
2 0.000000 machine_ct m280 "replica_2_slot_81" root
2 0.000000 machine_ct m281 "replica_2_slot_82" root
2 0.000000 machine_ct m282 "replica_2_slot_83" root
2 0.000000 machine_ct m283 "replica_2_slot_84" root
2 0.000000 machine_ct m284 "replica_2_slot_85" root
2 0.000000 machine_ct m285 "replica_2_slot_86" root
2 0.000000 machine_ct m286 "replica_2_slot_87" root
2 0.000000 machine_ct m287 "replica_2_slot_88" root
2 0.000000 machine_ct m288 "replica_2_slot_89" root
2 0.000000 machine_ct m289 "replica_2_slot_9" root
2 0.000000 machine_ct m290 "replica_2_slot_90" root
2 0.000000 machine_ct m291 "replica_2_slot_91" root
2 0.000000 machine_ct m292 "replica_2_slot_92" root
2 0.000000 machine_ct m293 "replica_2_slot_93" root
2 0.000000 machine_ct m294 "replica_2_slot_94" root
2 0.000000 machine_ct m295 "replica_2_slot_95" root
2 0.000000 machine_ct m296 "replica_2_slot_96" root
2 0.000000 machine_ct m297 "replica_2_slot_97" root
2 0.000000 machine_ct m298 "replica_2_slot_98" root
2 0.000000 machine_ct m299 "replica_2_slot_99" root
2 0.000000 machine_ct m300 "replica_3_slot_0" root
2 0.000000 machine_ct m301 "replica_3_slot_1" root
2 0.000000 machine_ct m302 "replica_3_slot_10" root
2 0.000000 machine_ct m303 "replica_3_slot_11" root
2 0.000000 machine_ct m304 "replica_3_slot_12" root
2 0.000000 machine_ct m305 "replica_3_slot_13" root
2 0.000000 machine_ct m306 "replica_3_slot_14" root
2 0.000000 machine_ct m307 "replica_3_slot_15" root
2 0.000000 machine_ct m308 "replica_3_slot_16" root
2 0.000000 machine_ct m309 "replica_3_slot_17" root
2 0.000000 machine_ct m310 "replica_3_slot_18" root
2 0.000000 machine_ct m311 "replica_3_slot_19" root
2 0.000000 machine_ct m312 "replica_3_slot_2" root
2 0.000000 machine_ct m313 "replica_3_slot_20" root
2 0.000000 machine_ct m314 "replica_3_slot_21" root
2 0.000000 machine_ct m315 "replica_3_slot_22" root
2 0.000000 machine_ct m316 "replica_3_slot_23" root
2 0.000000 machine_ct m317 "replica_3_slot_24" root
2 0.000000 machine_ct m318 "replica_3_slot_25" root
2 0.000000 machine_ct m319 "replica_3_slot_26" root
2 0.000000 machine_ct m320 "replica_3_slot_27" root
2 0.000000 machine_ct m321 "replica_3_slot_28" root
2 0.000000 machine_ct m322 "replica_3_slot_29" root
2 0.000000 machine_ct m323 "replica_3_slot_3" root
2 0.000000 machine_ct m324 "replica_3_slot_30" root
2 0.000000 machine_ct m325 "replica_3_slot_31" root
2 0.000000 machine_ct m326 "replica_3_slot_32" root
2 0.000000 machine_ct m327 "replica_3_slot_33" root
2 0.000000 machine_ct m328 "replica_3_slot_34" root
2 0.000000 machine_ct m329 "replica_3_slot_35" root
2 0.000000 machine_ct m330 "replica_3_slot_36" root
2 0.000000 machine_ct m331 "replica_3_slot_37" root
2 0.000000 machine_ct m332 "replica_3_slot_38" root
2 0.000000 machine_ct m333 "replica_3_slot_39" root
2 0.000000 machine_ct m334 "replica_3_slot_4" root
2 0.000000 machine_ct m335 "replica_3_slot_40" root
2 0.000000 machine_ct m336 "replica_3_slot_41" root
2 0.000000 machine_ct m337 "replica_3_slot_42" root
2 0.000000 machine_ct m338 "replica_3_slot_43" root
2 0.000000 machine_ct m339 "replica_3_slot_44" root
2 0.000000 machine_ct m340 "replica_3_slot_45" root
2 0.000000 machine_ct m341 "replica_3_slot_46" root
2 0.000000 machine_ct m342 "replica_3_slot_47" root
2 0.000000 machine_ct m343 "replica_3_slot_48" root
2 0.000000 machine_ct m344 "replica_3_slot_49" root
2 0.000000 machine_ct m345 "replica_3_slot_5" root
2 0.000000 machine_ct m346 "replica_3_slot_50" root
2 0.000000 machine_ct m347 "replica_3_slot_51" root
2 0.000000 machine_ct m348 "replica_3_slot_52" root
2 0.000000 machine_ct m349 "replica_3_slot_53" root
2 0.000000 machine_ct m350 "replica_3_slot_54" root
2 0.000000 machine_ct m351 "replica_3_slot_55" root
2 0.000000 machine_ct m352 "replica_3_slot_56" root
2 0.000000 machine_ct m353 "replica_3_slot_57" root
2 0.000000 machine_ct m354 "replica_3_slot_58" root
2 0.000000 machine_ct m355 "replica_3_slot_59" root
2 0.000000 machine_ct m356 "replica_3_slot_6" root
2 0.000000 machine_ct m357 "replica_3_slot_60" root
2 0.000000 machine_ct m358 "replica_3_slot_61" root
2 0.000000 machine_ct m359 "replica_3_slot_62" root
2 0.000000 machine_ct m360 "replica_3_slot_63" root
2 0.000000 machine_ct m361 "replica_3_slot_64" root
2 0.000000 machine_ct m362 "replica_3_slot_65" root
2 0.000000 machine_ct m363 "replica_3_slot_66" root
2 0.000000 machine_ct m364 "replica_3_slot_67" root
2 0.000000 machine_ct m365 "replica_3_slot_68" root
2 0.000000 machine_ct m366 "replica_3_slot_69" root
2 0.000000 machine_ct m367 "replica_3_slot_7" root
2 0.000000 machine_ct m368 "replica_3_slot_70" root
2 0.000000 machine_ct m369 "replica_3_slot_71" root
2 0.000000 machine_ct m370 "replica_3_slot_72" root
2 0.000000 machine_ct m371 "replica_3_slot_73" root
2 0.000000 machine_ct m372 "replica_3_slot_74" root
2 0.000000 machine_ct m373 "replica_3_slot_75" root
2 0.000000 machine_ct m374 "replica_3_slot_76" root
2 0.000000 machine_ct m375 "replica_3_slot_77" root
2 0.000000 machine_ct m376 "replica_3_slot_78" root
2 0.000000 machine_ct m377 "replica_3_slot_79" root
2 0.000000 machine_ct m378 "replica_3_slot_8" root
2 0.000000 machine_ct m379 "replica_3_slot_80" root
2 0.000000 machine_ct m380 "replica_3_slot_81" root
2 0.000000 machine_ct m381 "replica_3_slot_82" root
2 0.000000 machine_ct m382 "replica_3_slot_83" root
2 0.000000 machine_ct m383 "replica_3_slot_84" root
2 0.000000 machine_ct m384 "replica_3_slot_85" root
2 0.000000 machine_ct m385 "replica_3_slot_86" root
2 0.000000 machine_ct m386 "replica_3_slot_87" root
2 0.000000 machine_ct m387 "replica_3_slot_88" root
2 0.000000 machine_ct m388 "replica_3_slot_89" root
2 0.000000 machine_ct m389 "replica_3_slot_9" root
2 0.000000 machine_ct m390 "replica_3_slot_90" root
2 0.000000 machine_ct m391 "replica_3_slot_91" root
2 0.000000 machine_ct m392 "replica_3_slot_92" root
2 0.000000 machine_ct m393 "replica_3_slot_93" root
2 0.000000 machine_ct m394 "replica_3_slot_94" root
2 0.000000 machine_ct m395 "replica_3_slot_95" root
2 0.000000 machine_ct m396 "replica_3_slot_96" root
2 0.000000 machine_ct m397 "replica_3_slot_97" root
2 0.000000 machine_ct m398 "replica_3_slot_98" root
2 0.000000 machine_ct m399 "replica_3_slot_99" root
2 0.000000 machine_ct m400 "replica_4_slot_0" root
2 0.000000 machine_ct m401 "replica_4_slot_1" root
2 0.000000 machine_ct m402 "replica_4_slot_10" root
2 0.000000 machine_ct m403 "replica_4_slot_11" root
2 0.000000 machine_ct m404 "replica_4_slot_12" root
2 0.000000 machine_ct m405 "replica_4_slot_13" root
2 0.000000 machine_ct m406 "replica_4_slot_14" root
2 0.000000 machine_ct m407 "replica_4_slot_15" root
2 0.000000 machine_ct m408 "replica_4_slot_16" root
2 0.000000 machine_ct m409 "replica_4_slot_17" root
2 0.000000 machine_ct m410 "replica_4_slot_18" root
2 0.000000 machine_ct m411 "replica_4_slot_19" root
2 0.000000 machine_ct m412 "replica_4_slot_2" root
2 0.000000 machine_ct m413 "replica_4_slot_20" root
2 0.000000 machine_ct m414 "replica_4_slot_21" root
2 0.000000 machine_ct m415 "replica_4_slot_22" root
2 0.000000 machine_ct m416 "replica_4_slot_23" root
2 0.000000 machine_ct m417 "replica_4_slot_24" root
2 0.000000 machine_ct m418 "replica_4_slot_25" root
2 0.000000 machine_ct m419 "replica_4_slot_26" root
2 0.000000 machine_ct m420 "replica_4_slot_27" root
2 0.000000 machine_ct m421 "replica_4_slot_28" root
2 0.000000 machine_ct m422 "replica_4_slot_29" root
2 0.000000 machine_ct m423 "replica_4_slot_3" root
2 0.000000 machine_ct m424 "replica_4_slot_30" root
2 0.000000 machine_ct m425 "replica_4_slot_31" root
2 0.000000 machine_ct m426 "replica_4_slot_32" root
2 0.000000 machine_ct m427 "replica_4_slot_33" root
2 0.000000 machine_ct m428 "replica_4_slot_34" root
2 0.000000 machine_ct m429 "replica_4_slot_35" root
2 0.000000 machine_ct m430 "replica_4_slot_36" root
2 0.000000 machine_ct m431 "replica_4_slot_37" root
2 0.000000 machine_ct m432 "replica_4_slot_38" root
2 0.000000 machine_ct m433 "replica_4_slot_39" root
2 0.000000 machine_ct m434 "replica_4_slot_4" root
2 0.000000 machine_ct m435 "replica_4_slot_40" root
2 0.000000 machine_ct m436 "replica_4_slot_41" root
2 0.000000 machine_ct m437 "replica_4_slot_42" root
2 0.000000 machine_ct m438 "replica_4_slot_43" root
2 0.000000 machine_ct m439 "replica_4_slot_44" root
2 0.000000 machine_ct m440 "replica_4_slot_45" root
2 0.000000 machine_ct m441 "replica_4_slot_46" root
2 0.000000 machine_ct m442 "replica_4_slot_47" root
2 0.000000 machine_ct m443 "replica_4_slot_48" root
2 0.000000 machine_ct m444 "replica_4_slot_49" root
2 0.000000 machine_ct m445 "replica_4_slot_5" root
2 0.000000 machine_ct m446 "replica_4_slot_50" root
2 0.000000 machine_ct m447 "replica_4_slot_51" root
2 0.000000 machine_ct m448 "replica_4_slot_52" root
2 0.000000 machine_ct m449 "replica_4_slot_53" root
2 0.000000 machine_ct m450 "replica_4_slot_54" root
2 0.000000 machine_ct m451 "replica_4_slot_55" root
2 0.000000 machine_ct m452 "replica_4_slot_56" root
2 0.000000 machine_ct m453 "replica_4_slot_57" root
2 0.000000 machine_ct m454 "replica_4_slot_58" root
2 0.000000 machine_ct m455 "replica_4_slot_59" root
2 0.000000 machine_ct m456 "replica_4_slot_6" root
2 0.000000 machine_ct m457 "replica_4_slot_60" root
2 0.000000 machine_ct m458 "replica_4_slot_61" root
2 0.000000 machine_ct m459 "replica_4_slot_62" root
2 0.000000 machine_ct m460 "replica_4_slot_63" root
2 0.000000 machine_ct m461 "replica_4_slot_64" root
2 0.000000 machine_ct m462 "replica_4_slot_65" root
2 0.000000 machine_ct m463 "replica_4_slot_66" root
2 0.000000 machine_ct m464 "replica_4_slot_67" root
2 0.000000 machine_ct m465 "replica_4_slot_68" root
2 0.000000 machine_ct m466 "replica_4_slot_69" root
2 0.000000 machine_ct m467 "replica_4_slot_7" root
2 0.000000 machine_ct m468 "replica_4_slot_70" root
2 0.000000 machine_ct m469 "replica_4_slot_71" root
2 0.000000 machine_ct m470 "replica_4_slot_72" root
2 0.000000 machine_ct m471 "replica_4_slot_73" root
2 0.000000 machine_ct m472 "replica_4_slot_74" root
2 0.000000 machine_ct m473 "replica_4_slot_75" root
2 0.000000 machine_ct m474 "replica_4_slot_76" root
2 0.000000 machine_ct m475 "replica_4_slot_77" root
2 0.000000 machine_ct m476 "replica_4_slot_78" root
2 0.000000 machine_ct m477 "replica_4_slot_79" root
2 0.000000 machine_ct m478 "replica_4_slot_8" root
2 0.000000 machine_ct m479 "replica_4_slot_80" root
2 0.000000 machine_ct m480 "replica_4_slot_81" root
2 0.000000 machine_ct m481 "replica_4_slot_82" root
2 0.000000 machine_ct m482 "replica_4_slot_83" root
2 0.000000 machine_ct m483 "replica_4_slot_84" root
2 0.000000 machine_ct m484 "replica_4_slot_85" root
2 0.000000 machine_ct m485 "replica_4_slot_86" root
2 0.000000 machine_ct m486 "replica_4_slot_87" root
2 0.000000 machine_ct m487 "replica_4_slot_88" root
2 0.000000 machine_ct m488 "replica_4_slot_89" root
2 0.000000 machine_ct m489 "replica_4_slot_9" root
2 0.000000 machine_ct m490 "replica_4_slot_90" root
2 0.000000 machine_ct m491 "replica_4_slot_91" root
2 0.000000 machine_ct m492 "replica_4_slot_92" root
2 0.000000 machine_ct m493 "replica_4_slot_93" root
2 0.000000 machine_ct m494 "replica_4_slot_94" root
2 0.000000 machine_ct m495 "replica_4_slot_95" root
2 0.000000 machine_ct m496 "replica_4_slot_96" root
2 0.000000 machine_ct m497 "replica_4_slot_97" root
2 0.000000 machine_ct m498 "replica_4_slot_98" root
2 0.000000 machine_ct m499 "replica_4_slot_99" root
2 0.000000 machine_ct m500 "replica_5_slot_0" root
2 0.000000 machine_ct m501 "replica_5_slot_1" root
2 0.000000 machine_ct m502 "replica_5_slot_10" root
2 0.000000 machine_ct m503 "replica_5_slot_11" root
2 0.000000 machine_ct m504 "replica_5_slot_12" root
2 0.000000 machine_ct m505 "replica_5_slot_13" root
2 0.000000 machine_ct m506 "replica_5_slot_14" root
2 0.000000 machine_ct m507 "replica_5_slot_15" root
2 0.000000 machine_ct m508 "replica_5_slot_16" root
2 0.000000 machine_ct m509 "replica_5_slot_17" root
2 0.000000 machine_ct m510 "replica_5_slot_18" root
2 0.000000 machine_ct m511 "replica_5_slot_19" root
2 0.000000 machine_ct m512 "replica_5_slot_2" root
2 0.000000 machine_ct m513 "replica_5_slot_20" root
2 0.000000 machine_ct m514 "replica_5_slot_21" root
2 0.000000 machine_ct m515 "replica_5_slot_22" root
2 0.000000 machine_ct m516 "replica_5_slot_23" root
2 0.000000 machine_ct m517 "replica_5_slot_24" root
2 0.000000 machine_ct m518 "replica_5_slot_25" root
2 0.000000 machine_ct m519 "replica_5_slot_26" root
2 0.000000 machine_ct m520 "replica_5_slot_27" root
2 0.000000 machine_ct m521 "replica_5_slot_28" root
2 0.000000 machine_ct m522 "replica_5_slot_29" root
2 0.000000 machine_ct m523 "replica_5_slot_3" root
2 0.000000 machine_ct m524 "replica_5_slot_30" root
2 0.000000 machine_ct m525 "replica_5_slot_31" root
2 0.000000 machine_ct m526 "replica_5_slot_32" root
2 0.000000 machine_ct m527 "replica_5_slot_33" root
2 0.000000 machine_ct m528 "replica_5_slot_34" root
2 0.000000 machine_ct m529 "replica_5_slot_35" root
2 0.000000 machine_ct m530 "replica_5_slot_36" root
2 0.000000 machine_ct m531 "replica_5_slot_37" root
2 0.000000 machine_ct m532 "replica_5_slot_38" root
2 0.000000 machine_ct m533 "replica_5_slot_39" root
2 0.000000 machine_ct m534 "replica_5_slot_4" root
2 0.000000 machine_ct m535 "replica_5_slot_40" root
2 0.000000 machine_ct m536 "replica_5_slot_41" root
2 0.000000 machine_ct m537 "replica_5_slot_42" root
2 0.000000 machine_ct m538 "replica_5_slot_43" root
2 0.000000 machine_ct m539 "replica_5_slot_44" root
2 0.000000 machine_ct m540 "replica_5_slot_45" root
2 0.000000 machine_ct m541 "replica_5_slot_46" root
2 0.000000 machine_ct m542 "replica_5_slot_47" root
2 0.000000 machine_ct m543 "replica_5_slot_48" root
2 0.000000 machine_ct m544 "replica_5_slot_49" root
2 0.000000 machine_ct m545 "replica_5_slot_5" root
2 0.000000 machine_ct m546 "replica_5_slot_50" root
2 0.000000 machine_ct m547 "replica_5_slot_51" root
2 0.000000 machine_ct m548 "replica_5_slot_52" root
2 0.000000 machine_ct m549 "replica_5_slot_53" root
2 0.000000 machine_ct m550 "replica_5_slot_54" root
2 0.000000 machine_ct m551 "replica_5_slot_55" root
2 0.000000 machine_ct m552 "replica_5_slot_56" root
2 0.000000 machine_ct m553 "replica_5_slot_57" root
2 0.000000 machine_ct m554 "replica_5_slot_58" root
2 0.000000 machine_ct m555 "replica_5_slot_59" root
2 0.000000 machine_ct m556 "replica_5_slot_6" root
2 0.000000 machine_ct m557 "replica_5_slot_60" root
2 0.000000 machine_ct m558 "replica_5_slot_61" root
2 0.000000 machine_ct m559 "replica_5_slot_62" root
2 0.000000 machine_ct m560 "replica_5_slot_63" root
2 0.000000 machine_ct m561 "replica_5_slot_64" root
2 0.000000 machine_ct m562 "replica_5_slot_65" root
2 0.000000 machine_ct m563 "replica_5_slot_66" root
2 0.000000 machine_ct m564 "replica_5_slot_67" root
2 0.000000 machine_ct m565 "replica_5_slot_68" root
2 0.000000 machine_ct m566 "replica_5_slot_69" root
2 0.000000 machine_ct m567 "replica_5_slot_7" root
2 0.000000 machine_ct m568 "replica_5_slot_70" root
2 0.000000 machine_ct m569 "replica_5_slot_71" root
2 0.000000 machine_ct m570 "replica_5_slot_72" root
2 0.000000 machine_ct m571 "replica_5_slot_73" root
2 0.000000 machine_ct m572 "replica_5_slot_74" root
2 0.000000 machine_ct m573 "replica_5_slot_75" root
2 0.000000 machine_ct m574 "replica_5_slot_76" root
2 0.000000 machine_ct m575 "replica_5_slot_77" root
2 0.000000 machine_ct m576 "replica_5_slot_78" root
2 0.000000 machine_ct m577 "replica_5_slot_79" root
2 0.000000 machine_ct m578 "replica_5_slot_8" root
2 0.000000 machine_ct m579 "replica_5_slot_80" root
2 0.000000 machine_ct m580 "replica_5_slot_81" root
2 0.000000 machine_ct m581 "replica_5_slot_82" root
2 0.000000 machine_ct m582 "replica_5_slot_83" root
2 0.000000 machine_ct m583 "replica_5_slot_84" root
2 0.000000 machine_ct m584 "replica_5_slot_85" root
2 0.000000 machine_ct m585 "replica_5_slot_86" root
2 0.000000 machine_ct m586 "replica_5_slot_87" root
2 0.000000 machine_ct m587 "replica_5_slot_88" root
2 0.000000 machine_ct m588 "replica_5_slot_89" root
2 0.000000 machine_ct m589 "replica_5_slot_9" root
2 0.000000 machine_ct m590 "replica_5_slot_90" root
2 0.000000 machine_ct m591 "replica_5_slot_91" root
2 0.000000 machine_ct m592 "replica_5_slot_92" root
2 0.000000 machine_ct m593 "replica_5_slot_93" root
2 0.000000 machine_ct m594 "replica_5_slot_94" root
2 0.000000 machine_ct m595 "replica_5_slot_95" root
2 0.000000 machine_ct m596 "replica_5_slot_96" root
2 0.000000 machine_ct m597 "replica_5_slot_97" root
2 0.000000 machine_ct m598 "replica_5_slot_98" root
2 0.000000 machine_ct m599 "replica_5_slot_99" root
2 0.000000 machine_ct m600 "replica_6_slot_0" root
2 0.000000 machine_ct m601 "replica_6_slot_1" root
2 0.000000 machine_ct m602 "replica_6_slot_10" root
2 0.000000 machine_ct m603 "replica_6_slot_11" root
2 0.000000 machine_ct m604 "replica_6_slot_12" root
2 0.000000 machine_ct m605 "replica_6_slot_13" root
2 0.000000 machine_ct m606 "replica_6_slot_14" root
2 0.000000 machine_ct m607 "replica_6_slot_15" root
2 0.000000 machine_ct m608 "replica_6_slot_16" root
2 0.000000 machine_ct m609 "replica_6_slot_17" root
2 0.000000 machine_ct m610 "replica_6_slot_18" root
2 0.000000 machine_ct m611 "replica_6_slot_19" root
2 0.000000 machine_ct m612 "replica_6_slot_2" root
2 0.000000 machine_ct m613 "replica_6_slot_20" root
2 0.000000 machine_ct m614 "replica_6_slot_21" root
2 0.000000 machine_ct m615 "replica_6_slot_22" root
2 0.000000 machine_ct m616 "replica_6_slot_23" root
2 0.000000 machine_ct m617 "replica_6_slot_24" root
2 0.000000 machine_ct m618 "replica_6_slot_25" root
2 0.000000 machine_ct m619 "replica_6_slot_26" root
2 0.000000 machine_ct m620 "replica_6_slot_27" root
2 0.000000 machine_ct m621 "replica_6_slot_28" root
2 0.000000 machine_ct m622 "replica_6_slot_29" root
2 0.000000 machine_ct m623 "replica_6_slot_3" root
2 0.000000 machine_ct m624 "replica_6_slot_30" root
2 0.000000 machine_ct m625 "replica_6_slot_31" root
2 0.000000 machine_ct m626 "replica_6_slot_32" root
2 0.000000 machine_ct m627 "replica_6_slot_33" root
2 0.000000 machine_ct m628 "replica_6_slot_34" root
2 0.000000 machine_ct m629 "replica_6_slot_35" root
2 0.000000 machine_ct m630 "replica_6_slot_36" root
2 0.000000 machine_ct m631 "replica_6_slot_37" root
2 0.000000 machine_ct m632 "replica_6_slot_38" root
2 0.000000 machine_ct m633 "replica_6_slot_39" root
2 0.000000 machine_ct m634 "replica_6_slot_4" root
2 0.000000 machine_ct m635 "replica_6_slot_40" root
2 0.000000 machine_ct m636 "replica_6_slot_41" root
2 0.000000 machine_ct m637 "replica_6_slot_42" root
2 0.000000 machine_ct m638 "replica_6_slot_43" root
2 0.000000 machine_ct m639 "replica_6_slot_44" root
2 0.000000 machine_ct m640 "replica_6_slot_45" root
2 0.000000 machine_ct m641 "replica_6_slot_46" root
2 0.000000 machine_ct m642 "replica_6_slot_47" root
2 0.000000 machine_ct m643 "replica_6_slot_48" root
2 0.000000 machine_ct m644 "replica_6_slot_49" root
2 0.000000 machine_ct m645 "replica_6_slot_5" root
2 0.000000 machine_ct m646 "replica_6_slot_50" root
2 0.000000 machine_ct m647 "replica_6_slot_51" root
2 0.000000 machine_ct m648 "replica_6_slot_52" root
2 0.000000 machine_ct m649 "replica_6_slot_53" root
2 0.000000 machine_ct m650 "replica_6_slot_54" root
2 0.000000 machine_ct m651 "replica_6_slot_55" root
2 0.000000 machine_ct m652 "replica_6_slot_56" root
2 0.000000 machine_ct m653 "replica_6_slot_57" root
2 0.000000 machine_ct m654 "replica_6_slot_58" root
2 0.000000 machine_ct m655 "replica_6_slot_59" root
2 0.000000 machine_ct m656 "replica_6_slot_6" root
2 0.000000 machine_ct m657 "replica_6_slot_60" root
2 0.000000 machine_ct m658 "replica_6_slot_61" root
2 0.000000 machine_ct m659 "replica_6_slot_62" root
2 0.000000 machine_ct m660 "replica_6_slot_63" root
2 0.000000 machine_ct m661 "replica_6_slot_64" root
2 0.000000 machine_ct m662 "replica_6_slot_65" root
2 0.000000 machine_ct m663 "replica_6_slot_66" root
2 0.000000 machine_ct m664 "replica_6_slot_67" root
2 0.000000 machine_ct m665 "replica_6_slot_68" root
2 0.000000 machine_ct m666 "replica_6_slot_69" root
2 0.000000 machine_ct m667 "replica_6_slot_7" root
2 0.000000 machine_ct m668 "replica_6_slot_70" root
2 0.000000 machine_ct m669 "replica_6_slot_71" root
2 0.000000 machine_ct m670 "replica_6_slot_72" root
2 0.000000 machine_ct m671 "replica_6_slot_73" root
2 0.000000 machine_ct m672 "replica_6_slot_74" root
2 0.000000 machine_ct m673 "replica_6_slot_75" root
2 0.000000 machine_ct m674 "replica_6_slot_76" root
2 0.000000 machine_ct m675 "replica_6_slot_77" root
2 0.000000 machine_ct m676 "replica_6_slot_78" root
2 0.000000 machine_ct m677 "replica_6_slot_79" root
2 0.000000 machine_ct m678 "replica_6_slot_8" root
2 0.000000 machine_ct m679 "replica_6_slot_80" root
2 0.000000 machine_ct m680 "replica_6_slot_81" root
2 0.000000 machine_ct m681 "replica_6_slot_82" root
2 0.000000 machine_ct m682 "replica_6_slot_83" root
2 0.000000 machine_ct m683 "replica_6_slot_84" root
2 0.000000 machine_ct m684 "replica_6_slot_85" root
2 0.000000 machine_ct m685 "replica_6_slot_86" root
2 0.000000 machine_ct m686 "replica_6_slot_87" root
2 0.000000 machine_ct m687 "replica_6_slot_88" root
2 0.000000 machine_ct m688 "replica_6_slot_89" root
2 0.000000 machine_ct m689 "replica_6_slot_9" root
2 0.000000 machine_ct m690 "replica_6_slot_90" root
2 0.000000 machine_ct m691 "replica_6_slot_91" root
2 0.000000 machine_ct m692 "replica_6_slot_92" root
2 0.000000 machine_ct m693 "replica_6_slot_93" root
2 0.000000 machine_ct m694 "replica_6_slot_94" root
2 0.000000 machine_ct m695 "replica_6_slot_95" root
2 0.000000 machine_ct m696 "replica_6_slot_96" root
2 0.000000 machine_ct m697 "replica_6_slot_97" root
2 0.000000 machine_ct m698 "replica_6_slot_98" root
2 0.000000 machine_ct m699 "replica_6_slot_99" root
2 0.000000 machine_ct m700 "replica_7_slot_0" root
2 0.000000 machine_ct m701 "replica_7_slot_1" root
2 0.000000 machine_ct m702 "replica_7_slot_10" root
2 0.000000 machine_ct m703 "replica_7_slot_11" root
2 0.000000 machine_ct m704 "replica_7_slot_12" root
2 0.000000 machine_ct m705 "replica_7_slot_13" root
2 0.000000 machine_ct m706 "replica_7_slot_14" root
2 0.000000 machine_ct m707 "replica_7_slot_15" root
2 0.000000 machine_ct m708 "replica_7_slot_16" root
2 0.000000 machine_ct m709 "replica_7_slot_17" root
2 0.000000 machine_ct m710 "replica_7_slot_18" root
2 0.000000 machine_ct m711 "replica_7_slot_19" root
2 0.000000 machine_ct m712 "replica_7_slot_2" root
2 0.000000 machine_ct m713 "replica_7_slot_20" root
2 0.000000 machine_ct m714 "replica_7_slot_21" root
2 0.000000 machine_ct m715 "replica_7_slot_22" root
2 0.000000 machine_ct m716 "replica_7_slot_23" root
2 0.000000 machine_ct m717 "replica_7_slot_24" root
2 0.000000 machine_ct m718 "replica_7_slot_25" root
2 0.000000 machine_ct m719 "replica_7_slot_26" root
2 0.000000 machine_ct m720 "replica_7_slot_27" root
2 0.000000 machine_ct m721 "replica_7_slot_28" root
2 0.000000 machine_ct m722 "replica_7_slot_29" root
2 0.000000 machine_ct m723 "replica_7_slot_3" root
2 0.000000 machine_ct m724 "replica_7_slot_30" root
2 0.000000 machine_ct m725 "replica_7_slot_31" root
2 0.000000 machine_ct m726 "replica_7_slot_32" root
2 0.000000 machine_ct m727 "replica_7_slot_33" root
2 0.000000 machine_ct m728 "replica_7_slot_34" root
2 0.000000 machine_ct m729 "replica_7_slot_35" root
2 0.000000 machine_ct m730 "replica_7_slot_36" root
2 0.000000 machine_ct m731 "replica_7_slot_37" root
2 0.000000 machine_ct m732 "replica_7_slot_38" root
2 0.000000 machine_ct m733 "replica_7_slot_39" root
2 0.000000 machine_ct m734 "replica_7_slot_4" root
2 0.000000 machine_ct m735 "replica_7_slot_40" root
2 0.000000 machine_ct m736 "replica_7_slot_41" root
2 0.000000 machine_ct m737 "replica_7_slot_42" root
2 0.000000 machine_ct m738 "replica_7_slot_43" root
2 0.000000 machine_ct m739 "replica_7_slot_44" root
2 0.000000 machine_ct m740 "replica_7_slot_45" root
2 0.000000 machine_ct m741 "replica_7_slot_46" root
2 0.000000 machine_ct m742 "replica_7_slot_47" root
2 0.000000 machine_ct m743 "replica_7_slot_48" root
2 0.000000 machine_ct m744 "replica_7_slot_49" root
2 0.000000 machine_ct m745 "replica_7_slot_5" root
2 0.000000 machine_ct m746 "replica_7_slot_50" root
2 0.000000 machine_ct m747 "replica_7_slot_51" root
2 0.000000 machine_ct m748 "replica_7_slot_52" root
2 0.000000 machine_ct m749 "replica_7_slot_53" root
2 0.000000 machine_ct m750 "replica_7_slot_54" root
2 0.000000 machine_ct m751 "replica_7_slot_55" root
2 0.000000 machine_ct m752 "replica_7_slot_56" root
2 0.000000 machine_ct m753 "replica_7_slot_57" root
2 0.000000 machine_ct m754 "replica_7_slot_58" root
2 0.000000 machine_ct m755 "replica_7_slot_59" root
2 0.000000 machine_ct m756 "replica_7_slot_6" root
2 0.000000 machine_ct m757 "replica_7_slot_60" root
2 0.000000 machine_ct m758 "replica_7_slot_61" root
2 0.000000 machine_ct m759 "replica_7_slot_62" root
2 0.000000 machine_ct m760 "replica_7_slot_63" root
2 0.000000 machine_ct m761 "replica_7_slot_64" root
2 0.000000 machine_ct m762 "replica_7_slot_65" root
2 0.000000 machine_ct m763 "replica_7_slot_66" root
2 0.000000 machine_ct m764 "replica_7_slot_67" root
2 0.000000 machine_ct m765 "replica_7_slot_68" root
2 0.000000 machine_ct m766 "replica_7_slot_69" root
2 0.000000 machine_ct m767 "replica_7_slot_7" root
2 0.000000 machine_ct m768 "replica_7_slot_70" root
2 0.000000 machine_ct m769 "replica_7_slot_71" root
2 0.000000 machine_ct m770 "replica_7_slot_72" root
2 0.000000 machine_ct m771 "replica_7_slot_73" root
2 0.000000 machine_ct m772 "replica_7_slot_74" root
2 0.000000 machine_ct m773 "replica_7_slot_75" root
2 0.000000 machine_ct m774 "replica_7_slot_76" root
2 0.000000 machine_ct m775 "replica_7_slot_77" root
2 0.000000 machine_ct m776 "replica_7_slot_78" root
2 0.000000 machine_ct m777 "replica_7_slot_79" root
2 0.000000 machine_ct m778 "replica_7_slot_8" root
2 0.000000 machine_ct m779 "replica_7_slot_80" root
2 0.000000 machine_ct m780 "replica_7_slot_81" root
2 0.000000 machine_ct m781 "replica_7_slot_82" root
2 0.000000 machine_ct m782 "replica_7_slot_83" root
2 0.000000 machine_ct m783 "replica_7_slot_84" root
2 0.000000 machine_ct m784 "replica_7_slot_85" root
2 0.000000 machine_ct m785 "replica_7_slot_86" root
2 0.000000 machine_ct m786 "replica_7_slot_87" root
2 0.000000 machine_ct m787 "replica_7_slot_88" root
2 0.000000 machine_ct m788 "replica_7_slot_89" root
2 0.000000 machine_ct m789 "replica_7_slot_9" root
2 0.000000 machine_ct m790 "replica_7_slot_90" root
2 0.000000 machine_ct m791 "replica_7_slot_91" root
2 0.000000 machine_ct m792 "replica_7_slot_92" root
2 0.000000 machine_ct m793 "replica_7_slot_93" root
2 0.000000 machine_ct m794 "replica_7_slot_94" root
2 0.000000 machine_ct m795 "replica_7_slot_95" root
2 0.000000 machine_ct m796 "replica_7_slot_96" root
2 0.000000 machine_ct m797 "replica_7_slot_97" root
2 0.000000 machine_ct m798 "replica_7_slot_98" root
2 0.000000 machine_ct m799 "replica_7_slot_99" root
2 0.000000 scheduler_ct sc "Scheduler" 0
2 0.000000 killer_ct k "Killer" sc

# States creation
4 machine_state machine_ct "Machine state"

# Creation of the different values the machine state can be
5 w machine_state "Waiting" "0.0 0.0 0.0"
5 l machine_state "Launching" "0.3 0.3 0.3"

# Begin of events
6 0.000000 machine_state m0 w
6 0.000000 machine_state m1 w
6 0.000000 machine_state m2 w
6 0.000000 machine_state m3 w
6 0.000000 machine_state m4 w
6 0.000000 machine_state m5 w
6 0.000000 machine_state m6 w
6 0.000000 machine_state m7 w
6 0.000000 machine_state m8 w
6 0.000000 machine_state m9 w
6 0.000000 machine_state m10 w
6 0.000000 machine_state m11 w
6 0.000000 machine_state m12 w
6 0.000000 machine_state m13 w
6 0.000000 machine_state m14 w
6 0.000000 machine_state m15 w
6 0.000000 machine_state m16 w
6 0.000000 machine_state m17 w
6 0.000000 machine_state m18 w
6 0.000000 machine_state m19 w
6 0.000000 machine_state m20 w
6 0.000000 machine_state m21 w
6 0.000000 machine_state m22 w
6 0.000000 machine_state m23 w
6 0.000000 machine_state m24 w
6 0.000000 machine_state m25 w
6 0.000000 machine_state m26 w
6 0.000000 machine_state m27 w
6 0.000000 machine_state m28 w
6 0.000000 machine_state m29 w
6 0.000000 machine_state m30 w
6 0.000000 machine_state m31 w
6 0.000000 machine_state m32 w
6 0.000000 machine_state m33 w
6 0.000000 machine_state m34 w
6 0.000000 machine_state m35 w
6 0.000000 machine_state m36 w
6 0.000000 machine_state m37 w
6 0.000000 machine_state m38 w
6 0.000000 machine_state m39 w
6 0.000000 machine_state m40 w
6 0.000000 machine_state m41 w
6 0.000000 machine_state m42 w
6 0.000000 machine_state m43 w
6 0.000000 machine_state m44 w
6 0.000000 machine_state m45 w
6 0.000000 machine_state m46 w
6 0.000000 machine_state m47 w
6 0.000000 machine_state m48 w
6 0.000000 machine_state m49 w
6 0.000000 machine_state m50 w
6 0.000000 machine_state m51 w
6 0.000000 machine_state m52 w
6 0.000000 machine_state m53 w
6 0.000000 machine_state m54 w
6 0.000000 machine_state m55 w
6 0.000000 machine_state m56 w
6 0.000000 machine_state m57 w
6 0.000000 machine_state m58 w
6 0.000000 machine_state m59 w
6 0.000000 machine_state m60 w
6 0.000000 machine_state m61 w
6 0.000000 machine_state m62 w
6 0.000000 machine_state m63 w
6 0.000000 machine_state m64 w
6 0.000000 machine_state m65 w
6 0.000000 machine_state m66 w
6 0.000000 machine_state m67 w
6 0.000000 machine_state m68 w
6 0.000000 machine_state m69 w
6 0.000000 machine_state m70 w
6 0.000000 machine_state m71 w
6 0.000000 machine_state m72 w
6 0.000000 machine_state m73 w
6 0.000000 machine_state m74 w
6 0.000000 machine_state m75 w
6 0.000000 machine_state m76 w
6 0.000000 machine_state m77 w
6 0.000000 machine_state m78 w
6 0.000000 machine_state m79 w
6 0.000000 machine_state m80 w
6 0.000000 machine_state m81 w
6 0.000000 machine_state m82 w
6 0.000000 machine_state m83 w
6 0.000000 machine_state m84 w
6 0.000000 machine_state m85 w
6 0.000000 machine_state m86 w
6 0.000000 machine_state m87 w
6 0.000000 machine_state m88 w
6 0.000000 machine_state m89 w
6 0.000000 machine_state m90 w
6 0.000000 machine_state m91 w
6 0.000000 machine_state m92 w
6 0.000000 machine_state m93 w
6 0.000000 machine_state m94 w
6 0.000000 machine_state m95 w
6 0.000000 machine_state m96 w
6 0.000000 machine_state m97 w
6 0.000000 machine_state m98 w
6 0.000000 machine_state m99 w
6 0.000000 machine_state m100 w
6 0.000000 machine_state m101 w
6 0.000000 machine_state m102 w
6 0.000000 machine_state m103 w
6 0.000000 machine_state m104 w
6 0.000000 machine_state m105 w
6 0.000000 machine_state m106 w
6 0.000000 machine_state m107 w
6 0.000000 machine_state m108 w
6 0.000000 machine_state m109 w
6 0.000000 machine_state m110 w
6 0.000000 machine_state m111 w
6 0.000000 machine_state m112 w
6 0.000000 machine_state m113 w
6 0.000000 machine_state m114 w
6 0.000000 machine_state m115 w
6 0.000000 machine_state m116 w
6 0.000000 machine_state m117 w
6 0.000000 machine_state m118 w
6 0.000000 machine_state m119 w
6 0.000000 machine_state m120 w
6 0.000000 machine_state m121 w
6 0.000000 machine_state m122 w
6 0.000000 machine_state m123 w
6 0.000000 machine_state m124 w
6 0.000000 machine_state m125 w
6 0.000000 machine_state m126 w
6 0.000000 machine_state m127 w
6 0.000000 machine_state m128 w
6 0.000000 machine_state m129 w
6 0.000000 machine_state m130 w
6 0.000000 machine_state m131 w
6 0.000000 machine_state m132 w
6 0.000000 machine_state m133 w
6 0.000000 machine_state m134 w
6 0.000000 machine_state m135 w
6 0.000000 machine_state m136 w
6 0.000000 machine_state m137 w
6 0.000000 machine_state m138 w
6 0.000000 machine_state m139 w
6 0.000000 machine_state m140 w
6 0.000000 machine_state m141 w
6 0.000000 machine_state m142 w
6 0.000000 machine_state m143 w
6 0.000000 machine_state m144 w
6 0.000000 machine_state m145 w
6 0.000000 machine_state m146 w
6 0.000000 machine_state m147 w
6 0.000000 machine_state m148 w
6 0.000000 machine_state m149 w
6 0.000000 machine_state m150 w
6 0.000000 machine_state m151 w
6 0.000000 machine_state m152 w
6 0.000000 machine_state m153 w
6 0.000000 machine_state m154 w
6 0.000000 machine_state m155 w
6 0.000000 machine_state m156 w
6 0.000000 machine_state m157 w
6 0.000000 machine_state m158 w
6 0.000000 machine_state m159 w
6 0.000000 machine_state m160 w
6 0.000000 machine_state m161 w
6 0.000000 machine_state m162 w
6 0.000000 machine_state m163 w
6 0.000000 machine_state m164 w
6 0.000000 machine_state m165 w
6 0.000000 machine_state m166 w
6 0.000000 machine_state m167 w
6 0.000000 machine_state m168 w
6 0.000000 machine_state m169 w
6 0.000000 machine_state m170 w
6 0.000000 machine_state m171 w
6 0.000000 machine_state m172 w
6 0.000000 machine_state m173 w
6 0.000000 machine_state m174 w
6 0.000000 machine_state m175 w
6 0.000000 machine_state m176 w
6 0.000000 machine_state m177 w
6 0.000000 machine_state m178 w
6 0.000000 machine_state m179 w
6 0.000000 machine_state m180 w
6 0.000000 machine_state m181 w
6 0.000000 machine_state m182 w
6 0.000000 machine_state m183 w
6 0.000000 machine_state m184 w
6 0.000000 machine_state m185 w
6 0.000000 machine_state m186 w
6 0.000000 machine_state m187 w
6 0.000000 machine_state m188 w
6 0.000000 machine_state m189 w
6 0.000000 machine_state m190 w
6 0.000000 machine_state m191 w
6 0.000000 machine_state m192 w
6 0.000000 machine_state m193 w
6 0.000000 machine_state m194 w
6 0.000000 machine_state m195 w
6 0.000000 machine_state m196 w
6 0.000000 machine_state m197 w
6 0.000000 machine_state m198 w
6 0.000000 machine_state m199 w
6 0.000000 machine_state m200 w
6 0.000000 machine_state m201 w
6 0.000000 machine_state m202 w
6 0.000000 machine_state m203 w
6 0.000000 machine_state m204 w
6 0.000000 machine_state m205 w
6 0.000000 machine_state m206 w
6 0.000000 machine_state m207 w
6 0.000000 machine_state m208 w
6 0.000000 machine_state m209 w
6 0.000000 machine_state m210 w
6 0.000000 machine_state m211 w
6 0.000000 machine_state m212 w
6 0.000000 machine_state m213 w
6 0.000000 machine_state m214 w
6 0.000000 machine_state m215 w
6 0.000000 machine_state m216 w
6 0.000000 machine_state m217 w
6 0.000000 machine_state m218 w
6 0.000000 machine_state m219 w
6 0.000000 machine_state m220 w
6 0.000000 machine_state m221 w
6 0.000000 machine_state m222 w
6 0.000000 machine_state m223 w
6 0.000000 machine_state m224 w
6 0.000000 machine_state m225 w
6 0.000000 machine_state m226 w
6 0.000000 machine_state m227 w
6 0.000000 machine_state m228 w
6 0.000000 machine_state m229 w
6 0.000000 machine_state m230 w
6 0.000000 machine_state m231 w
6 0.000000 machine_state m232 w
6 0.000000 machine_state m233 w
6 0.000000 machine_state m234 w
6 0.000000 machine_state m235 w
6 0.000000 machine_state m236 w
6 0.000000 machine_state m237 w
6 0.000000 machine_state m238 w
6 0.000000 machine_state m239 w
6 0.000000 machine_state m240 w
6 0.000000 machine_state m241 w
6 0.000000 machine_state m242 w
6 0.000000 machine_state m243 w
6 0.000000 machine_state m244 w
6 0.000000 machine_state m245 w
6 0.000000 machine_state m246 w
6 0.000000 machine_state m247 w
6 0.000000 machine_state m248 w
6 0.000000 machine_state m249 w
6 0.000000 machine_state m250 w
6 0.000000 machine_state m251 w
6 0.000000 machine_state m252 w
6 0.000000 machine_state m253 w
6 0.000000 machine_state m254 w
6 0.000000 machine_state m255 w
6 0.000000 machine_state m256 w
6 0.000000 machine_state m257 w
6 0.000000 machine_state m258 w
6 0.000000 machine_state m259 w
6 0.000000 machine_state m260 w
6 0.000000 machine_state m261 w
6 0.000000 machine_state m262 w
6 0.000000 machine_state m263 w
6 0.000000 machine_state m264 w
6 0.000000 machine_state m265 w
6 0.000000 machine_state m266 w
6 0.000000 machine_state m267 w
6 0.000000 machine_state m268 w
6 0.000000 machine_state m269 w
6 0.000000 machine_state m270 w
6 0.000000 machine_state m271 w
6 0.000000 machine_state m272 w
6 0.000000 machine_state m273 w
6 0.000000 machine_state m274 w
6 0.000000 machine_state m275 w
6 0.000000 machine_state m276 w
6 0.000000 machine_state m277 w
6 0.000000 machine_state m278 w
6 0.000000 machine_state m279 w
6 0.000000 machine_state m280 w
6 0.000000 machine_state m281 w
6 0.000000 machine_state m282 w
6 0.000000 machine_state m283 w
6 0.000000 machine_state m284 w
6 0.000000 machine_state m285 w
6 0.000000 machine_state m286 w
6 0.000000 machine_state m287 w
6 0.000000 machine_state m288 w
6 0.000000 machine_state m289 w
6 0.000000 machine_state m290 w
6 0.000000 machine_state m291 w
6 0.000000 machine_state m292 w
6 0.000000 machine_state m293 w
6 0.000000 machine_state m294 w
6 0.000000 machine_state m295 w
6 0.000000 machine_state m296 w
6 0.000000 machine_state m297 w
6 0.000000 machine_state m298 w
6 0.000000 machine_state m299 w
6 0.000000 machine_state m300 w
6 0.000000 machine_state m301 w
6 0.000000 machine_state m302 w
6 0.000000 machine_state m303 w
6 0.000000 machine_state m304 w
6 0.000000 machine_state m305 w
6 0.000000 machine_state m306 w
6 0.000000 machine_state m307 w
6 0.000000 machine_state m308 w
6 0.000000 machine_state m309 w
6 0.000000 machine_state m310 w
6 0.000000 machine_state m311 w
6 0.000000 machine_state m312 w
6 0.000000 machine_state m313 w
6 0.000000 machine_state m314 w
6 0.000000 machine_state m315 w
6 0.000000 machine_state m316 w
6 0.000000 machine_state m317 w
6 0.000000 machine_state m318 w
6 0.000000 machine_state m319 w
6 0.000000 machine_state m320 w
6 0.000000 machine_state m321 w
6 0.000000 machine_state m322 w
6 0.000000 machine_state m323 w
6 0.000000 machine_state m324 w
6 0.000000 machine_state m325 w
6 0.000000 machine_state m326 w
6 0.000000 machine_state m327 w
6 0.000000 machine_state m328 w
6 0.000000 machine_state m329 w
6 0.000000 machine_state m330 w
6 0.000000 machine_state m331 w
6 0.000000 machine_state m332 w
6 0.000000 machine_state m333 w
6 0.000000 machine_state m334 w
6 0.000000 machine_state m335 w
6 0.000000 machine_state m336 w
6 0.000000 machine_state m337 w
6 0.000000 machine_state m338 w
6 0.000000 machine_state m339 w
6 0.000000 machine_state m340 w
6 0.000000 machine_state m341 w
6 0.000000 machine_state m342 w
6 0.000000 machine_state m343 w
6 0.000000 machine_state m344 w
6 0.000000 machine_state m345 w
6 0.000000 machine_state m346 w
6 0.000000 machine_state m347 w
6 0.000000 machine_state m348 w
6 0.000000 machine_state m349 w
6 0.000000 machine_state m350 w
6 0.000000 machine_state m351 w
6 0.000000 machine_state m352 w
6 0.000000 machine_state m353 w
6 0.000000 machine_state m354 w
6 0.000000 machine_state m355 w
6 0.000000 machine_state m356 w
6 0.000000 machine_state m357 w
6 0.000000 machine_state m358 w
6 0.000000 machine_state m359 w
6 0.000000 machine_state m360 w
6 0.000000 machine_state m361 w
6 0.000000 machine_state m362 w
6 0.000000 machine_state m363 w
6 0.000000 machine_state m364 w
6 0.000000 machine_state m365 w
6 0.000000 machine_state m366 w
6 0.000000 machine_state m367 w
6 0.000000 machine_state m368 w
6 0.000000 machine_state m369 w
6 0.000000 machine_state m370 w
6 0.000000 machine_state m371 w
6 0.000000 machine_state m372 w
6 0.000000 machine_state m373 w
6 0.000000 machine_state m374 w
6 0.000000 machine_state m375 w
6 0.000000 machine_state m376 w
6 0.000000 machine_state m377 w
6 0.000000 machine_state m378 w
6 0.000000 machine_state m379 w
6 0.000000 machine_state m380 w
6 0.000000 machine_state m381 w
6 0.000000 machine_state m382 w
6 0.000000 machine_state m383 w
6 0.000000 machine_state m384 w
6 0.000000 machine_state m385 w
6 0.000000 machine_state m386 w
6 0.000000 machine_state m387 w
6 0.000000 machine_state m388 w
6 0.000000 machine_state m389 w
6 0.000000 machine_state m390 w
6 0.000000 machine_state m391 w
6 0.000000 machine_state m392 w
6 0.000000 machine_state m393 w
6 0.000000 machine_state m394 w
6 0.000000 machine_state m395 w
6 0.000000 machine_state m396 w
6 0.000000 machine_state m397 w
6 0.000000 machine_state m398 w
6 0.000000 machine_state m399 w
6 0.000000 machine_state m400 w
6 0.000000 machine_state m401 w
6 0.000000 machine_state m402 w
6 0.000000 machine_state m403 w
6 0.000000 machine_state m404 w
6 0.000000 machine_state m405 w
6 0.000000 machine_state m406 w
6 0.000000 machine_state m407 w
6 0.000000 machine_state m408 w
6 0.000000 machine_state m409 w
6 0.000000 machine_state m410 w
6 0.000000 machine_state m411 w
6 0.000000 machine_state m412 w
6 0.000000 machine_state m413 w
6 0.000000 machine_state m414 w
6 0.000000 machine_state m415 w
6 0.000000 machine_state m416 w
6 0.000000 machine_state m417 w
6 0.000000 machine_state m418 w
6 0.000000 machine_state m419 w
6 0.000000 machine_state m420 w
6 0.000000 machine_state m421 w
6 0.000000 machine_state m422 w
6 0.000000 machine_state m423 w
6 0.000000 machine_state m424 w
6 0.000000 machine_state m425 w
6 0.000000 machine_state m426 w
6 0.000000 machine_state m427 w
6 0.000000 machine_state m428 w
6 0.000000 machine_state m429 w
6 0.000000 machine_state m430 w
6 0.000000 machine_state m431 w
6 0.000000 machine_state m432 w
6 0.000000 machine_state m433 w
6 0.000000 machine_state m434 w
6 0.000000 machine_state m435 w
6 0.000000 machine_state m436 w
6 0.000000 machine_state m437 w
6 0.000000 machine_state m438 w
6 0.000000 machine_state m439 w
6 0.000000 machine_state m440 w
6 0.000000 machine_state m441 w
6 0.000000 machine_state m442 w
6 0.000000 machine_state m443 w
6 0.000000 machine_state m444 w
6 0.000000 machine_state m445 w
6 0.000000 machine_state m446 w
6 0.000000 machine_state m447 w
6 0.000000 machine_state m448 w
6 0.000000 machine_state m449 w
6 0.000000 machine_state m450 w
6 0.000000 machine_state m451 w
6 0.000000 machine_state m452 w
6 0.000000 machine_state m453 w
6 0.000000 machine_state m454 w
6 0.000000 machine_state m455 w
6 0.000000 machine_state m456 w
6 0.000000 machine_state m457 w
6 0.000000 machine_state m458 w
6 0.000000 machine_state m459 w
6 0.000000 machine_state m460 w
6 0.000000 machine_state m461 w
6 0.000000 machine_state m462 w
6 0.000000 machine_state m463 w
6 0.000000 machine_state m464 w
6 0.000000 machine_state m465 w
6 0.000000 machine_state m466 w
6 0.000000 machine_state m467 w
6 0.000000 machine_state m468 w
6 0.000000 machine_state m469 w
6 0.000000 machine_state m470 w
6 0.000000 machine_state m471 w
6 0.000000 machine_state m472 w
6 0.000000 machine_state m473 w
6 0.000000 machine_state m474 w
6 0.000000 machine_state m475 w
6 0.000000 machine_state m476 w
6 0.000000 machine_state m477 w
6 0.000000 machine_state m478 w
6 0.000000 machine_state m479 w
6 0.000000 machine_state m480 w
6 0.000000 machine_state m481 w
6 0.000000 machine_state m482 w
6 0.000000 machine_state m483 w
6 0.000000 machine_state m484 w
6 0.000000 machine_state m485 w
6 0.000000 machine_state m486 w
6 0.000000 machine_state m487 w
6 0.000000 machine_state m488 w
6 0.000000 machine_state m489 w
6 0.000000 machine_state m490 w
6 0.000000 machine_state m491 w
6 0.000000 machine_state m492 w
6 0.000000 machine_state m493 w
6 0.000000 machine_state m494 w
6 0.000000 machine_state m495 w
6 0.000000 machine_state m496 w
6 0.000000 machine_state m497 w
6 0.000000 machine_state m498 w
6 0.000000 machine_state m499 w
6 0.000000 machine_state m500 w
6 0.000000 machine_state m501 w
6 0.000000 machine_state m502 w
6 0.000000 machine_state m503 w
6 0.000000 machine_state m504 w
6 0.000000 machine_state m505 w
6 0.000000 machine_state m506 w
6 0.000000 machine_state m507 w
6 0.000000 machine_state m508 w
6 0.000000 machine_state m509 w
6 0.000000 machine_state m510 w
6 0.000000 machine_state m511 w
6 0.000000 machine_state m512 w
6 0.000000 machine_state m513 w
6 0.000000 machine_state m514 w
6 0.000000 machine_state m515 w
6 0.000000 machine_state m516 w
6 0.000000 machine_state m517 w
6 0.000000 machine_state m518 w
6 0.000000 machine_state m519 w
6 0.000000 machine_state m520 w
6 0.000000 machine_state m521 w
6 0.000000 machine_state m522 w
6 0.000000 machine_state m523 w
6 0.000000 machine_state m524 w
6 0.000000 machine_state m525 w
6 0.000000 machine_state m526 w
6 0.000000 machine_state m527 w
6 0.000000 machine_state m528 w
6 0.000000 machine_state m529 w
6 0.000000 machine_state m530 w
6 0.000000 machine_state m531 w
6 0.000000 machine_state m532 w
6 0.000000 machine_state m533 w
6 0.000000 machine_state m534 w
6 0.000000 machine_state m535 w
6 0.000000 machine_state m536 w
6 0.000000 machine_state m537 w
6 0.000000 machine_state m538 w
6 0.000000 machine_state m539 w
6 0.000000 machine_state m540 w
6 0.000000 machine_state m541 w
6 0.000000 machine_state m542 w
6 0.000000 machine_state m543 w
6 0.000000 machine_state m544 w
6 0.000000 machine_state m545 w
6 0.000000 machine_state m546 w
6 0.000000 machine_state m547 w
6 0.000000 machine_state m548 w
6 0.000000 machine_state m549 w
6 0.000000 machine_state m550 w
6 0.000000 machine_state m551 w
6 0.000000 machine_state m552 w
6 0.000000 machine_state m553 w
6 0.000000 machine_state m554 w
6 0.000000 machine_state m555 w
6 0.000000 machine_state m556 w
6 0.000000 machine_state m557 w
6 0.000000 machine_state m558 w
6 0.000000 machine_state m559 w
6 0.000000 machine_state m560 w
6 0.000000 machine_state m561 w
6 0.000000 machine_state m562 w
6 0.000000 machine_state m563 w
6 0.000000 machine_state m564 w
6 0.000000 machine_state m565 w
6 0.000000 machine_state m566 w
6 0.000000 machine_state m567 w
6 0.000000 machine_state m568 w
6 0.000000 machine_state m569 w
6 0.000000 machine_state m570 w
6 0.000000 machine_state m571 w
6 0.000000 machine_state m572 w
6 0.000000 machine_state m573 w
6 0.000000 machine_state m574 w
6 0.000000 machine_state m575 w
6 0.000000 machine_state m576 w
6 0.000000 machine_state m577 w
6 0.000000 machine_state m578 w
6 0.000000 machine_state m579 w
6 0.000000 machine_state m580 w
6 0.000000 machine_state m581 w
6 0.000000 machine_state m582 w
6 0.000000 machine_state m583 w
6 0.000000 machine_state m584 w
6 0.000000 machine_state m585 w
6 0.000000 machine_state m586 w
6 0.000000 machine_state m587 w
6 0.000000 machine_state m588 w
6 0.000000 machine_state m589 w
6 0.000000 machine_state m590 w
6 0.000000 machine_state m591 w
6 0.000000 machine_state m592 w
6 0.000000 machine_state m593 w
6 0.000000 machine_state m594 w
6 0.000000 machine_state m595 w
6 0.000000 machine_state m596 w
6 0.000000 machine_state m597 w
6 0.000000 machine_state m598 w
6 0.000000 machine_state m599 w
6 0.000000 machine_state m600 w
6 0.000000 machine_state m601 w
6 0.000000 machine_state m602 w
6 0.000000 machine_state m603 w
6 0.000000 machine_state m604 w
6 0.000000 machine_state m605 w
6 0.000000 machine_state m606 w
6 0.000000 machine_state m607 w
6 0.000000 machine_state m608 w
6 0.000000 machine_state m609 w
6 0.000000 machine_state m610 w
6 0.000000 machine_state m611 w
6 0.000000 machine_state m612 w
6 0.000000 machine_state m613 w
6 0.000000 machine_state m614 w
6 0.000000 machine_state m615 w
6 0.000000 machine_state m616 w
6 0.000000 machine_state m617 w
6 0.000000 machine_state m618 w
6 0.000000 machine_state m619 w
6 0.000000 machine_state m620 w
6 0.000000 machine_state m621 w
6 0.000000 machine_state m622 w
6 0.000000 machine_state m623 w
6 0.000000 machine_state m624 w
6 0.000000 machine_state m625 w
6 0.000000 machine_state m626 w
6 0.000000 machine_state m627 w
6 0.000000 machine_state m628 w
6 0.000000 machine_state m629 w
6 0.000000 machine_state m630 w
6 0.000000 machine_state m631 w
6 0.000000 machine_state m632 w
6 0.000000 machine_state m633 w
6 0.000000 machine_state m634 w
6 0.000000 machine_state m635 w
6 0.000000 machine_state m636 w
6 0.000000 machine_state m637 w
6 0.000000 machine_state m638 w
6 0.000000 machine_state m639 w
6 0.000000 machine_state m640 w
6 0.000000 machine_state m641 w
6 0.000000 machine_state m642 w
6 0.000000 machine_state m643 w
6 0.000000 machine_state m644 w
6 0.000000 machine_state m645 w
6 0.000000 machine_state m646 w
6 0.000000 machine_state m647 w
6 0.000000 machine_state m648 w
6 0.000000 machine_state m649 w
6 0.000000 machine_state m650 w
6 0.000000 machine_state m651 w
6 0.000000 machine_state m652 w
6 0.000000 machine_state m653 w
6 0.000000 machine_state m654 w
6 0.000000 machine_state m655 w
6 0.000000 machine_state m656 w
6 0.000000 machine_state m657 w
6 0.000000 machine_state m658 w
6 0.000000 machine_state m659 w
6 0.000000 machine_state m660 w
6 0.000000 machine_state m661 w
6 0.000000 machine_state m662 w
6 0.000000 machine_state m663 w
6 0.000000 machine_state m664 w
6 0.000000 machine_state m665 w
6 0.000000 machine_state m666 w
6 0.000000 machine_state m667 w
6 0.000000 machine_state m668 w
6 0.000000 machine_state m669 w
6 0.000000 machine_state m670 w
6 0.000000 machine_state m671 w
6 0.000000 machine_state m672 w
6 0.000000 machine_state m673 w
6 0.000000 machine_state m674 w
6 0.000000 machine_state m675 w
6 0.000000 machine_state m676 w
6 0.000000 machine_state m677 w
6 0.000000 machine_state m678 w
6 0.000000 machine_state m679 w
6 0.000000 machine_state m680 w
6 0.000000 machine_state m681 w
6 0.000000 machine_state m682 w
6 0.000000 machine_state m683 w
6 0.000000 machine_state m684 w
6 0.000000 machine_state m685 w
6 0.000000 machine_state m686 w
6 0.000000 machine_state m687 w
6 0.000000 machine_state m688 w
6 0.000000 machine_state m689 w
6 0.000000 machine_state m690 w
6 0.000000 machine_state m691 w
6 0.000000 machine_state m692 w
6 0.000000 machine_state m693 w
6 0.000000 machine_state m694 w
6 0.000000 machine_state m695 w
6 0.000000 machine_state m696 w
6 0.000000 machine_state m697 w
6 0.000000 machine_state m698 w
6 0.000000 machine_state m699 w
6 0.000000 machine_state m700 w
6 0.000000 machine_state m701 w
6 0.000000 machine_state m702 w
6 0.000000 machine_state m703 w
6 0.000000 machine_state m704 w
6 0.000000 machine_state m705 w
6 0.000000 machine_state m706 w
6 0.000000 machine_state m707 w
6 0.000000 machine_state m708 w
6 0.000000 machine_state m709 w
6 0.000000 machine_state m710 w
6 0.000000 machine_state m711 w
6 0.000000 machine_state m712 w
6 0.000000 machine_state m713 w
6 0.000000 machine_state m714 w
6 0.000000 machine_state m715 w
6 0.000000 machine_state m716 w
6 0.000000 machine_state m717 w
6 0.000000 machine_state m718 w
6 0.000000 machine_state m719 w
6 0.000000 machine_state m720 w
6 0.000000 machine_state m721 w
6 0.000000 machine_state m722 w
6 0.000000 machine_state m723 w
6 0.000000 machine_state m724 w
6 0.000000 machine_state m725 w
6 0.000000 machine_state m726 w
6 0.000000 machine_state m727 w
6 0.000000 machine_state m728 w
6 0.000000 machine_state m729 w
6 0.000000 machine_state m730 w
6 0.000000 machine_state m731 w
6 0.000000 machine_state m732 w
6 0.000000 machine_state m733 w
6 0.000000 machine_state m734 w
6 0.000000 machine_state m735 w
6 0.000000 machine_state m736 w
6 0.000000 machine_state m737 w
6 0.000000 machine_state m738 w
6 0.000000 machine_state m739 w
6 0.000000 machine_state m740 w
6 0.000000 machine_state m741 w
6 0.000000 machine_state m742 w
6 0.000000 machine_state m743 w
6 0.000000 machine_state m744 w
6 0.000000 machine_state m745 w
6 0.000000 machine_state m746 w
6 0.000000 machine_state m747 w
6 0.000000 machine_state m748 w
6 0.000000 machine_state m749 w
6 0.000000 machine_state m750 w
6 0.000000 machine_state m751 w
6 0.000000 machine_state m752 w
6 0.000000 machine_state m753 w
6 0.000000 machine_state m754 w
6 0.000000 machine_state m755 w
6 0.000000 machine_state m756 w
6 0.000000 machine_state m757 w
6 0.000000 machine_state m758 w
6 0.000000 machine_state m759 w
6 0.000000 machine_state m760 w
6 0.000000 machine_state m761 w
6 0.000000 machine_state m762 w
6 0.000000 machine_state m763 w
6 0.000000 machine_state m764 w
6 0.000000 machine_state m765 w
6 0.000000 machine_state m766 w
6 0.000000 machine_state m767 w
6 0.000000 machine_state m768 w
6 0.000000 machine_state m769 w
6 0.000000 machine_state m770 w
6 0.000000 machine_state m771 w
6 0.000000 machine_state m772 w
6 0.000000 machine_state m773 w
6 0.000000 machine_state m774 w
6 0.000000 machine_state m775 w
6 0.000000 machine_state m776 w
6 0.000000 machine_state m777 w
6 0.000000 machine_state m778 w
6 0.000000 machine_state m779 w
6 0.000000 machine_state m780 w
6 0.000000 machine_state m781 w
6 0.000000 machine_state m782 w
6 0.000000 machine_state m783 w
6 0.000000 machine_state m784 w
6 0.000000 machine_state m785 w
6 0.000000 machine_state m786 w
6 0.000000 machine_state m787 w
6 0.000000 machine_state m788 w
6 0.000000 machine_state m789 w
6 0.000000 machine_state m790 w
6 0.000000 machine_state m791 w
6 0.000000 machine_state m792 w
6 0.000000 machine_state m793 w
6 0.000000 machine_state m794 w
6 0.000000 machine_state m795 w
6 0.000000 machine_state m796 w
6 0.000000 machine_state m797 w
6 0.000000 machine_state m798 w
6 0.000000 machine_state m799 w
5 jw0!w000000__freemium machine_state "w0!w000000__freemium" "0.031250 0.000000 1.000000"
6 0.642215 machine_state m200 jw0!w000000__freemium
5 jw0!w000001__freemium machine_state "w0!w000001__freemium" "1.000000 0.000000 0.093750"
6 0.849197 machine_state m201 jw0!w000001__freemium
5 jw0!w000002__freemium machine_state "w0!w000002__freemium" "0.312500 1.000000 0.000000"
6 1.127565 machine_state m202 jw0!w000002__freemium
5 jw0!w000003__enterprise machine_state "w0!w000003__enterprise" "0.000000 0.156250 1.000000"
6 1.264784 machine_state m0 jw0!w000003__enterprise
5 jw0!w000004__enterprise machine_state "w0!w000004__enterprise" "1.000000 0.000000 0.000000"
6 1.358111 machine_state m1 jw0!w000004__enterprise
5 jw0!w000005__freemium machine_state "w0!w000005__freemium" "0.000000 0.718750 1.000000"
6 1.478232 machine_state m203 jw0!w000005__freemium
5 jw0!w000006__freemium machine_state "w0!w000006__freemium" "0.593750 1.000000 0.000000"
6 1.681853 machine_state m204 jw0!w000006__freemium
5 jw0!w000007__premium machine_state "w0!w000007__premium" "1.000000 0.750000 0.000000"
6 2.073763 machine_state m100 jw0!w000007__premium
5 jw0!w000008__premium machine_state "w0!w000008__premium" "1.000000 0.000000 0.187500"
6 2.704478 machine_state m101 jw0!w000008__premium
5 jw0!w000009__premium machine_state "w0!w000009__premium" "0.000000 0.625000 1.000000"
6 3.276327 machine_state m102 jw0!w000009__premium
5 jw0!w000010__freemium machine_state "w0!w000010__freemium" "1.000000 0.000000 0.562500"
6 3.581972 machine_state m205 jw0!w000010__freemium
5 jw0!w000011__enterprise machine_state "w0!w000011__enterprise" "0.125000 0.000000 1.000000"
6 3.586398 machine_state m2 jw0!w000011__enterprise
5 jw0!w000012__enterprise machine_state "w0!w000012__enterprise" "0.875000 0.000000 1.000000"
6 3.676297 machine_state m3 jw0!w000012__enterprise
5 jw0!w000013__premium machine_state "w0!w000013__premium" "0.000000 1.000000 0.625000"
6 4.374377 machine_state m103 jw0!w000013__premium
5 jw0!w000014__premium machine_state "w0!w000014__premium" "1.000000 0.187500 0.000000"
6 4.657087 machine_state m104 jw0!w000014__premium
5 jw0!w000015__enterprise machine_state "w0!w000015__enterprise" "0.000000 1.000000 0.437500"
6 5.065847 machine_state m4 jw0!w000015__enterprise
5 jw0!w000016__premium machine_state "w0!w000016__premium" "0.218750 0.000000 1.000000"
6 5.340604 machine_state m105 jw0!w000016__premium
5 jw0!w000017__premium machine_state "w0!w000017__premium" "0.875000 1.000000 0.000000"
6 5.449162 machine_state m106 jw0!w000017__premium
5 jw0!w000018__freemium machine_state "w0!w000018__freemium" "0.781250 1.000000 0.000000"
6 5.639513 machine_state m206 jw0!w000018__freemium
5 jw0!w000019__freemium machine_state "w0!w000019__freemium" "0.500000 1.000000 0.000000"
6 5.754497 machine_state m207 jw0!w000019__freemium
5 jw0!w000020__premium machine_state "w0!w000020__premium" "0.000000 1.000000 0.812500"
6 6.177081 machine_state m107 jw0!w000020__premium
5 jw0!w000021__premium machine_state "w0!w000021__premium" "0.312500 0.000000 1.000000"
6 6.479548 machine_state m108 jw0!w000021__premium
5 jw0!w000022__enterprise machine_state "w0!w000022__enterprise" "1.000000 0.000000 0.843750"
6 6.524914 machine_state m5 jw0!w000022__enterprise
5 jw0!w000023__enterprise machine_state "w0!w000023__enterprise" "0.000000 1.000000 0.343750"
6 6.685602 machine_state m6 jw0!w000023__enterprise
5 jw0!w000024__enterprise machine_state "w0!w000024__enterprise" "0.406250 0.000000 1.000000"
6 6.735907 machine_state m7 jw0!w000024__enterprise
5 jw0!w000025__premium machine_state "w0!w000025__premium" "0.000000 1.000000 1.000000"
6 6.757340 machine_state m109 jw0!w000025__premium
5 jw0!w000026__freemium machine_state "w0!w000026__freemium" "0.500000 0.000000 1.000000"
6 7.234204 machine_state m208 jw0!w000026__freemium
5 jw0!w000027__enterprise machine_state "w0!w000027__enterprise" "0.000000 0.531250 1.000000"
6 7.303093 machine_state m8 jw0!w000027__enterprise
5 jw0!w000028__enterprise machine_state "w0!w000028__enterprise" "0.000000 1.000000 0.250000"
6 8.132033 machine_state m9 jw0!w000028__enterprise
5 jw0!w000029__freemium machine_state "w0!w000029__freemium" "0.000000 1.000000 0.531250"
6 8.212320 machine_state m209 jw0!w000029__freemium
5 jw0!w000030__freemium machine_state "w0!w000030__freemium" "0.218750 1.000000 0.000000"
6 8.587141 machine_state m300 jw0!w000030__freemium
5 jw0!w000031__enterprise machine_state "w0!w000031__enterprise" "0.406250 1.000000 0.000000"
6 8.619193 machine_state m400 jw0!w000031__enterprise
5 jw0!w000032__premium machine_state "w0!w000032__premium" "0.000000 1.000000 0.062500"
6 8.694156 machine_state m500 jw0!w000032__premium
5 jw0!w000033__freemium machine_state "w0!w000033__freemium" "0.125000 1.000000 0.000000"
6 8.835645 machine_state m301 jw0!w000033__freemium
5 jw0!w000034__premium machine_state "w0!w000034__premium" "1.000000 0.000000 0.281250"
6 9.069285 machine_state m501 jw0!w000034__premium
5 jw0!w000035__premium machine_state "w0!w000035__premium" "1.000000 0.562500 0.000000"
6 9.135429 machine_state m502 jw0!w000035__premium
5 jw0!w000036__premium machine_state "w0!w000036__premium" "0.000000 1.000000 0.718750"
6 9.284640 machine_state m503 jw0!w000036__premium
5 jw0!w000037__premium machine_state "w0!w000037__premium" "0.000000 1.000000 0.156250"
6 9.693539 machine_state m504 jw0!w000037__premium
5 jw0!w000038__freemium machine_state "w0!w000038__freemium" "1.000000 0.843750 0.000000"
6 9.766178 machine_state m302 jw0!w000038__freemium
5 jw0!w000039__premium machine_state "w0!w000039__premium" "1.000000 0.000000 0.375000"
6 10.049861 machine_state m505 jw0!w000039__premium
5 jw0!w000040__enterprise machine_state "w0!w000040__enterprise" "1.000000 0.281250 0.000000"
6 10.305361 machine_state m401 jw0!w000040__enterprise
5 jw0!w000041__enterprise machine_state "w0!w000041__enterprise" "1.000000 0.468750 0.000000"
6 10.621592 machine_state m402 jw0!w000041__enterprise
5 jw0!w000042__premium machine_state "w0!w000042__premium" "0.687500 1.000000 0.000000"
6 10.760736 machine_state m506 jw0!w000042__premium
5 jw0!w000043__freemium machine_state "w0!w000043__freemium" "1.000000 0.656250 0.000000"
6 11.006205 machine_state m303 jw0!w000043__freemium
5 jw0!w000044__premium machine_state "w0!w000044__premium" "0.000000 0.906250 1.000000"
6 11.314240 machine_state m507 jw0!w000044__premium
5 jw0!w000045__enterprise machine_state "w0!w000045__enterprise" "0.781250 0.000000 1.000000"
6 12.056107 machine_state m403 jw0!w000045__enterprise
6 12.494797 machine_state m201 w
5 jw0!w000046__enterprise machine_state "w0!w000046__enterprise" "0.000000 1.000000 0.906250"
6 13.030056 machine_state m404 jw0!w000046__enterprise
5 jw0!w000047__enterprise machine_state "w0!w000047__enterprise" "0.000000 0.062500 1.000000"
6 13.057441 machine_state m405 jw0!w000047__enterprise
5 jw0!w000048__enterprise machine_state "w0!w000048__enterprise" "0.000000 0.343750 1.000000"
6 13.098570 machine_state m406 jw0!w000048__enterprise
5 jw0!w000049__freemium machine_state "w0!w000049__freemium" "1.000000 0.093750 0.000000"
6 13.123138 machine_state m304 jw0!w000049__freemium
5 jw0!w000050__freemium machine_state "w0!w000050__freemium" "1.000000 0.937500 0.000000"
6 13.196528 machine_state m305 jw0!w000050__freemium
5 jw0!w000051__enterprise machine_state "w0!w000051__enterprise" "1.000000 0.375000 0.000000"
6 13.258368 machine_state m407 jw0!w000051__enterprise
5 jw0!w000052__premium machine_state "w0!w000052__premium" "0.000000 0.437500 1.000000"
6 13.263091 machine_state m508 jw0!w000052__premium
5 jw0!w000053__premium machine_state "w0!w000053__premium" "0.968750 1.000000 0.000000"
6 13.326856 machine_state m509 jw0!w000053__premium
5 jw0!w000054__enterprise machine_state "w0!w000054__enterprise" "1.000000 0.000000 0.750000"
6 13.999537 machine_state m408 jw0!w000054__enterprise
5 jw0!w000055__freemium machine_state "w0!w000055__freemium" "0.687500 0.000000 1.000000"
6 14.085940 machine_state m306 jw0!w000055__freemium
6 14.740449 machine_state m100 w
5 jw0!w000056__premium machine_state "w0!w000056__premium" "1.000000 0.000000 0.468750"
6 14.803766 machine_state m110 jw0!w000056__premium
5 jw0!w000057__enterprise machine_state "w0!w000057__enterprise" "0.000000 0.250000 1.000000"
6 14.821197 machine_state m409 jw0!w000057__enterprise
5 jw0!w000058__enterprise machine_state "w0!w000058__enterprise" "0.968750 0.000000 1.000000"
6 15.661757 machine_state m600 jw0!w000058__enterprise
5 jw0!w000059__freemium machine_state "w0!w000059__freemium" "1.000000 0.000000 0.656250"
6 15.855593 machine_state m307 jw0!w000059__freemium
5 jw0!w000060__freemium machine_state "w0!w000060__freemium" "0.000000 0.812500 1.000000"
6 15.871388 machine_state m308 jw0!w000060__freemium
5 jw0!w000061__premium machine_state "w0!w000061__premium" "0.593750 0.000000 1.000000"
6 15.916857 machine_state m700 jw0!w000061__premium
6 16.102020 machine_state m206 w
5 jw0!w000062__enterprise machine_state "w0!w000062__enterprise" "1.000000 0.000000 0.937500"
6 16.145568 machine_state m601 jw0!w000062__enterprise
5 jw0!w000063__freemium machine_state "w0!w000063__freemium" "0.031250 1.000000 0.000000"
6 16.188526 machine_state m210 jw0!w000063__freemium
5 jw0!w000064__enterprise machine_state "w0!w000064__enterprise" "0.031250 0.000000 1.000000"
6 16.240308 machine_state m602 jw0!w000064__enterprise
5 jw0!w000065__enterprise machine_state "w0!w000065__enterprise" "1.000000 0.000000 0.093750"
6 16.380478 machine_state m603 jw0!w000065__enterprise
6 16.857412 machine_state m1 w
5 jw0!w000066__premium machine_state "w0!w000066__premium" "0.312500 1.000000 0.000000"
6 17.267031 machine_state m701 jw0!w000066__premium
5 jw0!w000067__premium machine_state "w0!w000067__premium" "0.000000 0.156250 1.000000"
6 17.305591 machine_state m702 jw0!w000067__premium
5 jw0!w000068__freemium machine_state "w0!w000068__freemium" "1.000000 0.000000 0.000000"
6 17.311513 machine_state m211 jw0!w000068__freemium
5 jw0!w000069__enterprise machine_state "w0!w000069__enterprise" "0.000000 0.718750 1.000000"
6 17.793852 machine_state m604 jw0!w000069__enterprise
6 18.335793 machine_state m5 w
6 18.382461 machine_state m208 w
5 jw0!w000070__enterprise machine_state "w0!w000070__enterprise" "0.593750 1.000000 0.000000"
6 18.398089 machine_state m605 jw0!w000070__enterprise
6 18.998203 machine_state m200 w
5 jw0!w000071__enterprise machine_state "w0!w000071__enterprise" "1.000000 0.750000 0.000000"
6 19.031597 machine_state m606 jw0!w000071__enterprise
5 jw0!w000072__premium machine_state "w0!w000072__premium" "1.000000 0.000000 0.187500"
6 19.107966 machine_state m703 jw0!w000072__premium
5 jw0!w000073__premium machine_state "w0!w000073__premium" "0.000000 0.625000 1.000000"
6 19.151375 machine_state m704 jw0!w000073__premium
5 jw0!w000074__enterprise machine_state "w0!w000074__enterprise" "1.000000 0.000000 0.562500"
6 19.367670 machine_state m607 jw0!w000074__enterprise
6 20.069195 machine_state m204 w
6 20.184129 machine_state m101 w
6 20.197762 machine_state m4 w
5 jw0!w000075__premium machine_state "w0!w000075__premium" "0.125000 0.000000 1.000000"
6 20.315991 machine_state m705 jw0!w000075__premium
5 jw0!w000076__premium machine_state "w0!w000076__premium" "0.875000 0.000000 1.000000"
6 20.439259 machine_state m706 jw0!w000076__premium
6 20.768980 machine_state m105 w
6 20.814203 machine_state m3 w
6 20.945800 machine_state m300 w
5 jw0!w000077__premium machine_state "w0!w000077__premium" "0.000000 1.000000 0.625000"
6 21.098316 machine_state m707 jw0!w000077__premium
5 jw0!w000078__enterprise machine_state "w0!w000078__enterprise" "1.000000 0.187500 0.000000"
6 21.334981 machine_state m10 jw0!w000078__enterprise
5 jw0!w000079__enterprise machine_state "w0!w000079__enterprise" "0.000000 1.000000 0.437500"
6 21.578263 machine_state m11 jw0!w000079__enterprise
6 21.763980 machine_state m205 w
5 jw0!w000080__premium machine_state "w0!w000080__premium" "0.218750 0.000000 1.000000"
6 21.981698 machine_state m111 jw0!w000080__premium
5 jw0!w000081__enterprise machine_state "w0!w000081__enterprise" "0.875000 1.000000 0.000000"
6 22.493257 machine_state m12 jw0!w000081__enterprise
5 jw0!w000082__freemium machine_state "w0!w000082__freemium" "0.781250 1.000000 0.000000"
6 22.638588 machine_state m212 jw0!w000082__freemium
6 22.717534 machine_state m303 w
5 jw0!w000083__enterprise machine_state "w0!w000083__enterprise" "0.500000 1.000000 0.000000"
6 22.875762 machine_state m608 jw0!w000083__enterprise
6 22.884701 machine_state m402 w
6 23.287292 machine_state m0 w
5 jw0!w000084__enterprise machine_state "w0!w000084__enterprise" "0.000000 1.000000 0.812500"
6 23.357371 machine_state m13 jw0!w000084__enterprise
6 23.604812 machine_state m400 w
6 23.712470 machine_state m108 w
5 jw0!w000085__premium machine_state "w0!w000085__premium" "0.312500 0.000000 1.000000"
6 23.957916 machine_state m112 jw0!w000085__premium
5 jw0!w000086__freemium machine_state "w0!w000086__freemium" "1.000000 0.000000 0.843750"
6 24.222755 machine_state m213 jw0!w000086__freemium
5 jw0!w000087__freemium machine_state "w0!w000087__freemium" "0.000000 1.000000 0.343750"
6 24.371459 machine_state m309 jw0!w000087__freemium
6 24.561001 machine_state m8 w
5 jw0!w000088__freemium machine_state "w0!w000088__freemium" "0.406250 0.000000 1.000000"
6 25.024491 machine_state m214 jw0!w000088__freemium
6 25.298256 machine_state m508 w
6 25.623192 machine_state m103 w
6 25.638529 machine_state m504 w
6 25.725186 machine_state m304 w
5 jw0!w000089__enterprise machine_state "w0!w000089__enterprise" "0.000000 1.000000 1.000000"
6 25.732581 machine_state m14 jw0!w000089__enterprise
6 26.128565 machine_state m106 w
5 jw0!w000090__premium machine_state "w0!w000090__premium" "0.500000 0.000000 1.000000"
6 26.350642 machine_state m113 jw0!w000090__premium
5 jw0!w000091__freemium machine_state "w0!w000091__freemium" "0.000000 0.531250 1.000000"
6 26.446960 machine_state m310 jw0!w000091__freemium
6 26.722060 machine_state m207 w
5 jw0!w000092__enterprise machine_state "w0!w000092__enterprise" "0.000000 1.000000 0.250000"
6 26.884677 machine_state m410 jw0!w000092__enterprise
6 26.928157 machine_state m203 w
5 jw0!w000093__freemium machine_state "w0!w000093__freemium" "0.000000 1.000000 0.531250"
6 27.142225 machine_state m215 jw0!w000093__freemium
6 27.237162 machine_state m9 w
5 jw0!w000094__freemium machine_state "w0!w000094__freemium" "0.218750 1.000000 0.000000"
6 27.404448 machine_state m216 jw0!w000094__freemium
6 27.565879 machine_state m506 w
6 28.182502 machine_state m301 w
6 28.196463 machine_state m202 w
5 jw0!w000095__freemium machine_state "w0!w000095__freemium" "0.406250 1.000000 0.000000"
6 28.360688 machine_state m311 jw0!w000095__freemium
6 28.370227 machine_state m308 w
6 28.395658 machine_state m6 w
6 28.473868 machine_state m702 w
6 28.609100 machine_state m104 w
5 jw0!w000096__freemium machine_state "w0!w000096__freemium" "0.000000 1.000000 0.062500"
6 28.856643 machine_state m312 jw0!w000096__freemium
6 28.857141 machine_state m2 w
5 jw0!w000097__enterprise machine_state "w0!w000097__enterprise" "0.125000 1.000000 0.000000"
6 28.972504 machine_state m15 jw0!w000097__enterprise
6 29.151882 machine_state m102 w
5 jw0!w000098__premium machine_state "w0!w000098__premium" "1.000000 0.000000 0.281250"
6 29.167115 machine_state m114 jw0!w000098__premium
6 29.407158 machine_state m109 w
5 jw0!w000099__freemium machine_state "w0!w000099__freemium" "1.000000 0.562500 0.000000"
6 29.423755 machine_state m217 jw0!w000099__freemium
6 29.522325 machine_state m7 w
5 jw0!w000100__premium machine_state "w0!w000100__premium" "0.000000 1.000000 0.718750"
6 29.532417 machine_state m115 jw0!w000100__premium
5 jw0!w000101__enterprise machine_state "w0!w000101__enterprise" "0.000000 1.000000 0.156250"
6 29.741039 machine_state m16 jw0!w000101__enterprise
6 29.826917 machine_state m500 w
6 29.897983 machine_state m502 w
5 jw0!w000102__freemium machine_state "w0!w000102__freemium" "1.000000 0.843750 0.000000"
6 30.108499 machine_state m313 jw0!w000102__freemium
5 jw0!w000103__enterprise machine_state "w0!w000103__enterprise" "1.000000 0.000000 0.375000"
6 30.132058 machine_state m17 jw0!w000103__enterprise
6 30.178044 machine_state m107 w
5 jw0!w000104__freemium machine_state "w0!w000104__freemium" "1.000000 0.281250 0.000000"
6 30.182541 machine_state m218 jw0!w000104__freemium
5 jw0!w000105__freemium machine_state "w0!w000105__freemium" "1.000000 0.468750 0.000000"
6 30.957888 machine_state m314 jw0!w000105__freemium
5 jw0!w000106__enterprise machine_state "w0!w000106__enterprise" "0.687500 1.000000 0.000000"
6 31.000092 machine_state m18 jw0!w000106__enterprise
6 31.214232 machine_state m706 w
6 31.231759 machine_state m507 w
5 jw0!w000107__enterprise machine_state "w0!w000107__enterprise" "1.000000 0.656250 0.000000"
6 31.319613 machine_state m19 jw0!w000107__enterprise
5 jw0!w000108__premium machine_state "w0!w000108__premium" "0.000000 0.906250 1.000000"
6 31.699528 machine_state m510 jw0!w000108__premium
5 jw0!w000109__premium machine_state "w0!w000109__premium" "0.781250 0.000000 1.000000"
6 31.801757 machine_state m511 jw0!w000109__premium
5 jw0!w000110__premium machine_state "w0!w000110__premium" "0.000000 1.000000 0.906250"
6 32.126299 machine_state m116 jw0!w000110__premium
5 jw0!w000111__enterprise machine_state "w0!w000111__enterprise" "0.000000 0.062500 1.000000"
6 32.276945 machine_state m411 jw0!w000111__enterprise
5 jw0!w000112__enterprise machine_state "w0!w000112__enterprise" "0.000000 0.343750 1.000000"
6 32.322128 machine_state m609 jw0!w000112__enterprise
6 32.469265 machine_state m605 w
5 jw0!w000113__enterprise machine_state "w0!w000113__enterprise" "1.000000 0.093750 0.000000"
6 32.625982 machine_state m610 jw0!w000113__enterprise
5 jw0!w000114__enterprise machine_state "w0!w000114__enterprise" "1.000000 0.937500 0.000000"
6 32.706531 machine_state m512 jw0!w000114__enterprise
6 32.859576 machine_state m406 w
5 jw0!w000115__enterprise machine_state "w0!w000115__enterprise" "1.000000 0.375000 0.000000"
6 33.061145 machine_state m513 jw0!w000115__enterprise
6 33.188678 machine_state m307 w
6 33.211753 machine_state m407 w
5 jw0!w000116__freemium machine_state "w0!w000116__freemium" "0.000000 0.437500 1.000000"
6 33.310915 machine_state m315 jw0!w000116__freemium
6 33.322580 machine_state m607 w
5 jw0!w000117__premium machine_state "w0!w000117__premium" "0.968750 1.000000 0.000000"
6 33.355532 machine_state m708 jw0!w000117__premium
6 33.442293 machine_state m408 w
6 33.833909 machine_state m608 w
5 jw0!w000118__freemium machine_state "w0!w000118__freemium" "1.000000 0.000000 0.750000"
6 34.243803 machine_state m117 jw0!w000118__freemium
5 jw0!w000119__enterprise machine_state "w0!w000119__enterprise" "0.687500 0.000000 1.000000"
6 34.247168 machine_state m412 jw0!w000119__enterprise
5 jw0!w000120__premium machine_state "w0!w000120__premium" "1.000000 0.000000 0.468750"
6 34.427820 machine_state m709 jw0!w000120__premium
6 34.460637 machine_state m505 w
5 jw0!w000121__freemium machine_state "w0!w000121__freemium" "0.000000 0.250000 1.000000"
6 34.822208 machine_state m118 jw0!w000121__freemium
5 jw0!w000122__enterprise machine_state "w0!w000122__enterprise" "0.968750 0.000000 1.000000"
6 34.851933 machine_state m514 jw0!w000122__enterprise
6 35.039270 machine_state m210 w
6 35.045910 machine_state m209 w
6 35.627236 machine_state m305 w
5 jw0!w000123__premium machine_state "w0!w000123__premium" "1.000000 0.000000 0.656250"
6 35.962144 machine_state m710 jw0!w000123__premium
5 jw0!w000124__freemium machine_state "w0!w000124__freemium" "0.000000 0.812500 1.000000"
6 35.966664 machine_state m219 jw0!w000124__freemium
6 36.018764 machine_state m700 w
6 36.023930 machine_state m503 w
5 jw0!w000125__enterprise machine_state "w0!w000125__enterprise" "0.593750 0.000000 1.000000"
6 36.589509 machine_state m515 jw0!w000125__enterprise
5 jw0!w000126__freemium machine_state "w0!w000126__freemium" "1.000000 0.000000 0.937500"
6 36.655597 machine_state m119 jw0!w000126__freemium
5 jw0!w000127__freemium machine_state "w0!w000127__freemium" "0.031250 1.000000 0.000000"
6 37.019768 machine_state m220 jw0!w000127__freemium
5 jw0!w000128__freemium machine_state "w0!w000128__freemium" "0.031250 0.000000 1.000000"
6 37.218978 machine_state m316 jw0!w000128__freemium
6 37.432543 machine_state m302 w
5 jw0!w000129__enterprise machine_state "w0!w000129__enterprise" "1.000000 0.000000 0.093750"
6 37.443520 machine_state m413 jw0!w000129__enterprise
6 37.444189 machine_state m110 w
6 37.665309 machine_state m703 w
5 jw0!w000130__freemium machine_state "w0!w000130__freemium" "0.312500 1.000000 0.000000"
6 37.985735 machine_state m120 jw0!w000130__freemium
6 38.118112 machine_state m705 w
6 38.144237 machine_state m403 w
5 jw0!w000131__enterprise machine_state "w0!w000131__enterprise" "0.000000 0.156250 1.000000"
6 38.271881 machine_state m414 jw0!w000131__enterprise
6 38.333267 machine_state m501 w
6 38.402882 machine_state m401 w
5 jw0!w000132__freemium machine_state "w0!w000132__freemium" "1.000000 0.000000 0.000000"
6 38.832416 machine_state m317 jw0!w000132__freemium
5 jw0!w000133__enterprise machine_state "w0!w000133__enterprise" "0.000000 0.718750 1.000000"
6 38.965630 machine_state m516 jw0!w000133__enterprise
5 jw0!w000134__freemium machine_state "w0!w000134__freemium" "0.593750 1.000000 0.000000"
6 39.296736 machine_state m415 jw0!w000134__freemium
6 39.375359 machine_state m601 w
6 39.459809 machine_state m215 w
6 39.555113 machine_state m405 w
5 jw0!w000135__freemium machine_state "w0!w000135__freemium" "1.000000 0.750000 0.000000"
6 39.639662 machine_state m416 jw0!w000135__freemium
6 39.984558 machine_state m113 w
6 40.046522 machine_state m111 w
6 40.071737 machine_state m214 w
6 40.127375 machine_state m14 w
5 jw0!w000136__premium machine_state "w0!w000136__premium" "1.000000 0.000000 0.187500"
6 40.197426 machine_state m711 jw0!w000136__premium
5 jw0!w000137__freemium machine_state "w0!w000137__freemium" "0.000000 0.625000 1.000000"
6 40.641885 machine_state m121 jw0!w000137__freemium
5 jw0!w000138__enterprise machine_state "w0!w000138__enterprise" "1.000000 0.000000 0.562500"
6 40.690815 machine_state m611 jw0!w000138__enterprise
6 40.781307 machine_state m211 w
5 jw0!w000139__freemium machine_state "w0!w000139__freemium" "0.125000 0.000000 1.000000"
6 40.795682 machine_state m221 jw0!w000139__freemium
6 40.842279 machine_state m600 w
6 41.082746 machine_state m306 w
6 41.478542 machine_state m404 w
6 41.505992 machine_state m410 w
6 41.641193 machine_state m509 w
5 jw0!w000140__premium machine_state "w0!w000140__premium" "0.875000 0.000000 1.000000"
6 41.672016 machine_state m712 jw0!w000140__premium
5 jw0!w000141__premium machine_state "w0!w000141__premium" "0.000000 1.000000 0.625000"
6 41.719518 machine_state m713 jw0!w000141__premium
5 jw0!w000142__premium machine_state "w0!w000142__premium" "1.000000 0.187500 0.000000"
6 41.872349 machine_state m714 jw0!w000142__premium
5 jw0!w000143__enterprise machine_state "w0!w000143__enterprise" "0.000000 1.000000 0.437500"
6 42.299399 machine_state m517 jw0!w000143__enterprise
6 42.476765 machine_state m115 w
6 42.710992 machine_state m701 w
5 jw0!w000144__freemium machine_state "w0!w000144__freemium" "0.218750 0.000000 1.000000"
6 42.735598 machine_state m417 jw0!w000144__freemium
5 jw0!w000145__premium machine_state "w0!w000145__premium" "0.875000 1.000000 0.000000"
6 42.799765 machine_state m715 jw0!w000145__premium
6 42.810148 machine_state m602 w
6 42.814037 machine_state m409 w
6 43.051219 machine_state m704 w
6 43.545826 machine_state m212 w
6 44.347061 machine_state m309 w
6 44.409214 machine_state m12 w
5 jw0!w000146__enterprise machine_state "w0!w000146__enterprise" "0.781250 1.000000 0.000000"
6 44.596288 machine_state m612 jw0!w000146__enterprise
6 44.721887 machine_state m603 w
6 44.753798 machine_state m11 w
6 44.888547 machine_state m17 w
5 jw0!w000147__enterprise machine_state "w0!w000147__enterprise" "0.500000 1.000000 0.000000"
6 44.969209 machine_state m20 jw0!w000147__enterprise
6 45.631091 machine_state m610 w
5 jw0!w000148__premium machine_state "w0!w000148__premium" "0.000000 1.000000 0.812500"
6 45.854990 machine_state m716 jw0!w000148__premium
5 jw0!w000149__freemium machine_state "w0!w000149__freemium" "0.312500 0.000000 1.000000"
6 45.860139 machine_state m222 jw0!w000149__freemium
6 45.914056 machine_state m218 w
5 jw0!w000150__freemium machine_state "w0!w000150__freemium" "1.000000 0.000000 0.843750"
6 45.945725 machine_state m223 jw0!w000150__freemium
5 jw0!w000151__premium machine_state "w0!w000151__premium" "0.000000 1.000000 0.343750"
6 46.083564 machine_state m418 jw0!w000151__premium
5 jw0!w000152__enterprise machine_state "w0!w000152__enterprise" "0.406250 0.000000 1.000000"
6 46.129391 machine_state m613 jw0!w000152__enterprise
5 jw0!w000153__premium machine_state "w0!w000153__premium" "0.000000 1.000000 1.000000"
6 46.396857 machine_state m419 jw0!w000153__premium
5 jw0!w000154__enterprise machine_state "w0!w000154__enterprise" "0.500000 0.000000 1.000000"
6 46.508754 machine_state m614 jw0!w000154__enterprise
5 jw0!w000155__enterprise machine_state "w0!w000155__enterprise" "0.000000 0.531250 1.000000"
6 46.578149 machine_state m21 jw0!w000155__enterprise
5 jw0!w000156__freemium machine_state "w0!w000156__freemium" "0.000000 1.000000 0.250000"
6 46.722594 machine_state m122 jw0!w000156__freemium
6 46.780234 machine_state m604 w
5 jw0!w000157__enterprise machine_state "w0!w000157__enterprise" "0.000000 1.000000 0.531250"
6 46.826648 machine_state m615 jw0!w000157__enterprise
5 jw0!w000158__premium machine_state "w0!w000158__premium" "0.218750 1.000000 0.000000"
6 46.946459 machine_state m420 jw0!w000158__premium
6 47.211146 machine_state m606 w
5 jw0!w000159__enterprise machine_state "w0!w000159__enterprise" "0.406250 1.000000 0.000000"
6 47.840140 machine_state m616 jw0!w000159__enterprise
6 48.016769 machine_state m707 w
5 jw0!w000160__freemium machine_state "w0!w000160__freemium" "0.000000 1.000000 0.062500"
6 48.206663 machine_state m224 jw0!w000160__freemium
6 48.302029 machine_state m412 w
6 48.363964 machine_state m16 w
6 48.408388 machine_state m15 w
5 jw0!w000161__enterprise machine_state "w0!w000161__enterprise" "0.125000 1.000000 0.000000"
6 48.568822 machine_state m22 jw0!w000161__enterprise
6 48.602832 machine_state m513 w
5 jw0!w000162__premium machine_state "w0!w000162__premium" "1.000000 0.000000 0.281250"
6 48.605634 machine_state m421 jw0!w000162__premium
6 48.682778 machine_state m10 w
5 jw0!w000163__premium machine_state "w0!w000163__premium" "1.000000 0.562500 0.000000"
6 48.702486 machine_state m717 jw0!w000163__premium
5 jw0!w000164__freemium machine_state "w0!w000164__freemium" "0.000000 1.000000 0.718750"
6 48.806913 machine_state m318 jw0!w000164__freemium
5 jw0!w000165__premium machine_state "w0!w000165__premium" "0.000000 1.000000 0.156250"
6 48.867887 machine_state m123 jw0!w000165__premium
5 jw0!w000166__premium machine_state "w0!w000166__premium" "1.000000 0.843750 0.000000"
6 48.999130 machine_state m225 jw0!w000166__premium
5 jw0!w000167__enterprise machine_state "w0!w000167__enterprise" "1.000000 0.000000 0.375000"
6 49.280963 machine_state m23 jw0!w000167__enterprise
6 49.295907 machine_state m120 w
5 jw0!w000168__freemium machine_state "w0!w000168__freemium" "1.000000 0.281250 0.000000"
6 49.426746 machine_state m319 jw0!w000168__freemium
6 49.591791 machine_state m112 w
5 jw0!w000169__freemium machine_state "w0!w000169__freemium" "1.000000 0.468750 0.000000"
6 49.677400 machine_state m124 jw0!w000169__freemium
6 49.687540 machine_state m217 w
5 jw0!w000170__freemium machine_state "w0!w000170__freemium" "0.687500 1.000000 0.000000"
6 49.703262 machine_state m125 jw0!w000170__freemium
5 jw0!w000171__premium machine_state "w0!w000171__premium" "1.000000 0.656250 0.000000"
6 49.912208 machine_state m226 jw0!w000171__premium
6 49.921590 machine_state m119 w
5 jw0!w000172__premium machine_state "w0!w000172__premium" "0.000000 0.906250 1.000000"
6 50.625752 machine_state m126 jw0!w000172__premium
5 jw0!w000173__freemium machine_state "w0!w000173__freemium" "0.781250 0.000000 1.000000"
6 50.837980 machine_state m24 jw0!w000173__freemium
6 50.932671 machine_state m117 w
6 51.141909 machine_state m121 w
6 51.185327 machine_state m13 w
6 51.618406 machine_state m221 w
5 jw0!w000174__freemium machine_state "w0!w000174__freemium" "0.000000 1.000000 0.906250"
6 51.668446 machine_state m25 jw0!w000174__freemium
6 52.067565 machine_state m219 w
6 52.095835 machine_state m511 w
6 52.782323 machine_state m317 w
6 53.278344 machine_state m216 w
6 53.319110 machine_state m311 w
6 53.342992 machine_state m711 w
5 jw0!w000175__premium machine_state "w0!w000175__premium" "0.000000 0.062500 1.000000"
6 53.573188 machine_state m227 jw0!w000175__premium
5 jw0!w000176__premium machine_state "w0!w000176__premium" "0.000000 0.343750 1.000000"
6 53.613066 machine_state m127 jw0!w000176__premium
6 53.697214 machine_state m213 w
6 53.936753 machine_state m712 w
6 54.169552 machine_state m417 w
5 jw0!w000177__enterprise machine_state "w0!w000177__enterprise" "1.000000 0.093750 0.000000"
6 54.442826 machine_state m518 jw0!w000177__enterprise
6 54.818757 machine_state m411 w
6 54.839071 machine_state m316 w
5 jw0!w000178__freemium machine_state "w0!w000178__freemium" "1.000000 0.937500 0.000000"
6 55.184336 machine_state m320 jw0!w000178__freemium
5 jw0!w000179__premium machine_state "w0!w000179__premium" "1.000000 0.375000 0.000000"
6 55.242885 machine_state m228 jw0!w000179__premium
6 55.273988 machine_state m310 w
6 55.435181 machine_state m18 w
5 jw0!w000180__freemium machine_state "w0!w000180__freemium" "0.000000 0.437500 1.000000"
6 55.609023 machine_state m26 jw0!w000180__freemium
5 jw0!w000181__enterprise machine_state "w0!w000181__enterprise" "0.968750 1.000000 0.000000"
6 55.718091 machine_state m519 jw0!w000181__enterprise
6 55.891997 machine_state m514 w
5 jw0!w000182__enterprise machine_state "w0!w000182__enterprise" "1.000000 0.000000 0.750000"
6 55.969303 machine_state m520 jw0!w000182__enterprise
5 jw0!w000183__enterprise machine_state "w0!w000183__enterprise" "0.687500 0.000000 1.000000"
6 55.978564 machine_state m617 jw0!w000183__enterprise
6 56.011085 machine_state m516 w
5 jw0!w000184__enterprise machine_state "w0!w000184__enterprise" "1.000000 0.000000 0.468750"
6 56.073671 machine_state m521 jw0!w000184__enterprise
5 jw0!w000185__freemium machine_state "w0!w000185__freemium" "0.000000 0.250000 1.000000"
6 56.152608 machine_state m321 jw0!w000185__freemium
5 jw0!w000186__premium machine_state "w0!w000186__premium" "0.968750 0.000000 1.000000"
6 56.803118 machine_state m229 jw0!w000186__premium
6 56.949873 machine_state m716 w
5 jw0!w000187__premium machine_state "w0!w000187__premium" "1.000000 0.000000 0.656250"
6 57.018747 machine_state m718 jw0!w000187__premium
5 jw0!w000188__enterprise machine_state "w0!w000188__enterprise" "0.000000 0.812500 1.000000"
6 57.121162 machine_state m522 jw0!w000188__enterprise
5 jw0!w000189__premium machine_state "w0!w000189__premium" "0.593750 0.000000 1.000000"
6 57.226356 machine_state m422 jw0!w000189__premium
6 57.307445 machine_state m314 w
6 57.496129 machine_state m114 w
6 57.591668 machine_state m708 w
5 jw0!w000190__freemium machine_state "w0!w000190__freemium" "1.000000 0.000000 0.937500"
6 57.614977 machine_state m322 jw0!w000190__freemium
5 jw0!w000191__enterprise machine_state "w0!w000191__enterprise" "0.031250 1.000000 0.000000"
6 57.715935 machine_state m618 jw0!w000191__enterprise
5 jw0!w000192__premium machine_state "w0!w000192__premium" "0.031250 0.000000 1.000000"
6 57.911946 machine_state m719 jw0!w000192__premium
5 jw0!w000193__enterprise machine_state "w0!w000193__enterprise" "1.000000 0.000000 0.093750"
6 58.374871 machine_state m523 jw0!w000193__enterprise
6 58.724557 machine_state m713 w
5 jw0!w000194__enterprise machine_state "w0!w000194__enterprise" "0.312500 1.000000 0.000000"
6 58.747834 machine_state m619 jw0!w000194__enterprise
6 58.830065 machine_state m312 w
6 58.855230 machine_state m19 w
6 58.874448 machine_state m315 w
5 jw0!w000195__premium machine_state "w0!w000195__premium" "0.000000 0.156250 1.000000"
6 59.033789 machine_state m720 jw0!w000195__premium
6 59.511746 machine_state m313 w
5 jw0!w000196__enterprise machine_state "w0!w000196__enterprise" "1.000000 0.000000 0.000000"
6 59.796422 machine_state m323 jw0!w000196__enterprise
5 jw0!w000197__premium machine_state "w0!w000197__premium" "0.000000 0.718750 1.000000"
6 59.862445 machine_state m128 jw0!w000197__premium
6 59.885166 machine_state m220 w
6 60.081287 machine_state m414 w
5 jw0!w000198__freemium machine_state "w0!w000198__freemium" "0.593750 1.000000 0.000000"
6 60.137241 machine_state m27 jw0!w000198__freemium
5 jw0!w000199__freemium machine_state "w0!w000199__freemium" "1.000000 0.750000 0.000000"
6 60.141646 machine_state m28 jw0!w000199__freemium
5 jw0!w000200__premium machine_state "w0!w000200__premium" "1.000000 0.000000 0.187500"
6 60.296111 machine_state m230 jw0!w000200__premium
6 60.358997 machine_state m319 w
6 60.464230 machine_state m512 w
6 60.473187 machine_state m609 w
6 60.722289 machine_state m118 w
6 60.782475 machine_state m225 w
6 61.025428 machine_state m510 w
5 jw0!w000201__premium machine_state "w0!w000201__premium" "0.000000 0.625000 1.000000"
6 61.089797 machine_state m129 jw0!w000201__premium
6 61.134533 machine_state m614 w
6 61.270769 machine_state m122 w
6 61.410017 machine_state m116 w
5 jw0!w000202__premium machine_state "w0!w000202__premium" "1.000000 0.000000 0.562500"
6 61.416829 machine_state m130 jw0!w000202__premium
5 jw0!w000203__premium machine_state "w0!w000203__premium" "0.125000 0.000000 1.000000"
6 61.562946 machine_state m131 jw0!w000203__premium
6 61.618325 machine_state m709 w
5 jw0!w000204__enterprise machine_state "w0!w000204__enterprise" "0.875000 0.000000 1.000000"
6 61.640801 machine_state m324 jw0!w000204__enterprise
5 jw0!w000205__enterprise machine_state "w0!w000205__enterprise" "0.000000 1.000000 0.625000"
6 62.106925 machine_state m325 jw0!w000205__enterprise
5 jw0!w000206__premium machine_state "w0!w000206__premium" "1.000000 0.187500 0.000000"
6 62.179892 machine_state m721 jw0!w000206__premium
5 jw0!w000207__enterprise machine_state "w0!w000207__enterprise" "0.000000 1.000000 0.437500"
6 62.574574 machine_state m326 jw0!w000207__enterprise
6 62.647264 machine_state m710 w
5 jw0!w000208__freemium machine_state "w0!w000208__freemium" "0.218750 0.000000 1.000000"
6 62.712237 machine_state m29 jw0!w000208__freemium
5 jw0!w000209__enterprise machine_state "w0!w000209__enterprise" "0.875000 1.000000 0.000000"
6 62.777539 machine_state m327 jw0!w000209__enterprise
6 62.824809 machine_state m515 w
6 62.961345 machine_state m612 w
5 jw0!w000210__freemium machine_state "w0!w000210__freemium" "0.781250 1.000000 0.000000"
6 63.037638 machine_state m722 jw0!w000210__freemium
6 63.299743 machine_state m421 w
5 jw0!w000211__premium machine_state "w0!w000211__premium" "0.500000 1.000000 0.000000"
6 63.532305 machine_state m423 jw0!w000211__premium
6 63.637258 machine_state m415 w
5 jw0!w000212__freemium machine_state "w0!w000212__freemium" "0.000000 1.000000 0.812500"
6 63.695083 machine_state m723 jw0!w000212__freemium
6 63.721537 machine_state m717 w
5 jw0!w000213__freemium machine_state "w0!w000213__freemium" "0.312500 0.000000 1.000000"
6 63.974761 machine_state m724 jw0!w000213__freemium
6 64.261526 machine_state m418 w
6 64.323711 machine_state m127 w
5 jw0!w000214__premium machine_state "w0!w000214__premium" "1.000000 0.000000 0.843750"
6 64.880935 machine_state m424 jw0!w000214__premium
6 64.965730 machine_state m227 w
6 64.971360 machine_state m222 w
5 jw0!w000215__enterprise machine_state "w0!w000215__enterprise" "0.000000 1.000000 0.343750"
6 65.319274 machine_state m524 jw0!w000215__enterprise
6 65.373865 machine_state m413 w
5 jw0!w000216__freemium machine_state "w0!w000216__freemium" "0.406250 0.000000 1.000000"
6 65.439382 machine_state m725 jw0!w000216__freemium
5 jw0!w000217__freemium machine_state "w0!w000217__freemium" "0.000000 1.000000 1.000000"
6 65.552463 machine_state m231 jw0!w000217__freemium
6 65.849647 machine_state m715 w
5 jw0!w000218__freemium machine_state "w0!w000218__freemium" "0.500000 0.000000 1.000000"
6 65.880227 machine_state m232 jw0!w000218__freemium
6 65.912924 machine_state m318 w
5 jw0!w000219__enterprise machine_state "w0!w000219__enterprise" "0.000000 0.531250 1.000000"
6 66.073804 machine_state m620 jw0!w000219__enterprise
6 66.074808 machine_state m611 w
5 jw0!w000220__enterprise machine_state "w0!w000220__enterprise" "0.000000 1.000000 0.250000"
6 66.384132 machine_state m621 jw0!w000220__enterprise
6 66.396679 machine_state m419 w
6 66.399328 machine_state m228 w
5 jw0!w000221__premium machine_state "w0!w000221__premium" "0.000000 1.000000 0.531250"
6 66.930252 machine_state m425 jw0!w000221__premium
5 jw0!w000222__freemium machine_state "w0!w000222__freemium" "0.218750 1.000000 0.000000"
6 67.180328 machine_state m233 jw0!w000222__freemium
5 jw0!w000223__freemium machine_state "w0!w000223__freemium" "0.406250 1.000000 0.000000"
6 67.393228 machine_state m234 jw0!w000223__freemium
6 67.445599 machine_state m613 w
6 67.560144 machine_state m714 w
6 67.710754 machine_state m125 w
5 jw0!w000224__enterprise machine_state "w0!w000224__enterprise" "0.000000 1.000000 0.062500"
6 67.801884 machine_state m622 jw0!w000224__enterprise
6 67.834869 machine_state m616 w
5 jw0!w000225__premium machine_state "w0!w000225__premium" "0.125000 1.000000 0.000000"
6 67.946281 machine_state m426 jw0!w000225__premium
5 jw0!w000226__freemium machine_state "w0!w000226__freemium" "1.000000 0.000000 0.281250"
6 68.082170 machine_state m726 jw0!w000226__freemium
5 jw0!w000227__freemium machine_state "w0!w000227__freemium" "1.000000 0.562500 0.000000"
6 68.094721 machine_state m235 jw0!w000227__freemium
6 68.190134 machine_state m126 w
5 jw0!w000228__premium machine_state "w0!w000228__premium" "0.000000 1.000000 0.718750"
6 68.347474 machine_state m132 jw0!w000228__premium
5 jw0!w000229__enterprise machine_state "w0!w000229__enterprise" "0.000000 1.000000 0.156250"
6 68.667169 machine_state m623 jw0!w000229__enterprise
6 69.100118 machine_state m123 w
5 jw0!w000230__enterprise machine_state "w0!w000230__enterprise" "1.000000 0.843750 0.000000"
6 69.108500 machine_state m328 jw0!w000230__enterprise
6 69.108560 machine_state m24 w
6 69.297248 machine_state m416 w
5 jw0!w000231__freemium machine_state "w0!w000231__freemium" "1.000000 0.000000 0.375000"
6 69.520379 machine_state m30 jw0!w000231__freemium
5 jw0!w000232__enterprise machine_state "w0!w000232__enterprise" "1.000000 0.281250 0.000000"
6 69.620275 machine_state m525 jw0!w000232__enterprise
5 jw0!w000233__premium machine_state "w0!w000233__premium" "1.000000 0.468750 0.000000"
6 69.715241 machine_state m133 jw0!w000233__premium
5 jw0!w000234__freemium machine_state "w0!w000234__freemium" "0.687500 1.000000 0.000000"
6 69.809435 machine_state m727 jw0!w000234__freemium
5 jw0!w000235__freemium machine_state "w0!w000235__freemium" "1.000000 0.656250 0.000000"
6 69.858415 machine_state m427 jw0!w000235__freemium
5 jw0!w000236__freemium machine_state "w0!w000236__freemium" "0.000000 0.906250 1.000000"
6 70.154496 machine_state m428 jw0!w000236__freemium
5 jw0!w000237__enterprise machine_state "w0!w000237__enterprise" "0.781250 0.000000 1.000000"
6 70.166498 machine_state m624 jw0!w000237__enterprise
5 jw0!w000238__enterprise machine_state "w0!w000238__enterprise" "0.000000 1.000000 0.906250"
6 70.242701 machine_state m329 jw0!w000238__enterprise
5 jw0!w000239__premium machine_state "w0!w000239__premium" "0.000000 0.062500 1.000000"
6 70.316063 machine_state m134 jw0!w000239__premium
6 70.569548 machine_state m517 w
5 jw0!w000240__premium machine_state "w0!w000240__premium" "0.000000 0.343750 1.000000"
6 70.605182 machine_state m135 jw0!w000240__premium
6 70.779166 machine_state m226 w
5 jw0!w000241__premium machine_state "w0!w000241__premium" "1.000000 0.093750 0.000000"
6 70.782445 machine_state m136 jw0!w000241__premium
6 70.972780 machine_state m20 w
5 jw0!w000242__premium machine_state "w0!w000242__premium" "1.000000 0.937500 0.000000"
6 71.002240 machine_state m429 jw0!w000242__premium
5 jw0!w000243__freemium machine_state "w0!w000243__freemium" "1.000000 0.375000 0.000000"
6 71.005342 machine_state m31 jw0!w000243__freemium
6 71.819712 machine_state m521 w
5 jw0!w000244__premium machine_state "w0!w000244__premium" "0.000000 0.437500 1.000000"
6 71.999489 machine_state m430 jw0!w000244__premium
6 72.138032 machine_state m130 w
6 72.156098 machine_state m229 w
5 jw0!w000245__freemium machine_state "w0!w000245__freemium" "0.968750 1.000000 0.000000"
6 72.306634 machine_state m236 jw0!w000245__freemium
5 jw0!w000246__freemium machine_state "w0!w000246__freemium" "1.000000 0.000000 0.750000"
6 72.364797 machine_state m237 jw0!w000246__freemium
6 72.463592 machine_state m124 w
5 jw0!w000247__enterprise machine_state "w0!w000247__enterprise" "0.687500 0.000000 1.000000"
6 72.635487 machine_state m526 jw0!w000247__enterprise
5 jw0!w000248__premium machine_state "w0!w000248__premium" "1.000000 0.000000 0.468750"
6 72.713098 machine_state m137 jw0!w000248__premium
6 72.770646 machine_state m223 w
5 jw0!w000249__enterprise machine_state "w0!w000249__enterprise" "0.000000 0.250000 1.000000"
6 73.045630 machine_state m527 jw0!w000249__enterprise
6 73.150373 machine_state m230 w
5 jw0!w000250__premium machine_state "w0!w000250__premium" "0.968750 0.000000 1.000000"
6 73.181071 machine_state m138 jw0!w000250__premium
6 73.237129 machine_state m720 w
6 73.444870 machine_state m722 w
5 jw0!w000251__premium machine_state "w0!w000251__premium" "1.000000 0.000000 0.656250"
6 73.519150 machine_state m238 jw0!w000251__premium
5 jw0!w000252__enterprise machine_state "w0!w000252__enterprise" "0.000000 0.812500 1.000000"
6 73.689333 machine_state m528 jw0!w000252__enterprise
5 jw0!w000253__premium machine_state "w0!w000253__premium" "0.593750 0.000000 1.000000"
6 73.863159 machine_state m239 jw0!w000253__premium
5 jw0!w000254__enterprise machine_state "w0!w000254__enterprise" "1.000000 0.000000 0.937500"
6 73.871861 machine_state m625 jw0!w000254__enterprise
6 73.908919 machine_state m26 w
6 73.978822 machine_state m522 w
6 74.221340 machine_state m420 w
6 74.414200 machine_state m322 w
6 74.487224 machine_state m615 w
5 jw0!w000255__enterprise machine_state "w0!w000255__enterprise" "0.031250 1.000000 0.000000"
6 74.984395 machine_state m330 jw0!w000255__enterprise
5 jw0!w000256__premium machine_state "w0!w000256__premium" "0.031250 0.000000 1.000000"
6 75.170426 machine_state m431 jw0!w000256__premium
6 75.175388 machine_state m320 w
5 jw0!w000257__freemium machine_state "w0!w000257__freemium" "1.000000 0.000000 0.093750"
6 75.382086 machine_state m728 jw0!w000257__freemium
6 75.416257 machine_state m23 w
6 75.485090 machine_state m519 w
6 75.530377 machine_state m718 w
5 jw0!w000258__freemium machine_state "w0!w000258__freemium" "0.312500 1.000000 0.000000"
6 75.626313 machine_state m32 jw0!w000258__freemium
5 jw0!w000259__enterprise machine_state "w0!w000259__enterprise" "0.000000 0.156250 1.000000"
6 76.000870 machine_state m529 jw0!w000259__enterprise
5 jw0!w000260__enterprise machine_state "w0!w000260__enterprise" "1.000000 0.000000 0.000000"
6 76.064158 machine_state m331 jw0!w000260__enterprise
6 76.077659 machine_state m22 w
6 76.140010 machine_state m21 w
5 jw0!w000261__freemium machine_state "w0!w000261__freemium" "0.000000 0.718750 1.000000"
6 76.177503 machine_state m33 jw0!w000261__freemium
6 76.415195 machine_state m619 w
5 jw0!w000262__premium machine_state "w0!w000262__premium" "0.593750 1.000000 0.000000"
6 76.518525 machine_state m34 jw0!w000262__premium
5 jw0!w000263__enterprise machine_state "w0!w000263__enterprise" "1.000000 0.750000 0.000000"
6 76.669362 machine_state m626 jw0!w000263__enterprise
5 jw0!w000264__premium machine_state "w0!w000264__premium" "1.000000 0.000000 0.187500"
6 76.720311 machine_state m35 jw0!w000264__premium
6 76.880862 machine_state m224 w
6 77.041870 machine_state m327 w
6 77.053995 machine_state m25 w
5 jw0!w000265__enterprise machine_state "w0!w000265__enterprise" "0.000000 0.625000 1.000000"
6 77.163063 machine_state m332 jw0!w000265__enterprise
5 jw0!w000266__enterprise machine_state "w0!w000266__enterprise" "1.000000 0.000000 0.562500"
6 77.200482 machine_state m530 jw0!w000266__enterprise
6 77.203648 machine_state m323 w
6 78.165558 machine_state m234 w
6 78.332675 machine_state m321 w
5 jw0!w000267__premium machine_state "w0!w000267__premium" "0.125000 0.000000 1.000000"
6 78.664126 machine_state m240 jw0!w000267__premium
6 78.945219 machine_state m325 w
6 78.977464 machine_state m721 w
5 jw0!w000268__premium machine_state "w0!w000268__premium" "0.875000 0.000000 1.000000"
6 79.004069 machine_state m36 jw0!w000268__premium
6 79.415415 machine_state m724 w
5 jw0!w000269__enterprise machine_state "w0!w000269__enterprise" "0.000000 1.000000 0.625000"
6 79.483243 machine_state m333 jw0!w000269__enterprise
5 jw0!w000270__freemium machine_state "w0!w000270__freemium" "1.000000 0.187500 0.000000"
6 79.533813 machine_state m729 jw0!w000270__freemium
5 jw0!w000271__freemium machine_state "w0!w000271__freemium" "0.000000 1.000000 0.437500"
6 79.598420 machine_state m730 jw0!w000271__freemium
6 79.689827 machine_state m28 w
6 79.692837 machine_state m425 w
5 jw0!w000272__enterprise machine_state "w0!w000272__enterprise" "0.218750 0.000000 1.000000"
6 79.845419 machine_state m334 jw0!w000272__enterprise
5 jw0!w000273__freemium machine_state "w0!w000273__freemium" "0.875000 1.000000 0.000000"
6 80.268097 machine_state m731 jw0!w000273__freemium
5 jw0!w000274__freemium machine_state "w0!w000274__freemium" "0.781250 1.000000 0.000000"
6 80.277026 machine_state m732 jw0!w000274__freemium
6 80.292729 machine_state m624 w
6 80.320937 machine_state m723 w
6 80.331337 machine_state m422 w
5 jw0!w000275__enterprise machine_state "w0!w000275__enterprise" "0.500000 1.000000 0.000000"
6 80.337275 machine_state m627 jw0!w000275__enterprise
5 jw0!w000276__premium machine_state "w0!w000276__premium" "0.000000 1.000000 0.812500"
6 80.345583 machine_state m432 jw0!w000276__premium
6 80.483349 machine_state m423 w
5 jw0!w000277__premium machine_state "w0!w000277__premium" "0.312500 0.000000 1.000000"
6 80.706239 machine_state m433 jw0!w000277__premium
6 80.709266 machine_state m719 w
5 jw0!w000278__enterprise machine_state "w0!w000278__enterprise" "1.000000 0.000000 0.843750"
6 81.096346 machine_state m335 jw0!w000278__enterprise
5 jw0!w000279__freemium machine_state "w0!w000279__freemium" "0.000000 1.000000 0.343750"
6 81.129944 machine_state m733 jw0!w000279__freemium
5 jw0!w000280__enterprise machine_state "w0!w000280__enterprise" "0.406250 0.000000 1.000000"
6 81.291348 machine_state m628 jw0!w000280__enterprise
6 81.519140 machine_state m326 w
5 jw0!w000281__premium machine_state "w0!w000281__premium" "0.000000 1.000000 1.000000"
6 81.704345 machine_state m37 jw0!w000281__premium
6 82.111630 machine_state m621 w
6 82.206901 machine_state m135 w
5 jw0!w000282__premium machine_state "w0!w000282__premium" "0.500000 0.000000 1.000000"
6 82.387087 machine_state m139 jw0!w000282__premium
6 82.455081 machine_state m618 w
5 jw0!w000283__freemium machine_state "w0!w000283__freemium" "0.000000 0.531250 1.000000"
6 82.521827 machine_state m734 jw0!w000283__freemium
5 jw0!w000284__enterprise machine_state "w0!w000284__enterprise" "0.000000 1.000000 0.250000"
6 82.601170 machine_state m629 jw0!w000284__enterprise
6 82.846035 machine_state m524 w
5 jw0!w000285__premium machine_state "w0!w000285__premium" "0.000000 1.000000 0.531250"
6 83.022516 machine_state m241 jw0!w000285__premium
5 jw0!w000286__enterprise machine_state "w0!w000286__enterprise" "0.218750 1.000000 0.000000"
6 83.060198 machine_state m336 jw0!w000286__enterprise
5 jw0!w000287__enterprise machine_state "w0!w000287__enterprise" "0.406250 1.000000 0.000000"
6 83.147447 machine_state m531 jw0!w000287__enterprise
5 jw0!w000288__premium machine_state "w0!w000288__premium" "0.000000 1.000000 0.062500"
6 83.291281 machine_state m434 jw0!w000288__premium
5 jw0!w000289__freemium machine_state "w0!w000289__freemium" "0.125000 1.000000 0.000000"
6 83.336405 machine_state m630 jw0!w000289__freemium
5 jw0!w000290__premium machine_state "w0!w000290__premium" "1.000000 0.000000 0.281250"
6 83.681928 machine_state m38 jw0!w000290__premium
6 83.788877 machine_state m520 w
6 83.930023 machine_state m617 w
6 84.043945 machine_state m518 w
6 84.053523 machine_state m727 w
5 jw0!w000291__enterprise machine_state "w0!w000291__enterprise" "1.000000 0.562500 0.000000"
6 84.347927 machine_state m532 jw0!w000291__enterprise
6 84.359221 machine_state m426 w
5 jw0!w000292__premium machine_state "w0!w000292__premium" "0.000000 1.000000 0.718750"
6 84.384534 machine_state m435 jw0!w000292__premium
5 jw0!w000293__freemium machine_state "w0!w000293__freemium" "0.000000 1.000000 0.156250"
6 84.863444 machine_state m631 jw0!w000293__freemium
5 jw0!w000294__premium machine_state "w0!w000294__premium" "1.000000 0.843750 0.000000"
6 84.888657 machine_state m735 jw0!w000294__premium
6 85.145949 machine_state m232 w
6 85.264796 machine_state m324 w
6 85.312690 machine_state m523 w
5 jw0!w000295__enterprise machine_state "w0!w000295__enterprise" "1.000000 0.000000 0.375000"
6 85.560111 machine_state m533 jw0!w000295__enterprise
6 85.795963 machine_state m428 w
5 jw0!w000296__freemium machine_state "w0!w000296__freemium" "1.000000 0.281250 0.000000"
6 85.876090 machine_state m242 jw0!w000296__freemium
6 86.054426 machine_state m27 w
6 86.100052 machine_state m131 w
6 86.311086 machine_state m129 w
5 jw0!w000297__freemium machine_state "w0!w000297__freemium" "1.000000 0.468750 0.000000"
6 86.331317 machine_state m140 jw0!w000297__freemium
6 86.520450 machine_state m427 w
5 jw0!w000298__premium machine_state "w0!w000298__premium" "0.687500 1.000000 0.000000"
6 86.868942 machine_state m436 jw0!w000298__premium
6 86.897661 machine_state m132 w
6 87.007424 machine_state m233 w
6 87.026842 machine_state m128 w
6 87.122167 machine_state m331 w
6 87.187520 machine_state m133 w
5 jw0!w000299__freemium machine_state "w0!w000299__freemium" "1.000000 0.656250 0.000000"
6 87.437025 machine_state m141 jw0!w000299__freemium
6 87.548476 machine_state m136 w
6 87.695933 machine_state m429 w
5 jw0!w000300__premium machine_state "w0!w000300__premium" "0.000000 0.906250 1.000000"
6 87.760326 machine_state m437 jw0!w000300__premium
5 jw0!w000301__enterprise machine_state "w0!w000301__enterprise" "0.781250 0.000000 1.000000"
6 88.096482 machine_state m337 jw0!w000301__enterprise
5 jw0!w000302__enterprise machine_state "w0!w000302__enterprise" "0.000000 1.000000 0.906250"
6 88.139988 machine_state m338 jw0!w000302__enterprise
5 jw0!w000303__enterprise machine_state "w0!w000303__enterprise" "0.000000 0.062500 1.000000"
6 88.311989 machine_state m534 jw0!w000303__enterprise
6 88.464525 machine_state m30 w
5 jw0!w000304__premium machine_state "w0!w000304__premium" "0.000000 0.343750 1.000000"
6 88.509209 machine_state m39 jw0!w000304__premium
5 jw0!w000305__freemium machine_state "w0!w000305__freemium" "1.000000 0.093750 0.000000"
6 88.592404 machine_state m142 jw0!w000305__freemium
6 88.742597 machine_state m424 w
6 88.940217 machine_state m620 w
6 89.194693 machine_state m236 w
6 89.226120 machine_state m32 w
5 jw0!w000306__premium machine_state "w0!w000306__premium" "1.000000 0.937500 0.000000"
6 89.269114 machine_state m438 jw0!w000306__premium
6 89.301061 machine_state m525 w
5 jw0!w000307__enterprise machine_state "w0!w000307__enterprise" "1.000000 0.375000 0.000000"
6 89.821413 machine_state m535 jw0!w000307__enterprise
6 89.884372 machine_state m528 w
5 jw0!w000308__freemium machine_state "w0!w000308__freemium" "0.000000 0.437500 1.000000"
6 89.907261 machine_state m143 jw0!w000308__freemium
5 jw0!w000309__freemium machine_state "w0!w000309__freemium" "0.968750 1.000000 0.000000"
6 90.034683 machine_state m144 jw0!w000309__freemium
5 jw0!w000310__freemium machine_state "w0!w000310__freemium" "1.000000 0.000000 0.750000"
6 90.050148 machine_state m243 jw0!w000310__freemium
6 90.121297 machine_state m328 w
5 jw0!w000311__enterprise machine_state "w0!w000311__enterprise" "0.687500 0.000000 1.000000"
6 90.210870 machine_state m339 jw0!w000311__enterprise
6 90.230544 machine_state m36 w
6 90.432628 machine_state m530 w
6 90.795710 machine_state m726 w
5 jw0!w000312__freemium machine_state "w0!w000312__freemium" "1.000000 0.000000 0.468750"
6 90.812765 machine_state m145 jw0!w000312__freemium
6 91.137315 machine_state m134 w
5 jw0!w000313__premium machine_state "w0!w000313__premium" "0.000000 0.250000 1.000000"
6 91.142589 machine_state m40 jw0!w000313__premium
6 91.297263 machine_state m29 w
6 91.628899 machine_state m431 w
5 jw0!w000314__enterprise machine_state "w0!w000314__enterprise" "0.968750 0.000000 1.000000"
6 92.187713 machine_state m536 jw0!w000314__enterprise
6 92.566256 machine_state m433 w
6 92.590171 machine_state m31 w
5 jw0!w000315__freemium machine_state "w0!w000315__freemium" "1.000000 0.000000 0.656250"
6 92.651899 machine_state m146 jw0!w000315__freemium
5 jw0!w000316__freemium machine_state "w0!w000316__freemium" "0.000000 0.812500 1.000000"
6 92.921412 machine_state m244 jw0!w000316__freemium
5 jw0!w000317__enterprise machine_state "w0!w000317__enterprise" "0.593750 0.000000 1.000000"
6 93.044831 machine_state m537 jw0!w000317__enterprise
5 jw0!w000318__enterprise machine_state "w0!w000318__enterprise" "1.000000 0.000000 0.937500"
6 93.177069 machine_state m41 jw0!w000318__enterprise
6 93.490695 machine_state m625 w
5 jw0!w000319__enterprise machine_state "w0!w000319__enterprise" "0.031250 1.000000 0.000000"
6 93.660927 machine_state m42 jw0!w000319__enterprise
6 93.866901 machine_state m725 w
6 94.007912 machine_state m623 w
5 jw0!w000320__premium machine_state "w0!w000320__premium" "0.031250 0.000000 1.000000"
6 94.061155 machine_state m439 jw0!w000320__premium
5 jw0!w000321__premium machine_state "w0!w000321__premium" "1.000000 0.000000 0.093750"
6 94.232103 machine_state m440 jw0!w000321__premium
6 94.312362 machine_state m235 w
6 94.402784 machine_state m231 w
6 94.476488 machine_state m430 w
5 jw0!w000322__enterprise machine_state "w0!w000322__enterprise" "0.312500 1.000000 0.000000"
6 94.828010 machine_state m43 jw0!w000322__enterprise
6 94.910886 machine_state m529 w
6 95.377822 machine_state m239 w
5 jw0!w000323__freemium machine_state "w0!w000323__freemium" "0.000000 0.156250 1.000000"
6 95.416379 machine_state m245 jw0!w000323__freemium
6 95.433396 machine_state m732 w
5 jw0!w000324__enterprise machine_state "w0!w000324__enterprise" "1.000000 0.000000 0.000000"
6 95.760944 machine_state m538 jw0!w000324__enterprise
5 jw0!w000325__enterprise machine_state "w0!w000325__enterprise" "0.000000 0.718750 1.000000"
6 95.914198 machine_state m632 jw0!w000325__enterprise
6 96.032469 machine_state m622 w
6 96.073919 machine_state m329 w
5 jw0!w000326__enterprise machine_state "w0!w000326__enterprise" "0.593750 1.000000 0.000000"
6 96.154801 machine_state m633 jw0!w000326__enterprise
5 jw0!w000327__enterprise machine_state "w0!w000327__enterprise" "1.000000 0.750000 0.000000"
6 96.212217 machine_state m634 jw0!w000327__enterprise
6 96.434550 machine_state m533 w
5 jw0!w000328__enterprise machine_state "w0!w000328__enterprise" "1.000000 0.000000 0.187500"
6 96.447457 machine_state m340 jw0!w000328__enterprise
5 jw0!w000329__freemium machine_state "w0!w000329__freemium" "0.000000 0.625000 1.000000"
6 96.463469 machine_state m246 jw0!w000329__freemium
6 96.627616 machine_state m138 w
6 96.695721 machine_state m333 w
6 96.712310 machine_state m34 w
6 96.762081 machine_state m729 w
5 jw0!w000330__freemium machine_state "w0!w000330__freemium" "1.000000 0.000000 0.562500"
6 96.976423 machine_state m147 jw0!w000330__freemium
6 97.160515 machine_state m335 w
6 97.271480 machine_state m33 w
6 97.293925 machine_state m526 w
6 97.350425 machine_state m728 w
6 97.412495 machine_state m733 w
5 jw0!w000331__freemium machine_state "w0!w000331__freemium" "0.125000 0.000000 1.000000"
6 97.721208 machine_state m247 jw0!w000331__freemium
6 98.261821 machine_state m137 w
5 jw0!w000332__freemium machine_state "w0!w000332__freemium" "0.875000 0.000000 1.000000"
6 98.342361 machine_state m148 jw0!w000332__freemium
6 98.661039 machine_state m38 w
5 jw0!w000333__premium machine_state "w0!w000333__premium" "0.000000 1.000000 0.625000"
6 98.762402 machine_state m736 jw0!w000333__premium
5 jw0!w000334__enterprise machine_state "w0!w000334__enterprise" "1.000000 0.187500 0.000000"
6 99.084094 machine_state m44 jw0!w000334__enterprise
5 jw0!w000335__freemium machine_state "w0!w000335__freemium" "0.000000 1.000000 0.437500"
6 99.153133 machine_state m737 jw0!w000335__freemium
6 99.368008 machine_state m629 w
5 jw0!w000336__premium machine_state "w0!w000336__premium" "0.218750 0.000000 1.000000"
6 99.464037 machine_state m441 jw0!w000336__premium
6 99.506922 machine_state m35 w
6 99.583292 machine_state m238 w
5 jw0!w000337__freemium machine_state "w0!w000337__freemium" "0.875000 1.000000 0.000000"
6 99.701050 machine_state m738 jw0!w000337__freemium
6 99.823591 machine_state m337 w
6 99.975805 machine_state m240 w
6 100.172714 machine_state m527 w
6 100.418357 machine_state m237 w
6 100.459175 machine_state m330 w
6 100.522778 machine_state m141 w
5 jw0!w000338__premium machine_state "w0!w000338__premium" "0.781250 1.000000 0.000000"
6 100.737683 machine_state m442 jw0!w000338__premium
5 jw0!w000339__freemium machine_state "w0!w000339__freemium" "0.500000 1.000000 0.000000"
6 100.773826 machine_state m248 jw0!w000339__freemium
5 jw0!w000340__premium machine_state "w0!w000340__premium" "0.000000 1.000000 0.812500"
6 100.844318 machine_state m739 jw0!w000340__premium
5 jw0!w000341__premium machine_state "w0!w000341__premium" "0.312500 0.000000 1.000000"
6 100.900786 machine_state m740 jw0!w000341__premium
6 100.908105 machine_state m241 w
6 101.247060 machine_state m734 w
6 101.361925 machine_state m142 w
6 101.474071 machine_state m532 w
6 101.835385 machine_state m631 w
6 101.973557 machine_state m534 w
6 102.248414 machine_state m332 w
5 jw0!w000342__freemium machine_state "w0!w000342__freemium" "1.000000 0.000000 0.843750"
6 102.251857 machine_state m249 jw0!w000342__freemium
5 jw0!w000343__freemium machine_state "w0!w000343__freemium" "0.000000 1.000000 0.343750"
6 102.340490 machine_state m149 jw0!w000343__freemium
5 jw0!w000344__freemium machine_state "w0!w000344__freemium" "0.406250 0.000000 1.000000"
6 102.454741 machine_state m250 jw0!w000344__freemium
5 jw0!w000345__freemium machine_state "w0!w000345__freemium" "0.000000 1.000000 1.000000"
6 102.487672 machine_state m150 jw0!w000345__freemium
5 jw0!w000346__premium machine_state "w0!w000346__premium" "0.500000 0.000000 1.000000"
6 102.813293 machine_state m741 jw0!w000346__premium
6 103.040881 machine_state m338 w
6 103.065913 machine_state m437 w
5 jw0!w000347__enterprise machine_state "w0!w000347__enterprise" "0.000000 0.531250 1.000000"
6 103.075639 machine_state m341 jw0!w000347__enterprise
6 103.128360 machine_state m242 w
6 103.273387 machine_state m434 w
5 jw0!w000348__premium machine_state "w0!w000348__premium" "0.000000 1.000000 0.250000"
6 103.302751 machine_state m443 jw0!w000348__premium
5 jw0!w000349__premium machine_state "w0!w000349__premium" "0.000000 1.000000 0.531250"
6 103.311231 machine_state m444 jw0!w000349__premium
6 103.756104 machine_state m140 w
5 jw0!w000350__enterprise machine_state "w0!w000350__enterprise" "0.218750 1.000000 0.000000"
6 103.974880 machine_state m342 jw0!w000350__enterprise
6 104.126313 machine_state m536 w
6 104.186984 machine_state m531 w
6 104.242693 machine_state m627 w
5 jw0!w000351__freemium machine_state "w0!w000351__freemium" "0.406250 1.000000 0.000000"
6 104.269934 machine_state m251 jw0!w000351__freemium
6 104.325407 machine_state m626 w
5 jw0!w000352__freemium machine_state "w0!w000352__freemium" "0.000000 1.000000 0.062500"
6 104.348294 machine_state m151 jw0!w000352__freemium
5 jw0!w000353__premium machine_state "w0!w000353__premium" "0.125000 1.000000 0.000000"
6 104.374208 machine_state m742 jw0!w000353__premium
5 jw0!w000354__freemium machine_state "w0!w000354__freemium" "1.000000 0.000000 0.281250"
6 104.615714 machine_state m252 jw0!w000354__freemium
5 jw0!w000355__premium machine_state "w0!w000355__premium" "1.000000 0.562500 0.000000"
6 104.618133 machine_state m539 jw0!w000355__premium
6 104.806024 machine_state m435 w
6 105.270462 machine_state m243 w
5 jw0!w000356__enterprise machine_state "w0!w000356__enterprise" "0.000000 1.000000 0.718750"
6 105.344816 machine_state m635 jw0!w000356__enterprise
6 105.558059 machine_state m735 w
5 jw0!w000357__premium machine_state "w0!w000357__premium" "0.000000 1.000000 0.156250"
6 105.606778 machine_state m540 jw0!w000357__premium
6 105.643325 machine_state m438 w
5 jw0!w000358__freemium machine_state "w0!w000358__freemium" "1.000000 0.843750 0.000000"
6 105.825030 machine_state m253 jw0!w000358__freemium
5 jw0!w000359__freemium machine_state "w0!w000359__freemium" "1.000000 0.000000 0.375000"
6 105.896895 machine_state m541 jw0!w000359__freemium
6 106.198779 machine_state m336 w
5 jw0!w000360__enterprise machine_state "w0!w000360__enterprise" "1.000000 0.281250 0.000000"
6 106.382757 machine_state m343 jw0!w000360__enterprise
5 jw0!w000361__freemium machine_state "w0!w000361__freemium" "1.000000 0.468750 0.000000"
6 106.487181 machine_state m542 jw0!w000361__freemium
5 jw0!w000362__enterprise machine_state "w0!w000362__enterprise" "0.687500 1.000000 0.000000"
6 106.648287 machine_state m344 jw0!w000362__enterprise
6 106.914112 machine_state m628 w
5 jw0!w000363__premium machine_state "w0!w000363__premium" "1.000000 0.656250 0.000000"
6 107.027365 machine_state m445 jw0!w000363__premium
5 jw0!w000364__premium machine_state "w0!w000364__premium" "0.000000 0.906250 1.000000"
6 107.076927 machine_state m446 jw0!w000364__premium
5 jw0!w000365__enterprise machine_state "w0!w000365__enterprise" "0.781250 0.000000 1.000000"
6 107.463831 machine_state m636 jw0!w000365__enterprise
5 jw0!w000366__premium machine_state "w0!w000366__premium" "0.000000 1.000000 0.906250"
6 107.499792 machine_state m743 jw0!w000366__premium
6 107.536718 machine_state m39 w
5 jw0!w000367__premium machine_state "w0!w000367__premium" "0.000000 0.062500 1.000000"
6 107.728572 machine_state m543 jw0!w000367__premium
6 107.760402 machine_state m334 w
5 jw0!w000368__freemium machine_state "w0!w000368__freemium" "0.000000 0.343750 1.000000"
6 108.036436 machine_state m544 jw0!w000368__freemium
6 108.526785 machine_state m37 w
6 108.668217 machine_state m730 w
5 jw0!w000369__premium machine_state "w0!w000369__premium" "1.000000 0.093750 0.000000"
6 108.807511 machine_state m744 jw0!w000369__premium
6 108.835066 machine_state m40 w
6 108.995659 machine_state m731 w
6 109.028535 machine_state m144 w
5 jw0!w000370__freemium machine_state "w0!w000370__freemium" "1.000000 0.937500 0.000000"
6 109.146862 machine_state m152 jw0!w000370__freemium
5 jw0!w000371__premium machine_state "w0!w000371__premium" "1.000000 0.375000 0.000000"
6 109.303333 machine_state m745 jw0!w000371__premium
6 109.544689 machine_state m432 w
6 109.557575 machine_state m147 w
6 109.559880 machine_state m440 w
5 jw0!w000372__premium machine_state "w0!w000372__premium" "0.000000 0.437500 1.000000"
6 109.715764 machine_state m447 jw0!w000372__premium
6 109.834672 machine_state m244 w
6 109.902235 machine_state m145 w
6 109.977771 machine_state m738 w
5 jw0!w000373__premium machine_state "w0!w000373__premium" "0.968750 1.000000 0.000000"
6 110.208259 machine_state m448 jw0!w000373__premium
5 jw0!w000374__enterprise machine_state "w0!w000374__enterprise" "1.000000 0.000000 0.750000"
6 110.401343 machine_state m45 jw0!w000374__enterprise
6 110.701157 machine_state m143 w
6 110.740749 machine_state m633 w
5 jw0!w000375__premium machine_state "w0!w000375__premium" "0.687500 0.000000 1.000000"
6 110.751550 machine_state m746 jw0!w000375__premium
6 110.792623 machine_state m436 w
5 jw0!w000376__freemium machine_state "w0!w000376__freemium" "1.000000 0.000000 0.468750"
6 110.990250 machine_state m153 jw0!w000376__freemium
5 jw0!w000377__premium machine_state "w0!w000377__premium" "0.000000 0.250000 1.000000"
6 111.037675 machine_state m449 jw0!w000377__premium
6 111.635430 machine_state m146 w
5 jw0!w000378__premium machine_state "w0!w000378__premium" "0.968750 0.000000 1.000000"
6 111.722769 machine_state m154 jw0!w000378__premium
5 jw0!w000379__freemium machine_state "w0!w000379__freemium" "1.000000 0.000000 0.656250"
6 111.764571 machine_state m254 jw0!w000379__freemium
5 jw0!w000380__premium machine_state "w0!w000380__premium" "0.000000 0.812500 1.000000"
6 112.033128 machine_state m155 jw0!w000380__premium
5 jw0!w000381__premium machine_state "w0!w000381__premium" "0.593750 0.000000 1.000000"
6 112.170437 machine_state m156 jw0!w000381__premium
6 112.236773 machine_state m139 w
5 jw0!w000382__premium machine_state "w0!w000382__premium" "1.000000 0.000000 0.937500"
6 112.297330 machine_state m157 jw0!w000382__premium
6 112.453859 machine_state m632 w
6 112.498045 machine_state m630 w
5 jw0!w000383__freemium machine_state "w0!w000383__freemium" "0.031250 1.000000 0.000000"
6 112.759565 machine_state m545 jw0!w000383__freemium
5 jw0!w000384__freemium machine_state "w0!w000384__freemium" "0.031250 0.000000 1.000000"
6 112.864372 machine_state m637 jw0!w000384__freemium
6 112.895196 machine_state m247 w
5 jw0!w000385__enterprise machine_state "w0!w000385__enterprise" "1.000000 0.000000 0.093750"
6 112.904637 machine_state m46 jw0!w000385__enterprise
6 112.963810 machine_state m535 w
6 113.014751 machine_state m634 w
6 113.460756 machine_state m44 w
6 113.867282 machine_state m245 w
6 113.881635 machine_state m41 w
5 jw0!w000386__freemium machine_state "w0!w000386__freemium" "0.312500 1.000000 0.000000"
6 114.018380 machine_state m638 jw0!w000386__freemium
6 114.064545 machine_state m248 w
6 114.301859 machine_state m340 w
5 jw0!w000387__premium machine_state "w0!w000387__premium" "0.000000 0.156250 1.000000"
6 114.383329 machine_state m639 jw0!w000387__premium
6 114.446823 machine_state m42 w
5 jw0!w000388__premium machine_state "w0!w000388__premium" "1.000000 0.000000 0.000000"
6 114.710503 machine_state m640 jw0!w000388__premium
6 114.820333 machine_state m736 w
5 jw0!w000389__premium machine_state "w0!w000389__premium" "0.000000 0.718750 1.000000"
6 115.273966 machine_state m641 jw0!w000389__premium
5 jw0!w000390__enterprise machine_state "w0!w000390__enterprise" "0.593750 1.000000 0.000000"
6 115.875134 machine_state m47 jw0!w000390__enterprise
6 115.988589 machine_state m737 w
6 116.335434 machine_state m339 w
5 jw0!w000391__freemium machine_state "w0!w000391__freemium" "1.000000 0.750000 0.000000"
6 116.567923 machine_state m255 jw0!w000391__freemium
5 jw0!w000392__enterprise machine_state "w0!w000392__enterprise" "1.000000 0.000000 0.187500"
6 116.590828 machine_state m48 jw0!w000392__enterprise
5 jw0!w000393__enterprise machine_state "w0!w000393__enterprise" "0.000000 0.625000 1.000000"
6 116.621635 machine_state m345 jw0!w000393__enterprise
6 116.660487 machine_state m148 w
6 116.936252 machine_state m442 w
6 117.544144 machine_state m740 w
5 jw0!w000394__freemium machine_state "w0!w000394__freemium" "1.000000 0.000000 0.562500"
6 117.582640 machine_state m256 jw0!w000394__freemium
5 jw0!w000395__premium machine_state "w0!w000395__premium" "0.125000 0.000000 1.000000"
6 117.864722 machine_state m642 jw0!w000395__premium
5 jw0!w000396__enterprise machine_state "w0!w000396__enterprise" "0.875000 0.000000 1.000000"
6 117.920873 machine_state m49 jw0!w000396__enterprise
5 jw0!w000397__enterprise machine_state "w0!w000397__enterprise" "0.000000 1.000000 0.625000"
6 118.145499 machine_state m346 jw0!w000397__enterprise
5 jw0!w000398__premium machine_state "w0!w000398__premium" "1.000000 0.187500 0.000000"
6 118.174408 machine_state m747 jw0!w000398__premium
6 118.262697 machine_state m635 w
6 118.626067 machine_state m543 w
5 jw0!w000399__freemium machine_state "w0!w000399__freemium" "0.000000 1.000000 0.437500"
6 118.671581 machine_state m546 jw0!w000399__freemium
5 jw0!w000400__premium machine_state "w0!w000400__premium" "0.218750 0.000000 1.000000"
6 119.173275 machine_state m643 jw0!w000400__premium
5 jw0!w000401__enterprise machine_state "w0!w000401__enterprise" "0.875000 1.000000 0.000000"
6 119.176942 machine_state m50 jw0!w000401__enterprise
6 119.519328 machine_state m537 w
5 jw0!w000402__freemium machine_state "w0!w000402__freemium" "0.781250 1.000000 0.000000"
6 119.944357 machine_state m547 jw0!w000402__freemium
5 jw0!w000403__freemium machine_state "w0!w000403__freemium" "0.500000 1.000000 0.000000"
6 119.950322 machine_state m257 jw0!w000403__freemium
6 120.116683 machine_state m150 w
6 120.262747 machine_state m538 w
5 jw0!w000404__freemium machine_state "w0!w000404__freemium" "0.000000 1.000000 0.812500"
6 120.304507 machine_state m548 jw0!w000404__freemium
5 jw0!w000405__premium machine_state "w0!w000405__premium" "0.312500 0.000000 1.000000"
6 120.463735 machine_state m158 jw0!w000405__premium
6 120.668033 machine_state m744 w
5 jw0!w000406__enterprise machine_state "w0!w000406__enterprise" "1.000000 0.000000 0.843750"
6 120.671775 machine_state m347 jw0!w000406__enterprise
6 120.692614 machine_state m343 w
6 120.800700 machine_state m541 w
5 jw0!w000407__enterprise machine_state "w0!w000407__enterprise" "0.000000 1.000000 0.343750"
6 120.816664 machine_state m348 jw0!w000407__enterprise
5 jw0!w000408__freemium machine_state "w0!w000408__freemium" "0.406250 0.000000 1.000000"
6 121.255616 machine_state m549 jw0!w000408__freemium
5 jw0!w000409__premium machine_state "w0!w000409__premium" "0.000000 1.000000 1.000000"
6 121.689469 machine_state m748 jw0!w000409__premium
6 121.770482 machine_state m342 w
5 jw0!w000410__premium machine_state "w0!w000410__premium" "0.500000 0.000000 1.000000"
6 122.074811 machine_state m644 jw0!w000410__premium
5 jw0!w000411__freemium machine_state "w0!w000411__freemium" "0.000000 0.531250 1.000000"
6 122.310542 machine_state m550 jw0!w000411__freemium
5 jw0!w000412__freemium machine_state "w0!w000412__freemium" "0.000000 1.000000 0.250000"
6 122.312250 machine_state m749 jw0!w000412__freemium
6 122.608843 machine_state m152 w
5 jw0!w000413__enterprise machine_state "w0!w000413__enterprise" "0.000000 1.000000 0.531250"
6 122.623864 machine_state m349 jw0!w000413__enterprise
6 122.783583 machine_state m439 w
5 jw0!w000414__freemium machine_state "w0!w000414__freemium" "0.218750 1.000000 0.000000"
6 122.798112 machine_state m750 jw0!w000414__freemium
5 jw0!w000415__enterprise machine_state "w0!w000415__enterprise" "0.406250 1.000000 0.000000"
6 122.815510 machine_state m51 jw0!w000415__enterprise
5 jw0!w000416__enterprise machine_state "w0!w000416__enterprise" "0.000000 1.000000 0.062500"
6 122.904989 machine_state m350 jw0!w000416__enterprise
6 123.245059 machine_state m252 w
6 123.255836 machine_state m739 w
6 123.324004 machine_state m43 w
6 123.398972 machine_state m741 w
6 123.433654 machine_state m544 w
6 123.438196 machine_state m447 w
6 123.452204 machine_state m441 w
5 jw0!w000417__enterprise machine_state "w0!w000417__enterprise" "0.125000 1.000000 0.000000"
6 123.469808 machine_state m52 jw0!w000417__enterprise
6 123.630409 machine_state m46 w
6 123.686114 machine_state m246 w
6 123.901077 machine_state m743 w
6 124.418680 machine_state m45 w
6 124.716734 machine_state m251 w
5 jw0!w000418__premium machine_state "w0!w000418__premium" "1.000000 0.000000 0.281250"
6 124.820656 machine_state m450 jw0!w000418__premium
5 jw0!w000419__freemium machine_state "w0!w000419__freemium" "1.000000 0.562500 0.000000"
6 125.038274 machine_state m258 jw0!w000419__freemium
6 125.044873 machine_state m253 w
6 125.289319 machine_state m446 w
6 125.322768 machine_state m746 w
5 jw0!w000420__premium machine_state "w0!w000420__premium" "0.000000 1.000000 0.718750"
6 125.656765 machine_state m451 jw0!w000420__premium
6 125.861810 machine_state m636 w
6 125.864438 machine_state m745 w
6 125.889598 machine_state m249 w
5 jw0!w000421__enterprise machine_state "w0!w000421__enterprise" "0.000000 1.000000 0.156250"
6 125.967110 machine_state m53 jw0!w000421__enterprise
6 126.053943 machine_state m153 w
6 126.078196 machine_state m540 w
5 jw0!w000422__enterprise machine_state "w0!w000422__enterprise" "1.000000 0.843750 0.000000"
6 126.089656 machine_state m54 jw0!w000422__enterprise
5 jw0!w000423__freemium machine_state "w0!w000423__freemium" "1.000000 0.000000 0.375000"
6 126.094736 machine_state m751 jw0!w000423__freemium
5 jw0!w000424__freemium machine_state "w0!w000424__freemium" "1.000000 0.281250 0.000000"
6 126.236144 machine_state m259 jw0!w000424__freemium
6 126.244588 machine_state m151 w
6 126.532801 machine_state m344 w
5 jw0!w000425__enterprise machine_state "w0!w000425__enterprise" "1.000000 0.468750 0.000000"
6 126.862875 machine_state m351 jw0!w000425__enterprise
5 jw0!w000426__freemium machine_state "w0!w000426__freemium" "0.687500 1.000000 0.000000"
6 126.873520 machine_state m752 jw0!w000426__freemium
5 jw0!w000427__premium machine_state "w0!w000427__premium" "1.000000 0.656250 0.000000"
6 126.941732 machine_state m159 jw0!w000427__premium
5 jw0!w000428__premium machine_state "w0!w000428__premium" "0.000000 0.906250 1.000000"
6 127.132287 machine_state m160 jw0!w000428__premium
6 127.418856 machine_state m443 w
6 127.540079 machine_state m641 w
5 jw0!w000429__premium machine_state "w0!w000429__premium" "0.781250 0.000000 1.000000"
6 128.212559 machine_state m452 jw0!w000429__premium
5 jw0!w000430__enterprise machine_state "w0!w000430__enterprise" "0.000000 1.000000 0.906250"
6 128.397558 machine_state m55 jw0!w000430__enterprise
6 128.591156 machine_state m444 w
5 jw0!w000431__premium machine_state "w0!w000431__premium" "0.000000 0.062500 1.000000"
6 128.654363 machine_state m453 jw0!w000431__premium
6 128.777294 machine_state m157 w
5 jw0!w000432__enterprise machine_state "w0!w000432__enterprise" "0.000000 0.343750 1.000000"
6 129.701966 machine_state m352 jw0!w000432__enterprise
6 130.138532 machine_state m547 w
5 jw0!w000433__freemium machine_state "w0!w000433__freemium" "1.000000 0.093750 0.000000"
6 130.330365 machine_state m260 jw0!w000433__freemium
6 131.019565 machine_state m250 w
6 131.213311 machine_state m449 w
6 131.366193 machine_state m149 w
5 jw0!w000434__enterprise machine_state "w0!w000434__enterprise" "1.000000 0.937500 0.000000"
6 131.383655 machine_state m56 jw0!w000434__enterprise
5 jw0!w000435__freemium machine_state "w0!w000435__freemium" "1.000000 0.375000 0.000000"
6 131.392058 machine_state m261 jw0!w000435__freemium
6 131.501251 machine_state m539 w
6 131.687053 machine_state m448 w
6 132.032402 machine_state m341 w
5 jw0!w000436__freemium machine_state "w0!w000436__freemium" "0.000000 0.437500 1.000000"
6 132.088014 machine_state m551 jw0!w000436__freemium
6 132.368149 machine_state m156 w
6 132.413292 machine_state m644 w
5 jw0!w000437__premium machine_state "w0!w000437__premium" "0.968750 1.000000 0.000000"
6 132.491709 machine_state m161 jw0!w000437__premium
6 132.590970 machine_state m637 w
5 jw0!w000438__enterprise machine_state "w0!w000438__enterprise" "1.000000 0.000000 0.750000"
6 132.808232 machine_state m353 jw0!w000438__enterprise
5 jw0!w000439__enterprise machine_state "w0!w000439__enterprise" "0.687500 0.000000 1.000000"
6 132.977904 machine_state m354 jw0!w000439__enterprise
6 133.407916 machine_state m255 w
5 jw0!w000440__premium machine_state "w0!w000440__premium" "1.000000 0.000000 0.468750"
6 133.426391 machine_state m454 jw0!w000440__premium
5 jw0!w000441__enterprise machine_state "w0!w000441__enterprise" "0.000000 0.250000 1.000000"
6 133.563540 machine_state m645 jw0!w000441__enterprise
6 133.597671 machine_state m750 w
6 133.738677 machine_state m742 w
5 jw0!w000442__enterprise machine_state "w0!w000442__enterprise" "0.968750 0.000000 1.000000"
6 133.766830 machine_state m646 jw0!w000442__enterprise
6 134.031715 machine_state m47 w
5 jw0!w000443__premium machine_state "w0!w000443__premium" "1.000000 0.000000 0.656250"
6 134.092639 machine_state m162 jw0!w000443__premium
5 jw0!w000444__enterprise machine_state "w0!w000444__enterprise" "0.000000 0.812500 1.000000"
6 134.227455 machine_state m647 jw0!w000444__enterprise
6 134.248342 machine_state m640 w
5 jw0!w000445__premium machine_state "w0!w000445__premium" "0.593750 0.000000 1.000000"
6 134.302744 machine_state m455 jw0!w000445__premium
5 jw0!w000446__freemium machine_state "w0!w000446__freemium" "1.000000 0.000000 0.937500"
6 134.738197 machine_state m753 jw0!w000446__freemium
6 134.835212 machine_state m155 w
5 jw0!w000447__enterprise machine_state "w0!w000447__enterprise" "0.031250 1.000000 0.000000"
6 134.858369 machine_state m648 jw0!w000447__enterprise
6 135.382469 machine_state m542 w
6 135.396127 machine_state m639 w
6 135.459225 machine_state m154 w
6 135.468975 machine_state m346 w
6 135.506864 machine_state m445 w
6 135.569299 machine_state m642 w
5 jw0!w000448__enterprise machine_state "w0!w000448__enterprise" "0.031250 0.000000 1.000000"
6 135.966409 machine_state m649 jw0!w000448__enterprise
5 jw0!w000449__enterprise machine_state "w0!w000449__enterprise" "1.000000 0.000000 0.093750"
6 135.969067 machine_state m650 jw0!w000449__enterprise
5 jw0!w000450__premium machine_state "w0!w000450__premium" "0.312500 1.000000 0.000000"
6 136.043447 machine_state m163 jw0!w000450__premium
5 jw0!w000451__premium machine_state "w0!w000451__premium" "0.000000 0.156250 1.000000"
6 136.133319 machine_state m164 jw0!w000451__premium
6 136.349011 machine_state m345 w
5 jw0!w000452__premium machine_state "w0!w000452__premium" "1.000000 0.000000 0.000000"
6 136.490917 machine_state m456 jw0!w000452__premium
5 jw0!w000453__freemium machine_state "w0!w000453__freemium" "0.000000 0.718750 1.000000"
6 136.770682 machine_state m552 jw0!w000453__freemium
5 jw0!w000454__premium machine_state "w0!w000454__premium" "0.593750 1.000000 0.000000"
6 136.886494 machine_state m165 jw0!w000454__premium
6 137.063516 machine_state m258 w
6 137.137604 machine_state m550 w
5 jw0!w000455__premium machine_state "w0!w000455__premium" "1.000000 0.750000 0.000000"
6 137.214574 machine_state m457 jw0!w000455__premium
6 137.655490 machine_state m52 w
5 jw0!w000456__enterprise machine_state "w0!w000456__enterprise" "1.000000 0.000000 0.187500"
6 137.827559 machine_state m57 jw0!w000456__enterprise
6 138.242310 machine_state m546 w
5 jw0!w000457__premium machine_state "w0!w000457__premium" "0.000000 0.625000 1.000000"
6 138.272764 machine_state m166 jw0!w000457__premium
5 jw0!w000458__enterprise machine_state "w0!w000458__enterprise" "1.000000 0.000000 0.562500"
6 138.366522 machine_state m355 jw0!w000458__enterprise
5 jw0!w000459__enterprise machine_state "w0!w000459__enterprise" "0.125000 0.000000 1.000000"
6 138.457869 machine_state m651 jw0!w000459__enterprise
5 jw0!w000460__enterprise machine_state "w0!w000460__enterprise" "0.875000 0.000000 1.000000"
6 138.465585 machine_state m58 jw0!w000460__enterprise
6 138.478091 machine_state m548 w
5 jw0!w000461__premium machine_state "w0!w000461__premium" "0.000000 1.000000 0.625000"
6 138.488591 machine_state m458 jw0!w000461__premium
5 jw0!w000462__enterprise machine_state "w0!w000462__enterprise" "1.000000 0.187500 0.000000"
6 138.571551 machine_state m356 jw0!w000462__enterprise
6 138.637136 machine_state m452 w
5 jw0!w000463__premium machine_state "w0!w000463__premium" "0.000000 1.000000 0.437500"
6 138.810662 machine_state m459 jw0!w000463__premium
6 138.936664 machine_state m749 w
6 139.390239 machine_state m254 w
5 jw0!w000464__freemium machine_state "w0!w000464__freemium" "0.218750 0.000000 1.000000"
6 139.518883 machine_state m553 jw0!w000464__freemium
5 jw0!w000465__premium machine_state "w0!w000465__premium" "0.875000 1.000000 0.000000"
6 140.101558 machine_state m167 jw0!w000465__premium
5 jw0!w000466__enterprise machine_state "w0!w000466__enterprise" "0.781250 1.000000 0.000000"
6 140.150687 machine_state m652 jw0!w000466__enterprise
5 jw0!w000467__enterprise machine_state "w0!w000467__enterprise" "0.500000 1.000000 0.000000"
6 140.434536 machine_state m262 jw0!w000467__enterprise
5 jw0!w000468__premium machine_state "w0!w000468__premium" "0.000000 1.000000 0.812500"
6 140.516077 machine_state m460 jw0!w000468__premium
5 jw0!w000469__freemium machine_state "w0!w000469__freemium" "0.312500 0.000000 1.000000"
6 140.584051 machine_state m554 jw0!w000469__freemium
6 140.674276 machine_state m349 w
5 jw0!w000470__enterprise machine_state "w0!w000470__enterprise" "1.000000 0.000000 0.843750"
6 140.678127 machine_state m263 jw0!w000470__enterprise
5 jw0!w000471__freemium machine_state "w0!w000471__freemium" "0.000000 1.000000 0.343750"
6 140.721904 machine_state m754 jw0!w000471__freemium
5 jw0!w000472__premium machine_state "w0!w000472__premium" "0.406250 0.000000 1.000000"
6 140.791462 machine_state m555 jw0!w000472__premium
6 140.834308 machine_state m256 w
5 jw0!w000473__freemium machine_state "w0!w000473__freemium" "0.000000 1.000000 1.000000"
6 140.855884 machine_state m755 jw0!w000473__freemium
6 140.923381 machine_state m50 w
5 jw0!w000474__enterprise machine_state "w0!w000474__enterprise" "0.500000 0.000000 1.000000"
6 140.927144 machine_state m264 jw0!w000474__enterprise
6 141.236325 machine_state m350 w
6 141.462828 machine_state m545 w
6 141.782818 machine_state m259 w
6 141.830108 machine_state m56 w
5 jw0!w000475__premium machine_state "w0!w000475__premium" "0.000000 0.531250 1.000000"
6 142.025739 machine_state m556 jw0!w000475__premium
6 142.222124 machine_state m747 w
5 jw0!w000476__premium machine_state "w0!w000476__premium" "0.000000 1.000000 0.250000"
6 142.670943 machine_state m557 jw0!w000476__premium
6 142.966800 machine_state m55 w
5 jw0!w000477__freemium machine_state "w0!w000477__freemium" "0.000000 1.000000 0.531250"
6 143.203117 machine_state m756 jw0!w000477__freemium
5 jw0!w000478__freemium machine_state "w0!w000478__freemium" "0.218750 1.000000 0.000000"
6 143.230650 machine_state m757 jw0!w000478__freemium
6 143.396843 machine_state m450 w
5 jw0!w000479__freemium machine_state "w0!w000479__freemium" "0.406250 1.000000 0.000000"
6 143.494118 machine_state m758 jw0!w000479__freemium
6 143.559423 machine_state m643 w
5 jw0!w000480__freemium machine_state "w0!w000480__freemium" "0.000000 1.000000 0.062500"
6 143.589147 machine_state m759 jw0!w000480__freemium
6 143.688115 machine_state m454 w
6 143.706305 machine_state m638 w
5 jw0!w000481__freemium machine_state "w0!w000481__freemium" "0.125000 1.000000 0.000000"
6 143.781385 machine_state m461 jw0!w000481__freemium
6 144.068883 machine_state m348 w
6 144.128319 machine_state m646 w
6 144.235764 machine_state m453 w
5 jw0!w000482__enterprise machine_state "w0!w000482__enterprise" "1.000000 0.000000 0.281250"
6 144.410447 machine_state m265 jw0!w000482__enterprise
5 jw0!w000483__premium machine_state "w0!w000483__premium" "1.000000 0.562500 0.000000"
6 144.812625 machine_state m558 jw0!w000483__premium
5 jw0!w000484__enterprise machine_state "w0!w000484__enterprise" "0.000000 1.000000 0.718750"
6 145.320753 machine_state m59 jw0!w000484__enterprise
5 jw0!w000485__enterprise machine_state "w0!w000485__enterprise" "0.000000 1.000000 0.156250"
6 145.549683 machine_state m266 jw0!w000485__enterprise
5 jw0!w000486__enterprise machine_state "w0!w000486__enterprise" "1.000000 0.843750 0.000000"
6 145.775760 machine_state m357 jw0!w000486__enterprise
5 jw0!w000487__freemium machine_state "w0!w000487__freemium" "1.000000 0.000000 0.375000"
6 145.815516 machine_state m462 jw0!w000487__freemium
6 145.907515 machine_state m645 w
5 jw0!w000488__premium machine_state "w0!w000488__premium" "1.000000 0.281250 0.000000"
6 146.019838 machine_state m559 jw0!w000488__premium
6 146.055948 machine_state m161 w
5 jw0!w000489__enterprise machine_state "w0!w000489__enterprise" "1.000000 0.468750 0.000000"
6 146.135904 machine_state m653 jw0!w000489__enterprise
5 jw0!w000490__freemium machine_state "w0!w000490__freemium" "0.687500 1.000000 0.000000"
6 146.431074 machine_state m463 jw0!w000490__freemium
6 146.566553 machine_state m48 w
5 jw0!w000491__freemium machine_state "w0!w000491__freemium" "1.000000 0.656250 0.000000"
6 146.608518 machine_state m168 jw0!w000491__freemium
6 146.759323 machine_state m748 w
5 jw0!w000492__premium machine_state "w0!w000492__premium" "0.000000 0.906250 1.000000"
6 146.798993 machine_state m760 jw0!w000492__premium
5 jw0!w000493__freemium machine_state "w0!w000493__freemium" "0.781250 0.000000 1.000000"
6 146.828051 machine_state m60 jw0!w000493__freemium
6 146.838433 machine_state m351 w
6 147.061019 machine_state m551 w
6 147.289132 machine_state m53 w
6 147.348681 machine_state m158 w
6 147.497364 machine_state m49 w
5 jw0!w000494__freemium machine_state "w0!w000494__freemium" "0.000000 1.000000 0.906250"
6 147.614466 machine_state m61 jw0!w000494__freemium
6 147.887180 machine_state m257 w
5 jw0!w000495__freemium machine_state "w0!w000495__freemium" "0.000000 0.062500 1.000000"
6 148.266509 machine_state m62 jw0!w000495__freemium
5 jw0!w000496__freemium machine_state "w0!w000496__freemium" "0.000000 0.343750 1.000000"
6 148.347293 machine_state m63 jw0!w000496__freemium
5 jw0!w000497__freemium machine_state "w0!w000497__freemium" "1.000000 0.093750 0.000000"
6 148.596315 machine_state m64 jw0!w000497__freemium
5 jw0!w000498__freemium machine_state "w0!w000498__freemium" "1.000000 0.937500 0.000000"
6 148.695071 machine_state m169 jw0!w000498__freemium
5 jw0!w000499__freemium machine_state "w0!w000499__freemium" "1.000000 0.375000 0.000000"
6 148.706185 machine_state m560 jw0!w000499__freemium
5 jw0!w000500__freemium machine_state "w0!w000500__freemium" "0.000000 0.437500 1.000000"
6 148.760371 machine_state m267 jw0!w000500__freemium
5 jw0!w000501__enterprise machine_state "w0!w000501__enterprise" "0.968750 1.000000 0.000000"
6 148.992978 machine_state m358 jw0!w000501__enterprise
5 jw0!w000502__freemium machine_state "w0!w000502__freemium" "1.000000 0.000000 0.750000"
6 149.015576 machine_state m268 jw0!w000502__freemium
5 jw0!w000503__freemium machine_state "w0!w000503__freemium" "0.687500 0.000000 1.000000"
6 149.098340 machine_state m269 jw0!w000503__freemium
6 149.103450 machine_state m752 w
6 149.157275 machine_state m166 w
6 149.425586 machine_state m549 w
5 jw0!w000504__freemium machine_state "w0!w000504__freemium" "1.000000 0.000000 0.468750"
6 149.574179 machine_state m170 jw0!w000504__freemium
6 149.762759 machine_state m347 w
5 jw0!w000505__freemium machine_state "w0!w000505__freemium" "0.000000 0.250000 1.000000"
6 149.868227 machine_state m561 jw0!w000505__freemium
5 jw0!w000506__enterprise machine_state "w0!w000506__enterprise" "0.968750 0.000000 1.000000"
6 150.152396 machine_state m359 jw0!w000506__enterprise
6 150.185668 machine_state m165 w
5 jw0!w000507__enterprise machine_state "w0!w000507__enterprise" "1.000000 0.000000 0.656250"
6 150.218910 machine_state m654 jw0!w000507__enterprise
5 jw0!w000508__premium machine_state "w0!w000508__premium" "0.000000 0.812500 1.000000"
6 150.278668 machine_state m761 jw0!w000508__premium
5 jw0!w000509__premium machine_state "w0!w000509__premium" "0.593750 0.000000 1.000000"
6 150.534702 machine_state m171 jw0!w000509__premium
6 150.682548 machine_state m163 w
6 150.683728 machine_state m51 w
5 jw0!w000510__enterprise machine_state "w0!w000510__enterprise" "1.000000 0.000000 0.937500"
6 150.828867 machine_state m360 jw0!w000510__enterprise
6 150.879261 machine_state m459 w
6 150.998317 machine_state m649 w
6 151.069882 machine_state m159 w
5 jw0!w000511__enterprise machine_state "w0!w000511__enterprise" "0.031250 1.000000 0.000000"
6 151.213734 machine_state m655 jw0!w000511__enterprise
5 jw0!w000512__premium machine_state "w0!w000512__premium" "0.031250 0.000000 1.000000"
6 151.940465 machine_state m172 jw0!w000512__premium
6 152.103658 machine_state m651 w
6 152.137821 machine_state m751 w
6 152.333191 machine_state m164 w
6 152.371218 machine_state m753 w
5 jw0!w000513__freemium machine_state "w0!w000513__freemium" "1.000000 0.000000 0.093750"
6 152.722813 machine_state m65 jw0!w000513__freemium
5 jw0!w000514__freemium machine_state "w0!w000514__freemium" "0.312500 1.000000 0.000000"
6 152.766520 machine_state m464 jw0!w000514__freemium
5 jw0!w000515__premium machine_state "w0!w000515__premium" "0.000000 0.156250 1.000000"
6 152.809681 machine_state m173 jw0!w000515__premium
6 152.814648 machine_state m162 w
6 153.108914 machine_state m451 w
6 153.138695 machine_state m553 w
6 153.540803 machine_state m456 w
5 jw0!w000516__enterprise machine_state "w0!w000516__enterprise" "1.000000 0.000000 0.000000"
6 153.593248 machine_state m656 jw0!w000516__enterprise
5 jw0!w000517__premium machine_state "w0!w000517__premium" "0.000000 0.718750 1.000000"
6 153.623028 machine_state m174 jw0!w000517__premium
5 jw0!w000518__freemium machine_state "w0!w000518__freemium" "0.593750 1.000000 0.000000"
6 153.649926 machine_state m465 jw0!w000518__freemium
6 153.816943 machine_state m648 w
5 jw0!w000519__enterprise machine_state "w0!w000519__enterprise" "1.000000 0.750000 0.000000"
6 153.888603 machine_state m657 jw0!w000519__enterprise
6 153.904918 machine_state m260 w
6 153.954120 machine_state m263 w
6 154.041075 machine_state m353 w
5 jw0!w000520__freemium machine_state "w0!w000520__freemium" "1.000000 0.000000 0.187500"
6 154.404109 machine_state m270 jw0!w000520__freemium
5 jw0!w000521__freemium machine_state "w0!w000521__freemium" "0.000000 0.625000 1.000000"
6 154.535500 machine_state m271 jw0!w000521__freemium
6 154.617606 machine_state m54 w
5 jw0!w000522__premium machine_state "w0!w000522__premium" "1.000000 0.000000 0.562500"
6 154.773661 machine_state m762 jw0!w000522__premium
5 jw0!w000523__freemium machine_state "w0!w000523__freemium" "0.125000 0.000000 1.000000"
6 154.793308 machine_state m66 jw0!w000523__freemium
5 jw0!w000524__enterprise machine_state "w0!w000524__enterprise" "0.875000 0.000000 1.000000"
6 154.953074 machine_state m361 jw0!w000524__enterprise
5 jw0!w000525__premium machine_state "w0!w000525__premium" "0.000000 1.000000 0.625000"
6 155.059369 machine_state m175 jw0!w000525__premium
5 jw0!w000526__freemium machine_state "w0!w000526__freemium" "1.000000 0.187500 0.000000"
6 155.083431 machine_state m466 jw0!w000526__freemium
6 155.352638 machine_state m167 w
5 jw0!w000527__enterprise machine_state "w0!w000527__enterprise" "0.000000 1.000000 0.437500"
6 155.921592 machine_state m658 jw0!w000527__enterprise
6 155.950064 machine_state m261 w
6 156.345624 machine_state m160 w
5 jw0!w000528__enterprise machine_state "w0!w000528__enterprise" "0.218750 0.000000 1.000000"
6 156.494001 machine_state m362 jw0!w000528__enterprise
6 156.701468 machine_state m756 w
6 156.990756 machine_state m652 w
5 jw0!w000529__premium machine_state "w0!w000529__premium" "0.875000 1.000000 0.000000"
6 157.174111 machine_state m176 jw0!w000529__premium
6 157.251118 machine_state m352 w
5 jw0!w000530__freemium machine_state "w0!w000530__freemium" "0.781250 1.000000 0.000000"
6 157.413491 machine_state m272 jw0!w000530__freemium
6 157.518423 machine_state m457 w
6 157.566341 machine_state m59 w
5 jw0!w000531__enterprise machine_state "w0!w000531__enterprise" "0.500000 1.000000 0.000000"
6 157.969268 machine_state m659 jw0!w000531__enterprise
5 jw0!w000532__enterprise machine_state "w0!w000532__enterprise" "0.000000 1.000000 0.812500"
6 158.050554 machine_state m363 jw0!w000532__enterprise
6 158.218975 machine_state m354 w
5 jw0!w000533__premium machine_state "w0!w000533__premium" "0.312500 0.000000 1.000000"
6 158.386539 machine_state m763 jw0!w000533__premium
5 jw0!w000534__freemium machine_state "w0!w000534__freemium" "1.000000 0.000000 0.843750"
6 158.398845 machine_state m67 jw0!w000534__freemium
6 158.404938 machine_state m759 w
6 158.413579 machine_state m355 w
5 jw0!w000535__enterprise machine_state "w0!w000535__enterprise" "0.000000 1.000000 0.343750"
6 158.657762 machine_state m364 jw0!w000535__enterprise
6 158.776695 machine_state m455 w
5 jw0!w000536__premium machine_state "w0!w000536__premium" "0.406250 0.000000 1.000000"
6 158.942378 machine_state m764 jw0!w000536__premium
5 jw0!w000537__premium machine_state "w0!w000537__premium" "0.000000 1.000000 1.000000"
6 159.245184 machine_state m177 jw0!w000537__premium
5 jw0!w000538__enterprise machine_state "w0!w000538__enterprise" "0.500000 0.000000 1.000000"
6 159.518607 machine_state m365 jw0!w000538__enterprise
6 159.552199 machine_state m647 w
6 159.608496 machine_state m650 w
6 159.646470 machine_state m57 w
6 160.360870 machine_state m266 w
5 jw0!w000539__premium machine_state "w0!w000539__premium" "0.000000 0.531250 1.000000"
6 160.401180 machine_state m765 jw0!w000539__premium
5 jw0!w000540__enterprise machine_state "w0!w000540__enterprise" "0.000000 1.000000 0.250000"
6 160.469491 machine_state m660 jw0!w000540__enterprise
5 jw0!w000541__enterprise machine_state "w0!w000541__enterprise" "0.000000 1.000000 0.531250"
6 160.535971 machine_state m661 jw0!w000541__enterprise
6 160.627148 machine_state m356 w
5 jw0!w000542__freemium machine_state "w0!w000542__freemium" "0.218750 1.000000 0.000000"
6 160.728256 machine_state m467 jw0!w000542__freemium
5 jw0!w000543__enterprise machine_state "w0!w000543__enterprise" "0.406250 1.000000 0.000000"
6 160.824228 machine_state m366 jw0!w000543__enterprise
5 jw0!w000544__premium machine_state "w0!w000544__premium" "0.000000 1.000000 0.062500"
6 161.231615 machine_state m68 jw0!w000544__premium
6 161.490376 machine_state m360 w
6 161.759365 machine_state m62 w
6 162.070465 machine_state m755 w
6 162.080386 machine_state m554 w
6 162.503580 machine_state m655 w
5 jw0!w000545__enterprise machine_state "w0!w000545__enterprise" "0.125000 1.000000 0.000000"
6 162.514588 machine_state m662 jw0!w000545__enterprise
5 jw0!w000546__premium machine_state "w0!w000546__premium" "1.000000 0.000000 0.281250"
6 162.984711 machine_state m69 jw0!w000546__premium
5 jw0!w000547__premium machine_state "w0!w000547__premium" "1.000000 0.562500 0.000000"
6 162.989313 machine_state m766 jw0!w000547__premium
5 jw0!w000548__freemium machine_state "w0!w000548__freemium" "0.000000 1.000000 0.718750"
6 163.187862 machine_state m562 jw0!w000548__freemium
5 jw0!w000549__premium machine_state "w0!w000549__premium" "0.000000 1.000000 0.156250"
6 163.252549 machine_state m273 jw0!w000549__premium
6 163.486015 machine_state m561 w
6 163.528608 machine_state m269 w
6 163.788694 machine_state m264 w
5 jw0!w000550__freemium machine_state "w0!w000550__freemium" "1.000000 0.843750 0.000000"
6 163.918054 machine_state m563 jw0!w000550__freemium
5 jw0!w000551__enterprise machine_state "w0!w000551__enterprise" "1.000000 0.000000 0.375000"
6 164.039815 machine_state m367 jw0!w000551__enterprise
6 164.118840 machine_state m556 w
6 164.430274 machine_state m172 w
5 jw0!w000552__premium machine_state "w0!w000552__premium" "1.000000 0.281250 0.000000"
6 164.434438 machine_state m274 jw0!w000552__premium
5 jw0!w000553__enterprise machine_state "w0!w000553__enterprise" "1.000000 0.468750 0.000000"
6 164.567651 machine_state m663 jw0!w000553__enterprise
6 164.718742 machine_state m555 w
5 jw0!w000554__freemium machine_state "w0!w000554__freemium" "0.687500 1.000000 0.000000"
6 164.944902 machine_state m564 jw0!w000554__freemium
6 164.988701 machine_state m464 w
5 jw0!w000555__freemium machine_state "w0!w000555__freemium" "1.000000 0.656250 0.000000"
6 165.283409 machine_state m468 jw0!w000555__freemium
6 165.569996 machine_state m357 w
5 jw0!w000556__premium machine_state "w0!w000556__premium" "0.000000 0.906250 1.000000"
6 165.647047 machine_state m178 jw0!w000556__premium
5 jw0!w000557__enterprise machine_state "w0!w000557__enterprise" "0.781250 0.000000 1.000000"
6 165.659419 machine_state m368 jw0!w000557__enterprise
6 165.673070 machine_state m58 w
5 jw0!w000558__freemium machine_state "w0!w000558__freemium" "0.000000 1.000000 0.906250"
6 165.690543 machine_state m565 jw0!w000558__freemium
6 165.703059 machine_state m60 w
5 jw0!w000559__premium machine_state "w0!w000559__premium" "0.000000 0.062500 1.000000"
6 165.825470 machine_state m70 jw0!w000559__premium
6 166.078802 machine_state m460 w
5 jw0!w000560__freemium machine_state "w0!w000560__freemium" "0.000000 0.343750 1.000000"
6 166.102656 machine_state m469 jw0!w000560__freemium
6 166.272564 machine_state m552 w
5 jw0!w000561__premium machine_state "w0!w000561__premium" "1.000000 0.093750 0.000000"
6 166.446460 machine_state m71 jw0!w000561__premium
6 166.587370 machine_state m557 w
5 jw0!w000562__freemium machine_state "w0!w000562__freemium" "1.000000 0.937500 0.000000"
6 166.705600 machine_state m566 jw0!w000562__freemium
6 166.820481 machine_state m757 w
5 jw0!w000563__enterprise machine_state "w0!w000563__enterprise" "1.000000 0.375000 0.000000"
6 166.908047 machine_state m567 jw0!w000563__enterprise
5 jw0!w000564__freemium machine_state "w0!w000564__freemium" "0.000000 0.437500 1.000000"
6 166.939575 machine_state m470 jw0!w000564__freemium
5 jw0!w000565__freemium machine_state "w0!w000565__freemium" "0.968750 1.000000 0.000000"
6 167.108549 machine_state m275 jw0!w000565__freemium
5 jw0!w000566__premium machine_state "w0!w000566__premium" "1.000000 0.000000 0.750000"
6 167.151953 machine_state m767 jw0!w000566__premium
6 167.253696 machine_state m758 w
6 167.273469 machine_state m267 w
6 167.332264 machine_state m359 w
6 167.356969 machine_state m61 w
5 jw0!w000567__premium machine_state "w0!w000567__premium" "0.687500 0.000000 1.000000"
6 167.654488 machine_state m72 jw0!w000567__premium
5 jw0!w000568__premium machine_state "w0!w000568__premium" "1.000000 0.000000 0.468750"
6 167.842663 machine_state m768 jw0!w000568__premium
6 167.946340 machine_state m265 w
6 167.974128 machine_state m64 w
6 168.093818 machine_state m458 w
6 168.516182 machine_state m262 w
5 jw0!w000569__freemium machine_state "w0!w000569__freemium" "0.000000 0.250000 1.000000"
6 168.665468 machine_state m276 jw0!w000569__freemium
5 jw0!w000570__enterprise machine_state "w0!w000570__enterprise" "0.968750 0.000000 1.000000"
6 168.772641 machine_state m369 jw0!w000570__enterprise
6 168.819210 machine_state m754 w
6 168.868367 machine_state m271 w
6 169.143981 machine_state m656 w
6 169.294648 machine_state m657 w
5 jw0!w000571__enterprise machine_state "w0!w000571__enterprise" "1.000000 0.000000 0.656250"
6 169.298722 machine_state m664 jw0!w000571__enterprise
5 jw0!w000572__premium machine_state "w0!w000572__premium" "0.000000 0.812500 1.000000"
6 169.452761 machine_state m73 jw0!w000572__premium
6 169.964698 machine_state m170 w
5 jw0!w000573__freemium machine_state "w0!w000573__freemium" "0.593750 0.000000 1.000000"
6 169.980451 machine_state m277 jw0!w000573__freemium
6 170.121596 machine_state m761 w
5 jw0!w000574__freemium machine_state "w0!w000574__freemium" "1.000000 0.000000 0.937500"
6 170.187900 machine_state m278 jw0!w000574__freemium
6 170.400569 machine_state m169 w
6 170.783261 machine_state m358 w
6 170.928827 machine_state m363 w
5 jw0!w000575__premium machine_state "w0!w000575__premium" "0.031250 1.000000 0.000000"
6 171.085154 machine_state m179 jw0!w000575__premium
5 jw0!w000576__premium machine_state "w0!w000576__premium" "0.031250 0.000000 1.000000"
6 171.161514 machine_state m769 jw0!w000576__premium
6 171.204302 machine_state m461 w
5 jw0!w000577__enterprise machine_state "w0!w000577__enterprise" "1.000000 0.000000 0.093750"
6 171.207071 machine_state m370 jw0!w000577__enterprise
6 171.236419 machine_state m175 w
6 171.382938 machine_state m65 w
5 jw0!w000578__freemium machine_state "w0!w000578__freemium" "0.312500 1.000000 0.000000"
6 171.502440 machine_state m471 jw0!w000578__freemium
6 171.579545 machine_state m63 w
5 jw0!w000579__premium machine_state "w0!w000579__premium" "0.000000 0.156250 1.000000"
6 171.710195 machine_state m74 jw0!w000579__premium
5 jw0!w000580__freemium machine_state "w0!w000580__freemium" "1.000000 0.000000 0.000000"
6 171.731641 machine_state m279 jw0!w000580__freemium
5 jw0!w000581__premium machine_state "w0!w000581__premium" "0.000000 0.718750 1.000000"
6 171.734123 machine_state m180 jw0!w000581__premium
6 172.148847 machine_state m463 w
5 jw0!w000582__enterprise machine_state "w0!w000582__enterprise" "0.593750 1.000000 0.000000"
6 172.302687 machine_state m371 jw0!w000582__enterprise
6 172.315420 machine_state m171 w
6 172.497875 machine_state m268 w
5 jw0!w000583__enterprise machine_state "w0!w000583__enterprise" "1.000000 0.750000 0.000000"
6 172.670468 machine_state m568 jw0!w000583__enterprise
5 jw0!w000584__freemium machine_state "w0!w000584__freemium" "1.000000 0.000000 0.187500"
6 172.758698 machine_state m472 jw0!w000584__freemium
6 172.912061 machine_state m765 w
6 173.312656 machine_state m559 w
5 jw0!w000585__enterprise machine_state "w0!w000585__enterprise" "0.000000 0.625000 1.000000"
6 173.619293 machine_state m569 jw0!w000585__enterprise
6 173.655879 machine_state m68 w
6 173.704171 machine_state m760 w
6 173.814409 machine_state m658 w
6 173.949544 machine_state m560 w
6 173.956651 machine_state m558 w
5 jw0!w000586__freemium machine_state "w0!w000586__freemium" "1.000000 0.000000 0.562500"
6 173.957362 machine_state m280 jw0!w000586__freemium
6 174.061976 machine_state m177 w
6 174.309480 machine_state m273 w
6 174.428632 machine_state m168 w
6 174.435835 machine_state m173 w
5 jw0!w000587__enterprise machine_state "w0!w000587__enterprise" "0.125000 0.000000 1.000000"
6 174.443328 machine_state m570 jw0!w000587__enterprise
5 jw0!w000588__premium machine_state "w0!w000588__premium" "0.875000 0.000000 1.000000"
6 174.518961 machine_state m181 jw0!w000588__premium
6 174.686418 machine_state m366 w
6 174.933270 machine_state m272 w
5 jw0!w000589__freemium machine_state "w0!w000589__freemium" "0.000000 1.000000 0.625000"
6 174.947217 machine_state m281 jw0!w000589__freemium
6 174.997648 machine_state m462 w
5 jw0!w000590__premium machine_state "w0!w000590__premium" "1.000000 0.187500 0.000000"
6 174.998603 machine_state m182 jw0!w000590__premium
6 175.000274 machine_state m654 w
6 175.236737 machine_state m176 w
5 jw0!w000591__premium machine_state "w0!w000591__premium" "0.000000 1.000000 0.437500"
6 175.475661 machine_state m183 jw0!w000591__premium
6 175.580945 machine_state m653 w
6 176.333354 machine_state m661 w
5 jw0!w000592__premium machine_state "w0!w000592__premium" "0.218750 0.000000 1.000000"
6 176.382913 machine_state m184 jw0!w000592__premium
5 jw0!w000593__freemium machine_state "w0!w000593__freemium" "0.875000 1.000000 0.000000"
6 176.617391 machine_state m473 jw0!w000593__freemium
5 jw0!w000594__premium machine_state "w0!w000594__premium" "0.781250 1.000000 0.000000"
6 176.706292 machine_state m770 jw0!w000594__premium
6 176.758671 machine_state m174 w
6 177.170630 machine_state m470 w
6 177.309916 machine_state m70 w
5 jw0!w000595__premium machine_state "w0!w000595__premium" "0.500000 1.000000 0.000000"
6 177.319094 machine_state m75 jw0!w000595__premium
5 jw0!w000596__freemium machine_state "w0!w000596__freemium" "0.000000 1.000000 0.812500"
6 177.383401 machine_state m474 jw0!w000596__freemium
6 177.592101 machine_state m465 w
6 177.711728 machine_state m178 w
6 177.904231 machine_state m659 w
6 177.962913 machine_state m361 w
5 jw0!w000597__enterprise machine_state "w0!w000597__enterprise" "0.312500 0.000000 1.000000"
6 177.974301 machine_state m665 jw0!w000597__enterprise
6 177.995286 machine_state m67 w
5 jw0!w000598__premium machine_state "w0!w000598__premium" "1.000000 0.000000 0.843750"
6 178.141416 machine_state m185 jw0!w000598__premium
6 178.572197 machine_state m763 w
5 jw0!w000599__enterprise machine_state "w0!w000599__enterprise" "0.000000 1.000000 0.343750"
6 178.667047 machine_state m666 jw0!w000599__enterprise
6 179.190109 machine_state m364 w
6 179.303068 machine_state m664 w
6 179.375507 machine_state m270 w
6 180.659251 machine_state m566 w
6 180.830418 machine_state m762 w
6 181.312146 machine_state m66 w
6 181.331653 machine_state m278 w
6 181.467556 machine_state m764 w
6 181.561422 machine_state m660 w
6 182.714685 machine_state m466 w
6 182.863254 machine_state m362 w
6 182.963685 machine_state m69 w
6 183.150672 machine_state m277 w
6 183.443015 machine_state m767 w
6 183.753921 machine_state m562 w
6 183.758045 machine_state m368 w
6 184.832519 machine_state m467 w
6 184.878838 machine_state m471 w
6 185.624699 machine_state m567 w
6 185.790570 machine_state m182 w
6 186.005331 machine_state m369 w
6 186.055864 machine_state m183 w
6 186.403984 machine_state m766 w
6 187.171260 machine_state m472 w
6 187.177116 machine_state m565 w
6 187.179608 machine_state m469 w
6 188.289259 machine_state m365 w
6 188.406271 machine_state m274 w
6 188.494544 machine_state m570 w
6 188.525929 machine_state m663 w
6 189.245046 machine_state m275 w
6 189.560940 machine_state m367 w
6 190.285499 machine_state m179 w
6 191.355518 machine_state m371 w
6 191.391795 machine_state m281 w
6 191.578045 machine_state m468 w
6 191.644509 machine_state m568 w
6 191.807737 machine_state m563 w
6 192.403631 machine_state m662 w
6 193.167676 machine_state m370 w
6 193.330960 machine_state m276 w
6 193.573327 machine_state m181 w
6 193.616331 machine_state m768 w
6 193.692179 machine_state m71 w
6 194.099222 machine_state m564 w
6 194.346682 machine_state m769 w
6 194.465620 machine_state m184 w
6 194.574537 machine_state m569 w
6 195.170942 machine_state m72 w
6 195.577348 machine_state m180 w
6 196.678802 machine_state m74 w
6 197.002407 machine_state m279 w
6 197.152015 machine_state m666 w
6 197.502466 machine_state m473 w
6 198.031723 machine_state m73 w
6 199.428223 machine_state m75 w
6 200.717478 machine_state m185 w
6 202.415680 machine_state m474 w
6 203.751429 machine_state m280 w
6 204.849573 machine_state m665 w
6 205.166247 machine_state m770 w

# End of events, containers destruction
3 205.166248 m0 machine_ct
3 205.166248 m1 machine_ct
3 205.166248 m2 machine_ct
3 205.166248 m3 machine_ct
3 205.166248 m4 machine_ct
3 205.166248 m5 machine_ct
3 205.166248 m6 machine_ct
3 205.166248 m7 machine_ct
3 205.166248 m8 machine_ct
3 205.166248 m9 machine_ct
3 205.166248 m10 machine_ct
3 205.166248 m11 machine_ct
3 205.166248 m12 machine_ct
3 205.166248 m13 machine_ct
3 205.166248 m14 machine_ct
3 205.166248 m15 machine_ct
3 205.166248 m16 machine_ct
3 205.166248 m17 machine_ct
3 205.166248 m18 machine_ct
3 205.166248 m19 machine_ct
3 205.166248 m20 machine_ct
3 205.166248 m21 machine_ct
3 205.166248 m22 machine_ct
3 205.166248 m23 machine_ct
3 205.166248 m24 machine_ct
3 205.166248 m25 machine_ct
3 205.166248 m26 machine_ct
3 205.166248 m27 machine_ct
3 205.166248 m28 machine_ct
3 205.166248 m29 machine_ct
3 205.166248 m30 machine_ct
3 205.166248 m31 machine_ct
3 205.166248 m32 machine_ct
3 205.166248 m33 machine_ct
3 205.166248 m34 machine_ct
3 205.166248 m35 machine_ct
3 205.166248 m36 machine_ct
3 205.166248 m37 machine_ct
3 205.166248 m38 machine_ct
3 205.166248 m39 machine_ct
3 205.166248 m40 machine_ct
3 205.166248 m41 machine_ct
3 205.166248 m42 machine_ct
3 205.166248 m43 machine_ct
3 205.166248 m44 machine_ct
3 205.166248 m45 machine_ct
3 205.166248 m46 machine_ct
3 205.166248 m47 machine_ct
3 205.166248 m48 machine_ct
3 205.166248 m49 machine_ct
3 205.166248 m50 machine_ct
3 205.166248 m51 machine_ct
3 205.166248 m52 machine_ct
3 205.166248 m53 machine_ct
3 205.166248 m54 machine_ct
3 205.166248 m55 machine_ct
3 205.166248 m56 machine_ct
3 205.166248 m57 machine_ct
3 205.166248 m58 machine_ct
3 205.166248 m59 machine_ct
3 205.166248 m60 machine_ct
3 205.166248 m61 machine_ct
3 205.166248 m62 machine_ct
3 205.166248 m63 machine_ct
3 205.166248 m64 machine_ct
3 205.166248 m65 machine_ct
3 205.166248 m66 machine_ct
3 205.166248 m67 machine_ct
3 205.166248 m68 machine_ct
3 205.166248 m69 machine_ct
3 205.166248 m70 machine_ct
3 205.166248 m71 machine_ct
3 205.166248 m72 machine_ct
3 205.166248 m73 machine_ct
3 205.166248 m74 machine_ct
3 205.166248 m75 machine_ct
3 205.166248 m76 machine_ct
3 205.166248 m77 machine_ct
3 205.166248 m78 machine_ct
3 205.166248 m79 machine_ct
3 205.166248 m80 machine_ct
3 205.166248 m81 machine_ct
3 205.166248 m82 machine_ct
3 205.166248 m83 machine_ct
3 205.166248 m84 machine_ct
3 205.166248 m85 machine_ct
3 205.166248 m86 machine_ct
3 205.166248 m87 machine_ct
3 205.166248 m88 machine_ct
3 205.166248 m89 machine_ct
3 205.166248 m90 machine_ct
3 205.166248 m91 machine_ct
3 205.166248 m92 machine_ct
3 205.166248 m93 machine_ct
3 205.166248 m94 machine_ct
3 205.166248 m95 machine_ct
3 205.166248 m96 machine_ct
3 205.166248 m97 machine_ct
3 205.166248 m98 machine_ct
3 205.166248 m99 machine_ct
3 205.166248 m100 machine_ct
3 205.166248 m101 machine_ct
3 205.166248 m102 machine_ct
3 205.166248 m103 machine_ct
3 205.166248 m104 machine_ct
3 205.166248 m105 machine_ct
3 205.166248 m106 machine_ct
3 205.166248 m107 machine_ct
3 205.166248 m108 machine_ct
3 205.166248 m109 machine_ct
3 205.166248 m110 machine_ct
3 205.166248 m111 machine_ct
3 205.166248 m112 machine_ct
3 205.166248 m113 machine_ct
3 205.166248 m114 machine_ct
3 205.166248 m115 machine_ct
3 205.166248 m116 machine_ct
3 205.166248 m117 machine_ct
3 205.166248 m118 machine_ct
3 205.166248 m119 machine_ct
3 205.166248 m120 machine_ct
3 205.166248 m121 machine_ct
3 205.166248 m122 machine_ct
3 205.166248 m123 machine_ct
3 205.166248 m124 machine_ct
3 205.166248 m125 machine_ct
3 205.166248 m126 machine_ct
3 205.166248 m127 machine_ct
3 205.166248 m128 machine_ct
3 205.166248 m129 machine_ct
3 205.166248 m130 machine_ct
3 205.166248 m131 machine_ct
3 205.166248 m132 machine_ct
3 205.166248 m133 machine_ct
3 205.166248 m134 machine_ct
3 205.166248 m135 machine_ct
3 205.166248 m136 machine_ct
3 205.166248 m137 machine_ct
3 205.166248 m138 machine_ct
3 205.166248 m139 machine_ct
3 205.166248 m140 machine_ct
3 205.166248 m141 machine_ct
3 205.166248 m142 machine_ct
3 205.166248 m143 machine_ct
3 205.166248 m144 machine_ct
3 205.166248 m145 machine_ct
3 205.166248 m146 machine_ct
3 205.166248 m147 machine_ct
3 205.166248 m148 machine_ct
3 205.166248 m149 machine_ct
3 205.166248 m150 machine_ct
3 205.166248 m151 machine_ct
3 205.166248 m152 machine_ct
3 205.166248 m153 machine_ct
3 205.166248 m154 machine_ct
3 205.166248 m155 machine_ct
3 205.166248 m156 machine_ct
3 205.166248 m157 machine_ct
3 205.166248 m158 machine_ct
3 205.166248 m159 machine_ct
3 205.166248 m160 machine_ct
3 205.166248 m161 machine_ct
3 205.166248 m162 machine_ct
3 205.166248 m163 machine_ct
3 205.166248 m164 machine_ct
3 205.166248 m165 machine_ct
3 205.166248 m166 machine_ct
3 205.166248 m167 machine_ct
3 205.166248 m168 machine_ct
3 205.166248 m169 machine_ct
3 205.166248 m170 machine_ct
3 205.166248 m171 machine_ct
3 205.166248 m172 machine_ct
3 205.166248 m173 machine_ct
3 205.166248 m174 machine_ct
3 205.166248 m175 machine_ct
3 205.166248 m176 machine_ct
3 205.166248 m177 machine_ct
3 205.166248 m178 machine_ct
3 205.166248 m179 machine_ct
3 205.166248 m180 machine_ct
3 205.166248 m181 machine_ct
3 205.166248 m182 machine_ct
3 205.166248 m183 machine_ct
3 205.166248 m184 machine_ct
3 205.166248 m185 machine_ct
3 205.166248 m186 machine_ct
3 205.166248 m187 machine_ct
3 205.166248 m188 machine_ct
3 205.166248 m189 machine_ct
3 205.166248 m190 machine_ct
3 205.166248 m191 machine_ct
3 205.166248 m192 machine_ct
3 205.166248 m193 machine_ct
3 205.166248 m194 machine_ct
3 205.166248 m195 machine_ct
3 205.166248 m196 machine_ct
3 205.166248 m197 machine_ct
3 205.166248 m198 machine_ct
3 205.166248 m199 machine_ct
3 205.166248 m200 machine_ct
3 205.166248 m201 machine_ct
3 205.166248 m202 machine_ct
3 205.166248 m203 machine_ct
3 205.166248 m204 machine_ct
3 205.166248 m205 machine_ct
3 205.166248 m206 machine_ct
3 205.166248 m207 machine_ct
3 205.166248 m208 machine_ct
3 205.166248 m209 machine_ct
3 205.166248 m210 machine_ct
3 205.166248 m211 machine_ct
3 205.166248 m212 machine_ct
3 205.166248 m213 machine_ct
3 205.166248 m214 machine_ct
3 205.166248 m215 machine_ct
3 205.166248 m216 machine_ct
3 205.166248 m217 machine_ct
3 205.166248 m218 machine_ct
3 205.166248 m219 machine_ct
3 205.166248 m220 machine_ct
3 205.166248 m221 machine_ct
3 205.166248 m222 machine_ct
3 205.166248 m223 machine_ct
3 205.166248 m224 machine_ct
3 205.166248 m225 machine_ct
3 205.166248 m226 machine_ct
3 205.166248 m227 machine_ct
3 205.166248 m228 machine_ct
3 205.166248 m229 machine_ct
3 205.166248 m230 machine_ct
3 205.166248 m231 machine_ct
3 205.166248 m232 machine_ct
3 205.166248 m233 machine_ct
3 205.166248 m234 machine_ct
3 205.166248 m235 machine_ct
3 205.166248 m236 machine_ct
3 205.166248 m237 machine_ct
3 205.166248 m238 machine_ct
3 205.166248 m239 machine_ct
3 205.166248 m240 machine_ct
3 205.166248 m241 machine_ct
3 205.166248 m242 machine_ct
3 205.166248 m243 machine_ct
3 205.166248 m244 machine_ct
3 205.166248 m245 machine_ct
3 205.166248 m246 machine_ct
3 205.166248 m247 machine_ct
3 205.166248 m248 machine_ct
3 205.166248 m249 machine_ct
3 205.166248 m250 machine_ct
3 205.166248 m251 machine_ct
3 205.166248 m252 machine_ct
3 205.166248 m253 machine_ct
3 205.166248 m254 machine_ct
3 205.166248 m255 machine_ct
3 205.166248 m256 machine_ct
3 205.166248 m257 machine_ct
3 205.166248 m258 machine_ct
3 205.166248 m259 machine_ct
3 205.166248 m260 machine_ct
3 205.166248 m261 machine_ct
3 205.166248 m262 machine_ct
3 205.166248 m263 machine_ct
3 205.166248 m264 machine_ct
3 205.166248 m265 machine_ct
3 205.166248 m266 machine_ct
3 205.166248 m267 machine_ct
3 205.166248 m268 machine_ct
3 205.166248 m269 machine_ct
3 205.166248 m270 machine_ct
3 205.166248 m271 machine_ct
3 205.166248 m272 machine_ct
3 205.166248 m273 machine_ct
3 205.166248 m274 machine_ct
3 205.166248 m275 machine_ct
3 205.166248 m276 machine_ct
3 205.166248 m277 machine_ct
3 205.166248 m278 machine_ct
3 205.166248 m279 machine_ct
3 205.166248 m280 machine_ct
3 205.166248 m281 machine_ct
3 205.166248 m282 machine_ct
3 205.166248 m283 machine_ct
3 205.166248 m284 machine_ct
3 205.166248 m285 machine_ct
3 205.166248 m286 machine_ct
3 205.166248 m287 machine_ct
3 205.166248 m288 machine_ct
3 205.166248 m289 machine_ct
3 205.166248 m290 machine_ct
3 205.166248 m291 machine_ct
3 205.166248 m292 machine_ct
3 205.166248 m293 machine_ct
3 205.166248 m294 machine_ct
3 205.166248 m295 machine_ct
3 205.166248 m296 machine_ct
3 205.166248 m297 machine_ct
3 205.166248 m298 machine_ct
3 205.166248 m299 machine_ct
3 205.166248 m300 machine_ct
3 205.166248 m301 machine_ct
3 205.166248 m302 machine_ct
3 205.166248 m303 machine_ct
3 205.166248 m304 machine_ct
3 205.166248 m305 machine_ct
3 205.166248 m306 machine_ct
3 205.166248 m307 machine_ct
3 205.166248 m308 machine_ct
3 205.166248 m309 machine_ct
3 205.166248 m310 machine_ct
3 205.166248 m311 machine_ct
3 205.166248 m312 machine_ct
3 205.166248 m313 machine_ct
3 205.166248 m314 machine_ct
3 205.166248 m315 machine_ct
3 205.166248 m316 machine_ct
3 205.166248 m317 machine_ct
3 205.166248 m318 machine_ct
3 205.166248 m319 machine_ct
3 205.166248 m320 machine_ct
3 205.166248 m321 machine_ct
3 205.166248 m322 machine_ct
3 205.166248 m323 machine_ct
3 205.166248 m324 machine_ct
3 205.166248 m325 machine_ct
3 205.166248 m326 machine_ct
3 205.166248 m327 machine_ct
3 205.166248 m328 machine_ct
3 205.166248 m329 machine_ct
3 205.166248 m330 machine_ct
3 205.166248 m331 machine_ct
3 205.166248 m332 machine_ct
3 205.166248 m333 machine_ct
3 205.166248 m334 machine_ct
3 205.166248 m335 machine_ct
3 205.166248 m336 machine_ct
3 205.166248 m337 machine_ct
3 205.166248 m338 machine_ct
3 205.166248 m339 machine_ct
3 205.166248 m340 machine_ct
3 205.166248 m341 machine_ct
3 205.166248 m342 machine_ct
3 205.166248 m343 machine_ct
3 205.166248 m344 machine_ct
3 205.166248 m345 machine_ct
3 205.166248 m346 machine_ct
3 205.166248 m347 machine_ct
3 205.166248 m348 machine_ct
3 205.166248 m349 machine_ct
3 205.166248 m350 machine_ct
3 205.166248 m351 machine_ct
3 205.166248 m352 machine_ct
3 205.166248 m353 machine_ct
3 205.166248 m354 machine_ct
3 205.166248 m355 machine_ct
3 205.166248 m356 machine_ct
3 205.166248 m357 machine_ct
3 205.166248 m358 machine_ct
3 205.166248 m359 machine_ct
3 205.166248 m360 machine_ct
3 205.166248 m361 machine_ct
3 205.166248 m362 machine_ct
3 205.166248 m363 machine_ct
3 205.166248 m364 machine_ct
3 205.166248 m365 machine_ct
3 205.166248 m366 machine_ct
3 205.166248 m367 machine_ct
3 205.166248 m368 machine_ct
3 205.166248 m369 machine_ct
3 205.166248 m370 machine_ct
3 205.166248 m371 machine_ct
3 205.166248 m372 machine_ct
3 205.166248 m373 machine_ct
3 205.166248 m374 machine_ct
3 205.166248 m375 machine_ct
3 205.166248 m376 machine_ct
3 205.166248 m377 machine_ct
3 205.166248 m378 machine_ct
3 205.166248 m379 machine_ct
3 205.166248 m380 machine_ct
3 205.166248 m381 machine_ct
3 205.166248 m382 machine_ct
3 205.166248 m383 machine_ct
3 205.166248 m384 machine_ct
3 205.166248 m385 machine_ct
3 205.166248 m386 machine_ct
3 205.166248 m387 machine_ct
3 205.166248 m388 machine_ct
3 205.166248 m389 machine_ct
3 205.166248 m390 machine_ct
3 205.166248 m391 machine_ct
3 205.166248 m392 machine_ct
3 205.166248 m393 machine_ct
3 205.166248 m394 machine_ct
3 205.166248 m395 machine_ct
3 205.166248 m396 machine_ct
3 205.166248 m397 machine_ct
3 205.166248 m398 machine_ct
3 205.166248 m399 machine_ct
3 205.166248 m400 machine_ct
3 205.166248 m401 machine_ct
3 205.166248 m402 machine_ct
3 205.166248 m403 machine_ct
3 205.166248 m404 machine_ct
3 205.166248 m405 machine_ct
3 205.166248 m406 machine_ct
3 205.166248 m407 machine_ct
3 205.166248 m408 machine_ct
3 205.166248 m409 machine_ct
3 205.166248 m410 machine_ct
3 205.166248 m411 machine_ct
3 205.166248 m412 machine_ct
3 205.166248 m413 machine_ct
3 205.166248 m414 machine_ct
3 205.166248 m415 machine_ct
3 205.166248 m416 machine_ct
3 205.166248 m417 machine_ct
3 205.166248 m418 machine_ct
3 205.166248 m419 machine_ct
3 205.166248 m420 machine_ct
3 205.166248 m421 machine_ct
3 205.166248 m422 machine_ct
3 205.166248 m423 machine_ct
3 205.166248 m424 machine_ct
3 205.166248 m425 machine_ct
3 205.166248 m426 machine_ct
3 205.166248 m427 machine_ct
3 205.166248 m428 machine_ct
3 205.166248 m429 machine_ct
3 205.166248 m430 machine_ct
3 205.166248 m431 machine_ct
3 205.166248 m432 machine_ct
3 205.166248 m433 machine_ct
3 205.166248 m434 machine_ct
3 205.166248 m435 machine_ct
3 205.166248 m436 machine_ct
3 205.166248 m437 machine_ct
3 205.166248 m438 machine_ct
3 205.166248 m439 machine_ct
3 205.166248 m440 machine_ct
3 205.166248 m441 machine_ct
3 205.166248 m442 machine_ct
3 205.166248 m443 machine_ct
3 205.166248 m444 machine_ct
3 205.166248 m445 machine_ct
3 205.166248 m446 machine_ct
3 205.166248 m447 machine_ct
3 205.166248 m448 machine_ct
3 205.166248 m449 machine_ct
3 205.166248 m450 machine_ct
3 205.166248 m451 machine_ct
3 205.166248 m452 machine_ct
3 205.166248 m453 machine_ct
3 205.166248 m454 machine_ct
3 205.166248 m455 machine_ct
3 205.166248 m456 machine_ct
3 205.166248 m457 machine_ct
3 205.166248 m458 machine_ct
3 205.166248 m459 machine_ct
3 205.166248 m460 machine_ct
3 205.166248 m461 machine_ct
3 205.166248 m462 machine_ct
3 205.166248 m463 machine_ct
3 205.166248 m464 machine_ct
3 205.166248 m465 machine_ct
3 205.166248 m466 machine_ct
3 205.166248 m467 machine_ct
3 205.166248 m468 machine_ct
3 205.166248 m469 machine_ct
3 205.166248 m470 machine_ct
3 205.166248 m471 machine_ct
3 205.166248 m472 machine_ct
3 205.166248 m473 machine_ct
3 205.166248 m474 machine_ct
3 205.166248 m475 machine_ct
3 205.166248 m476 machine_ct
3 205.166248 m477 machine_ct
3 205.166248 m478 machine_ct
3 205.166248 m479 machine_ct
3 205.166248 m480 machine_ct
3 205.166248 m481 machine_ct
3 205.166248 m482 machine_ct
3 205.166248 m483 machine_ct
3 205.166248 m484 machine_ct
3 205.166248 m485 machine_ct
3 205.166248 m486 machine_ct
3 205.166248 m487 machine_ct
3 205.166248 m488 machine_ct
3 205.166248 m489 machine_ct
3 205.166248 m490 machine_ct
3 205.166248 m491 machine_ct
3 205.166248 m492 machine_ct
3 205.166248 m493 machine_ct
3 205.166248 m494 machine_ct
3 205.166248 m495 machine_ct
3 205.166248 m496 machine_ct
3 205.166248 m497 machine_ct
3 205.166248 m498 machine_ct
3 205.166248 m499 machine_ct
3 205.166248 m500 machine_ct
3 205.166248 m501 machine_ct
3 205.166248 m502 machine_ct
3 205.166248 m503 machine_ct
3 205.166248 m504 machine_ct
3 205.166248 m505 machine_ct
3 205.166248 m506 machine_ct
3 205.166248 m507 machine_ct
3 205.166248 m508 machine_ct
3 205.166248 m509 machine_ct
3 205.166248 m510 machine_ct
3 205.166248 m511 machine_ct
3 205.166248 m512 machine_ct
3 205.166248 m513 machine_ct
3 205.166248 m514 machine_ct
3 205.166248 m515 machine_ct
3 205.166248 m516 machine_ct
3 205.166248 m517 machine_ct
3 205.166248 m518 machine_ct
3 205.166248 m519 machine_ct
3 205.166248 m520 machine_ct
3 205.166248 m521 machine_ct
3 205.166248 m522 machine_ct
3 205.166248 m523 machine_ct
3 205.166248 m524 machine_ct
3 205.166248 m525 machine_ct
3 205.166248 m526 machine_ct
3 205.166248 m527 machine_ct
3 205.166248 m528 machine_ct
3 205.166248 m529 machine_ct
3 205.166248 m530 machine_ct
3 205.166248 m531 machine_ct
3 205.166248 m532 machine_ct
3 205.166248 m533 machine_ct
3 205.166248 m534 machine_ct
3 205.166248 m535 machine_ct
3 205.166248 m536 machine_ct
3 205.166248 m537 machine_ct
3 205.166248 m538 machine_ct
3 205.166248 m539 machine_ct
3 205.166248 m540 machine_ct
3 205.166248 m541 machine_ct
3 205.166248 m542 machine_ct
3 205.166248 m543 machine_ct
3 205.166248 m544 machine_ct
3 205.166248 m545 machine_ct
3 205.166248 m546 machine_ct
3 205.166248 m547 machine_ct
3 205.166248 m548 machine_ct
3 205.166248 m549 machine_ct
3 205.166248 m550 machine_ct
3 205.166248 m551 machine_ct
3 205.166248 m552 machine_ct
3 205.166248 m553 machine_ct
3 205.166248 m554 machine_ct
3 205.166248 m555 machine_ct
3 205.166248 m556 machine_ct
3 205.166248 m557 machine_ct
3 205.166248 m558 machine_ct
3 205.166248 m559 machine_ct
3 205.166248 m560 machine_ct
3 205.166248 m561 machine_ct
3 205.166248 m562 machine_ct
3 205.166248 m563 machine_ct
3 205.166248 m564 machine_ct
3 205.166248 m565 machine_ct
3 205.166248 m566 machine_ct
3 205.166248 m567 machine_ct
3 205.166248 m568 machine_ct
3 205.166248 m569 machine_ct
3 205.166248 m570 machine_ct
3 205.166248 m571 machine_ct
3 205.166248 m572 machine_ct
3 205.166248 m573 machine_ct
3 205.166248 m574 machine_ct
3 205.166248 m575 machine_ct
3 205.166248 m576 machine_ct
3 205.166248 m577 machine_ct
3 205.166248 m578 machine_ct
3 205.166248 m579 machine_ct
3 205.166248 m580 machine_ct
3 205.166248 m581 machine_ct
3 205.166248 m582 machine_ct
3 205.166248 m583 machine_ct
3 205.166248 m584 machine_ct
3 205.166248 m585 machine_ct
3 205.166248 m586 machine_ct
3 205.166248 m587 machine_ct
3 205.166248 m588 machine_ct
3 205.166248 m589 machine_ct
3 205.166248 m590 machine_ct
3 205.166248 m591 machine_ct
3 205.166248 m592 machine_ct
3 205.166248 m593 machine_ct
3 205.166248 m594 machine_ct
3 205.166248 m595 machine_ct
3 205.166248 m596 machine_ct
3 205.166248 m597 machine_ct
3 205.166248 m598 machine_ct
3 205.166248 m599 machine_ct
3 205.166248 m600 machine_ct
3 205.166248 m601 machine_ct
3 205.166248 m602 machine_ct
3 205.166248 m603 machine_ct
3 205.166248 m604 machine_ct
3 205.166248 m605 machine_ct
3 205.166248 m606 machine_ct
3 205.166248 m607 machine_ct
3 205.166248 m608 machine_ct
3 205.166248 m609 machine_ct
3 205.166248 m610 machine_ct
3 205.166248 m611 machine_ct
3 205.166248 m612 machine_ct
3 205.166248 m613 machine_ct
3 205.166248 m614 machine_ct
3 205.166248 m615 machine_ct
3 205.166248 m616 machine_ct
3 205.166248 m617 machine_ct
3 205.166248 m618 machine_ct
3 205.166248 m619 machine_ct
3 205.166248 m620 machine_ct
3 205.166248 m621 machine_ct
3 205.166248 m622 machine_ct
3 205.166248 m623 machine_ct
3 205.166248 m624 machine_ct
3 205.166248 m625 machine_ct
3 205.166248 m626 machine_ct
3 205.166248 m627 machine_ct
3 205.166248 m628 machine_ct
3 205.166248 m629 machine_ct
3 205.166248 m630 machine_ct
3 205.166248 m631 machine_ct
3 205.166248 m632 machine_ct
3 205.166248 m633 machine_ct
3 205.166248 m634 machine_ct
3 205.166248 m635 machine_ct
3 205.166248 m636 machine_ct
3 205.166248 m637 machine_ct
3 205.166248 m638 machine_ct
3 205.166248 m639 machine_ct
3 205.166248 m640 machine_ct
3 205.166248 m641 machine_ct
3 205.166248 m642 machine_ct
3 205.166248 m643 machine_ct
3 205.166248 m644 machine_ct
3 205.166248 m645 machine_ct
3 205.166248 m646 machine_ct
3 205.166248 m647 machine_ct
3 205.166248 m648 machine_ct
3 205.166248 m649 machine_ct
3 205.166248 m650 machine_ct
3 205.166248 m651 machine_ct
3 205.166248 m652 machine_ct
3 205.166248 m653 machine_ct
3 205.166248 m654 machine_ct
3 205.166248 m655 machine_ct
3 205.166248 m656 machine_ct
3 205.166248 m657 machine_ct
3 205.166248 m658 machine_ct
3 205.166248 m659 machine_ct
3 205.166248 m660 machine_ct
3 205.166248 m661 machine_ct
3 205.166248 m662 machine_ct
3 205.166248 m663 machine_ct
3 205.166248 m664 machine_ct
3 205.166248 m665 machine_ct
3 205.166248 m666 machine_ct
3 205.166248 m667 machine_ct
3 205.166248 m668 machine_ct
3 205.166248 m669 machine_ct
3 205.166248 m670 machine_ct
3 205.166248 m671 machine_ct
3 205.166248 m672 machine_ct
3 205.166248 m673 machine_ct
3 205.166248 m674 machine_ct
3 205.166248 m675 machine_ct
3 205.166248 m676 machine_ct
3 205.166248 m677 machine_ct
3 205.166248 m678 machine_ct
3 205.166248 m679 machine_ct
3 205.166248 m680 machine_ct
3 205.166248 m681 machine_ct
3 205.166248 m682 machine_ct
3 205.166248 m683 machine_ct
3 205.166248 m684 machine_ct
3 205.166248 m685 machine_ct
3 205.166248 m686 machine_ct
3 205.166248 m687 machine_ct
3 205.166248 m688 machine_ct
3 205.166248 m689 machine_ct
3 205.166248 m690 machine_ct
3 205.166248 m691 machine_ct
3 205.166248 m692 machine_ct
3 205.166248 m693 machine_ct
3 205.166248 m694 machine_ct
3 205.166248 m695 machine_ct
3 205.166248 m696 machine_ct
3 205.166248 m697 machine_ct
3 205.166248 m698 machine_ct
3 205.166248 m699 machine_ct
3 205.166248 m700 machine_ct
3 205.166248 m701 machine_ct
3 205.166248 m702 machine_ct
3 205.166248 m703 machine_ct
3 205.166248 m704 machine_ct
3 205.166248 m705 machine_ct
3 205.166248 m706 machine_ct
3 205.166248 m707 machine_ct
3 205.166248 m708 machine_ct
3 205.166248 m709 machine_ct
3 205.166248 m710 machine_ct
3 205.166248 m711 machine_ct
3 205.166248 m712 machine_ct
3 205.166248 m713 machine_ct
3 205.166248 m714 machine_ct
3 205.166248 m715 machine_ct
3 205.166248 m716 machine_ct
3 205.166248 m717 machine_ct
3 205.166248 m718 machine_ct
3 205.166248 m719 machine_ct
3 205.166248 m720 machine_ct
3 205.166248 m721 machine_ct
3 205.166248 m722 machine_ct
3 205.166248 m723 machine_ct
3 205.166248 m724 machine_ct
3 205.166248 m725 machine_ct
3 205.166248 m726 machine_ct
3 205.166248 m727 machine_ct
3 205.166248 m728 machine_ct
3 205.166248 m729 machine_ct
3 205.166248 m730 machine_ct
3 205.166248 m731 machine_ct
3 205.166248 m732 machine_ct
3 205.166248 m733 machine_ct
3 205.166248 m734 machine_ct
3 205.166248 m735 machine_ct
3 205.166248 m736 machine_ct
3 205.166248 m737 machine_ct
3 205.166248 m738 machine_ct
3 205.166248 m739 machine_ct
3 205.166248 m740 machine_ct
3 205.166248 m741 machine_ct
3 205.166248 m742 machine_ct
3 205.166248 m743 machine_ct
3 205.166248 m744 machine_ct
3 205.166248 m745 machine_ct
3 205.166248 m746 machine_ct
3 205.166248 m747 machine_ct
3 205.166248 m748 machine_ct
3 205.166248 m749 machine_ct
3 205.166248 m750 machine_ct
3 205.166248 m751 machine_ct
3 205.166248 m752 machine_ct
3 205.166248 m753 machine_ct
3 205.166248 m754 machine_ct
3 205.166248 m755 machine_ct
3 205.166248 m756 machine_ct
3 205.166248 m757 machine_ct
3 205.166248 m758 machine_ct
3 205.166248 m759 machine_ct
3 205.166248 m760 machine_ct
3 205.166248 m761 machine_ct
3 205.166248 m762 machine_ct
3 205.166248 m763 machine_ct
3 205.166248 m764 machine_ct
3 205.166248 m765 machine_ct
3 205.166248 m766 machine_ct
3 205.166248 m767 machine_ct
3 205.166248 m768 machine_ct
3 205.166248 m769 machine_ct
3 205.166248 m770 machine_ct
3 205.166248 m771 machine_ct
3 205.166248 m772 machine_ct
3 205.166248 m773 machine_ct
3 205.166248 m774 machine_ct
3 205.166248 m775 machine_ct
3 205.166248 m776 machine_ct
3 205.166248 m777 machine_ct
3 205.166248 m778 machine_ct
3 205.166248 m779 machine_ct
3 205.166248 m780 machine_ct
3 205.166248 m781 machine_ct
3 205.166248 m782 machine_ct
3 205.166248 m783 machine_ct
3 205.166248 m784 machine_ct
3 205.166248 m785 machine_ct
3 205.166248 m786 machine_ct
3 205.166248 m787 machine_ct
3 205.166248 m788 machine_ct
3 205.166248 m789 machine_ct
3 205.166248 m790 machine_ct
3 205.166248 m791 machine_ct
3 205.166248 m792 machine_ct
3 205.166248 m793 machine_ct
3 205.166248 m794 machine_ct
3 205.166248 m795 machine_ct
3 205.166248 m796 machine_ct
3 205.166248 m797 machine_ct
3 205.166248 m798 machine_ct
3 205.166248 m799 machine_ct
3 205.166248 root root_ct
