time_s,event,job_id,class,replica,slot,policy,action,source_pool,target_pool,reason,pool_sizes,active_total_after,active_by_class_after
0.642215,start,w0!w000000__freemium,freemium,2,200,plb_nclass,own_pool,freemium,freemium,under_theta,"{""enterprise"": 1, ""freemium"": 1, ""mixed"": 5, ""premium"": 1}","{""2"": 1}","{""2"": {""freemium"": 1}}"
0.849197,start,w0!w000001__freemium,freemium,2,201,plb_nclass,own_pool,freemium,freemium,under_theta,"{""enterprise"": 1, ""freemium"": 1, ""mixed"": 5, ""premium"": 1}","{""2"": 2}","{""2"": {""freemium"": 2}}"
1.127565,start,w0!w000002__freemium,freemium,2,202,plb_nclass,own_pool,freemium,freemium,under_theta,"{""enterprise"": 1, ""freemium"": 1, ""mixed"": 5, ""premium"": 1}","{""2"": 3}","{""2"": {""freemium"": 3}}"
1.264784,start,w0!w000003__enterprise,enterprise,0,0,plb_nclass,own_pool,enterprise,enterprise,under_theta,"{""enterprise"": 1, ""freemium"": 1, ""mixed"": 5, ""premium"": 1}","{""0"": 1, ""2"": 3}","{""0"": {""enterprise"": 1}, ""2"": {""freemium"": 3}}"
1.358111,start,w0!w000004__enterprise,enterprise,0,1,plb_nclass,own_pool,enterprise,enterprise,under_theta,"{""enterprise"": 1, ""freemium"": 1, ""mixed"": 5, ""premium"": 1}","{""0"": 2, ""2"": 3}","{""0"": {""enterprise"": 2}, ""2"": {""freemium"": 3}}"
1.478232,start,w0!w000005__freemium,freemium,2,203,plb_nclass,own_pool,freemium,freemium,under_theta,"{""enterprise"": 1, ""freemium"": 1, ""mixed"": 5, ""premium"": 1}","{""0"": 2, ""2"": 4}","{""0"": {""enterprise"": 2}, ""2"": {""freemium"": 4}}"
1.681853,start,w0!w000006__freemium,freemium,2,204,plb_nclass,own_pool,freemium,freemium,under_theta,"{""enterprise"": 1, ""freemium"": 1, ""mixed"": 5, ""premium"": 1}","{""0"": 2, ""2"": 5}","{""0"": {""enterprise"": 2}, ""2"": {""freemium"": 5}}"
2.073763,start,w0!w000007__premium,premium,1,100,plb_nclass,own_pool,premium,premium,under_theta,"{""enterprise"": 1, ""freemium"": 1, ""mixed"": 5, ""premium"": 1}","{""0"": 2, ""1"": 1, ""2"": 5}","{""0"": {""enterprise"": 2}, ""1"": {""premium"": 1}, ""2"": {""freemium"": 5}}"
2.704478,start,w0!w000008__premium,premium,1,101,plb_nclass,own_pool,premium,premium,under_theta,"{""enterprise"": 1, ""freemium"": 1, ""mixed"": 5, ""premium"": 1}","{""0"": 2, ""1"": 2, ""2"": 5}","{""0"": {""enterprise"": 2}, ""1"": {""premium"": 2}, ""2"": {""freemium"": 5}}"
3.276327,start,w0!w000009__premium,premium,1,102,plb_nclass,own_pool,premium,premium,under_theta,"{""enterprise"": 1, ""freemium"": 1, ""mixed"": 5, ""premium"": 1}","{""0"": 2, ""1"": 3, ""2"": 5}","{""0"": {""enterprise"": 2}, ""1"": {""premium"": 3}, ""2"": {""freemium"": 5}}"
3.581972,start,w0!w000010__freemium,freemium,2,205,plb_nclass,own_pool,freemium,freemium,under_theta,"{""enterprise"": 1, ""freemium"": 1, ""mixed"": 5, ""premium"": 1}","{""0"": 2, ""1"": 3, ""2"": 6}","{""0"": {""enterprise"": 2}, ""1"": {""premium"": 3}, ""2"": {""freemium"": 6}}"
3.586398,start,w0!w000011__enterprise,enterprise,0,2,plb_nclass,own_pool,enterprise,enterprise,under_theta,"{""enterprise"": 1, ""freemium"": 1, ""mixed"": 5, ""premium"": 1}","{""0"": 3, ""1"": 3, ""2"": 6}","{""0"": {""enterprise"": 3}, ""1"": {""premium"": 3}, ""2"": {""freemium"": 6}}"
3.676297,start,w0!w000012__enterprise,enterprise,0,3,plb_nclass,own_pool,enterprise,enterprise,under_theta,"{""enterprise"": 1, ""freemium"": 1, ""mixed"": 5, ""premium"": 1}","{""0"": 4, ""1"": 3, ""2"": 6}","{""0"": {""enterprise"": 4}, ""1"": {""premium"": 3}, ""2"": {""freemium"": 6}}"
4.374377,start,w0!w000013__premium,premium,1,103,plb_nclass,own_pool,premium,premium,under_theta,"{""enterprise"": 1, ""freemium"": 1, ""mixed"": 5, ""premium"": 1}","{""0"": 4, ""1"": 4, ""2"": 6}","{""0"": {""enterprise"": 4}, ""1"": {""premium"": 4}, ""2"": {""freemium"": 6}}"
4.657087,start,w0!w000014__premium,premium,1,104,plb_nclass,own_pool,premium,premium,under_theta,"{""enterprise"": 1, ""freemium"": 1, ""mixed"": 5, ""premium"": 1}","{""0"": 4, ""1"": 5, ""2"": 6}","{""0"": {""enterprise"": 4}, ""1"": {""premium"": 5}, ""2"": {""freemium"": 6}}"
5.065847,start,w0!w000015__enterprise,enterprise,0,4,plb_nclass,own_pool,enterprise,enterprise,under_theta,"{""enterprise"": 1, ""freemium"": 1, ""mixed"": 5, ""premium"": 1}","{""0"": 5, ""1"": 5, ""2"": 6}","{""0"": {""enterprise"": 5}, ""1"": {""premium"": 5}, ""2"": {""freemium"": 6}}"
5.340604,start,w0!w000016__premium,premium,1,105,plb_nclass,own_pool,premium,premium,under_theta,"{""enterprise"": 1, ""freemium"": 1, ""mixed"": 5, ""premium"": 1}","{""0"": 5, ""1"": 6, ""2"": 6}","{""0"": {""enterprise"": 5}, ""1"": {""premium"": 6}, ""2"": {""freemium"": 6}}"
5.449162,start,w0!w000017__premium,premium,1,106,plb_nclass,own_pool,premium,premium,under_theta,"{""enterprise"": 1, ""freemium"": 1, ""mixed"": 5, ""premium"": 1}","{""0"": 5, ""1"": 7, ""2"": 6}","{""0"": {""enterprise"": 5}, ""1"": {""premium"": 7}, ""2"": {""freemium"": 6}}"
5.639513,start,w0!w000018__freemium,freemium,2,206,plb_nclass,own_pool,freemium,freemium,under_theta,"{""enterprise"": 1, ""freemium"": 1, ""mixed"": 5, ""premium"": 1}","{""0"": 5, ""1"": 7, ""2"": 7}","{""0"": {""enterprise"": 5}, ""1"": {""premium"": 7}, ""2"": {""freemium"": 7}}"
5.754497,start,w0!w000019__freemium,freemium,2,207,plb_nclass,own_pool,freemium,freemium,under_theta,"{""enterprise"": 1, ""freemium"": 1, ""mixed"": 5, ""premium"": 1}","{""0"": 5, ""1"": 7, ""2"": 8}","{""0"": {""enterprise"": 5}, ""1"": {""premium"": 7}, ""2"": {""freemium"": 8}}"
6.177081,start,w0!w000020__premium,premium,1,107,plb_nclass,own_pool,premium,premium,under_theta,"{""enterprise"": 1, ""freemium"": 1, ""mixed"": 5, ""premium"": 1}","{""0"": 5, ""1"": 8, ""2"": 8}","{""0"": {""enterprise"": 5}, ""1"": {""premium"": 8}, ""2"": {""freemium"": 8}}"
6.479548,start,w0!w000021__premium,premium,1,108,plb_nclass,own_pool,premium,premium,under_theta,"{""enterprise"": 1, ""freemium"": 1, ""mixed"": 5, ""premium"": 1}","{""0"": 5, ""1"": 9, ""2"": 8}","{""0"": {""enterprise"": 5}, ""1"": {""premium"": 9}, ""2"": {""freemium"": 8}}"
6.524914,start,w0!w000022__enterprise,enterprise,0,5,plb_nclass,own_pool,enterprise,enterprise,under_theta,"{""enterprise"": 1, ""freemium"": 1, ""mixed"": 5, ""premium"": 1}","{""0"": 6, ""1"": 9, ""2"": 8}","{""0"": {""enterprise"": 6}, ""1"": {""premium"": 9}, ""2"": {""freemium"": 8}}"
6.685602,start,w0!w000023__enterprise,enterprise,0,6,plb_nclass,own_pool,enterprise,enterprise,under_theta,"{""enterprise"": 1, ""freemium"": 1, ""mixed"": 5, ""premium"": 1}","{""0"": 7, ""1"": 9, ""2"": 8}","{""0"": {""enterprise"": 7}, ""1"": {""premium"": 9}, ""2"": {""freemium"": 8}}"
6.735907,start,w0!w000024__enterprise,enterprise,0,7,plb_nclass,own_pool,enterprise,enterprise,under_theta,"{""enterprise"": 1, ""freemium"": 1, ""mixed"": 5, ""premium"": 1}","{""0"": 8, ""1"": 9, ""2"": 8}","{""0"": {""enterprise"": 8}, ""1"": {""premium"": 9}, ""2"": {""freemium"": 8}}"
6.75734,start,w0!w000025__premium,premium,1,109,plb_nclass,own_pool,premium,premium,under_theta,"{""enterprise"": 1, ""freemium"": 1, ""mixed"": 5, ""premium"": 1}","{""0"": 8, ""1"": 10, ""2"": 8}","{""0"": {""enterprise"": 8}, ""1"": {""premium"": 10}, ""2"": {""freemium"": 8}}"
7.234204,start,w0!w000026__freemium,freemium,2,208,plb_nclass,own_pool,freemium,freemium,under_theta,"{""enterprise"": 1, ""freemium"": 1, ""mixed"": 5, ""premium"": 1}","{""0"": 8, ""1"": 10, ""2"": 9}","{""0"": {""enterprise"": 8}, ""1"": {""premium"": 10}, ""2"": {""freemium"": 9}}"
7.303093,start,w0!w000027__enterprise,enterprise,0,8,plb_nclass,own_pool,enterprise,enterprise,under_theta,"{""enterprise"": 1, ""freemium"": 1, ""mixed"": 5, ""premium"": 1}","{""0"": 9, ""1"": 10, ""2"": 9}","{""0"": {""enterprise"": 9}, ""1"": {""premium"": 10}, ""2"": {""freemium"": 9}}"
8.132033,start,w0!w000028__enterprise,enterprise,0,9,plb_nclass,own_pool,enterprise,enterprise,under_theta,"{""enterprise"": 1, ""freemium"": 1, ""mixed"": 5, ""premium"": 1}","{""0"": 10, ""1"": 10, ""2"": 9}","{""0"": {""enterprise"": 10}, ""1"": {""premium"": 10}, ""2"": {""freemium"": 9}}"
8.21232,start,w0!w000029__freemium,freemium,2,209,plb_nclass,own_pool,freemium,freemium,under_theta,"{""enterprise"": 1, ""freemium"": 1, ""mixed"": 5, ""premium"": 1}","{""0"": 10, ""1"": 10, ""2"": 10}","{""0"": {""enterprise"": 10}, ""1"": {""premium"": 10}, ""2"": {""freemium"": 10}}"
8.587141,start,w0!w000030__freemium,freemium,3,300,plb_nclass,borrow_mixed,mixed,freemium,own_pool_saturated,"{""enterprise"": 1, ""freemium"": 2, ""mixed"": 4, ""premium"": 1}","{""0"": 10, ""1"": 10, ""2"": 10, ""3"": 1, ""4"": 0, ""5"": 0, ""6"": 0, ""7"": 0}","{""0"": {""enterprise"": 10}, ""1"": {""premium"": 10}, ""2"": {""freemium"": 10}, ""3"": {""freemium"": 1}}"
8.619193,start,w0!w000031__enterprise,enterprise,4,400,plb_nclass,borrow_mixed,mixed,enterprise,own_pool_saturated,"{""enterprise"": 2, ""freemium"": 2, ""mixed"": 3, ""premium"": 1}","{""0"": 10, ""1"": 10, ""2"": 10, ""3"": 1, ""4"": 1, ""5"": 0, ""6"": 0, ""7"": 0}","{""0"": {""enterprise"": 10}, ""1"": {""premium"": 10}, ""2"": {""freemium"": 10}, ""3"": {""freemium"": 1}, ""4"": {""enterprise"": 1}}"
8.694156,start,w0!w000032__premium,premium,5,500,plb_nclass,borrow_mixed,mixed,premium,own_pool_saturated,"{""enterprise"": 2, ""freemium"": 2, ""mixed"": 2, ""premium"": 2}","{""0"": 10, ""1"": 10, ""2"": 10, ""3"": 1, ""4"": 1, ""5"": 1, ""6"": 0, ""7"": 0}","{""0"": {""enterprise"": 10}, ""1"": {""premium"": 10}, ""2"": {""freemium"": 10}, ""3"": {""freemium"": 1}, ""4"": {""enterprise"": 1}, ""5"": {""premium"": 1}}"
8.835645,start,w0!w000033__freemium,freemium,3,301,plb_nclass,own_pool,freemium,freemium,under_theta,"{""enterprise"": 2, ""freemium"": 2, ""mixed"": 2, ""premium"": 2}","{""0"": 10, ""1"": 10, ""2"": 10, ""3"": 2, ""4"": 1, ""5"": 1, ""6"": 0, ""7"": 0}","{""0"": {""enterprise"": 10}, ""1"": {""premium"": 10}, ""2"": {""freemium"": 10}, ""3"": {""freemium"": 2}, ""4"": {""enterprise"": 1}, ""5"": {""premium"": 1}}"
9.069285,start,w0!w000034__premium,premium,5,501,plb_nclass,own_pool,premium,premium,under_theta,"{""enterprise"": 2, ""freemium"": 2, ""mixed"": 2, ""premium"": 2}","{""0"": 10, ""1"": 10, ""2"": 10, ""3"": 2, ""4"": 1, ""5"": 2, ""6"": 0, ""7"": 0}","{""0"": {""enterprise"": 10}, ""1"": {""premium"": 10}, ""2"": {""freemium"": 10}, ""3"": {""freemium"": 2}, ""4"": {""enterprise"": 1}, ""5"": {""premium"": 2}}"
9.135429,start,w0!w000035__premium,premium,5,502,plb_nclass,own_pool,premium,premium,under_theta,"{""enterprise"": 2, ""freemium"": 2, ""mixed"": 2, ""premium"": 2}","{""0"": 10, ""1"": 10, ""2"": 10, ""3"": 2, ""4"": 1, ""5"": 3, ""6"": 0, ""7"": 0}","{""0"": {""enterprise"": 10}, ""1"": {""premium"": 10}, ""2"": {""freemium"": 10}, ""3"": {""freemium"": 2}, ""4"": {""enterprise"": 1}, ""5"": {""premium"": 3}}"
9.28464,start,w0!w000036__premium,premium,5,503,plb_nclass,own_pool,premium,premium,under_theta,"{""enterprise"": 2, ""freemium"": 2, ""mixed"": 2, ""premium"": 2}","{""0"": 10, ""1"": 10, ""2"": 10, ""3"": 2, ""4"": 1, ""5"": 4, ""6"": 0, ""7"": 0}","{""0"": {""enterprise"": 10}, ""1"": {""premium"": 10}, ""2"": {""freemium"": 10}, ""3"": {""freemium"": 2}, ""4"": {""enterprise"": 1}, ""5"": {""premium"": 4}}"
9.693539,start,w0!w000037__premium,premium,5,504,plb_nclass,own_pool,premium,premium,under_theta,"{""enterprise"": 2, ""freemium"": 2, ""mixed"": 2, ""premium"": 2}","{""0"": 10, ""1"": 10, ""2"": 10, ""3"": 2, ""4"": 1, ""5"": 5, ""6"": 0, ""7"": 0}","{""0"": {""enterprise"": 10}, ""1"": {""premium"": 10}, ""2"": {""freemium"": 10}, ""3"": {""freemium"": 2}, ""4"": {""enterprise"": 1}, ""5"": {""premium"": 5}}"
9.766178,start,w0!w000038__freemium,freemium,3,302,plb_nclass,own_pool,freemium,freemium,under_theta,"{""enterprise"": 2, ""freemium"": 2, ""mixed"": 2, ""premium"": 2}","{""0"": 10, ""1"": 10, ""2"": 10, ""3"": 3, ""4"": 1, ""5"": 5, ""6"": 0, ""7"": 0}","{""0"": {""enterprise"": 10}, ""1"": {""premium"": 10}, ""2"": {""freemium"": 10}, ""3"": {""freemium"": 3}, ""4"": {""enterprise"": 1}, ""5"": {""premium"": 5}}"
10.049861,start,w0!w000039__premium,premium,5,505,plb_nclass,own_pool,premium,premium,under_theta,"{""enterprise"": 2, ""freemium"": 2, ""mixed"": 2, ""premium"": 2}","{""0"": 10, ""1"": 10, ""2"": 10, ""3"": 3, ""4"": 1, ""5"": 6, ""6"": 0, ""7"": 0}","{""0"": {""enterprise"": 10}, ""1"": {""premium"": 10}, ""2"": {""freemium"": 10}, ""3"": {""freemium"": 3}, ""4"": {""enterprise"": 1}, ""5"": {""premium"": 6}}"
10.305361,start,w0!w000040__enterprise,enterprise,4,401,plb_nclass,own_pool,enterprise,enterprise,under_theta,"{""enterprise"": 2, ""freemium"": 2, ""mixed"": 2, ""premium"": 2}","{""0"": 10, ""1"": 10, ""2"": 10, ""3"": 3, ""4"": 2, ""5"": 6, ""6"": 0, ""7"": 0}","{""0"": {""enterprise"": 10}, ""1"": {""premium"": 10}, ""2"": {""freemium"": 10}, ""3"": {""freemium"": 3}, ""4"": {""enterprise"": 2}, ""5"": {""premium"": 6}}"
10.621592,start,w0!w000041__enterprise,enterprise,4,402,plb_nclass,own_pool,enterprise,enterprise,under_theta,"{""enterprise"": 2, ""freemium"": 2, ""mixed"": 2, ""premium"": 2}","{""0"": 10, ""1"": 10, ""2"": 10, ""3"": 3, ""4"": 3, ""5"": 6, ""6"": 0, ""7"": 0}","{""0"": {""enterprise"": 10}, ""1"": {""premium"": 10}, ""2"": {""freemium"": 10}, ""3"": {""freemium"": 3}, ""4"": {""enterprise"": 3}, ""5"": {""premium"": 6}}"
10.760736,start,w0!w000042__premium,premium,5,506,plb_nclass,own_pool,premium,premium,under_theta,"{""enterprise"": 2, ""freemium"": 2, ""mixed"": 2, ""premium"": 2}","{""0"": 10, ""1"": 10, ""2"": 10, ""3"": 3, ""4"": 3, ""5"": 7, ""6"": 0, ""7"": 0}","{""0"": {""enterprise"": 10}, ""1"": {""premium"": 10}, ""2"": {""freemium"": 10}, ""3"": {""freemium"": 3}, ""4"": {""enterprise"": 3}, ""5"": {""premium"": 7}}"
11.006205,start,w0!w000043__freemium,freemium,3,303,plb_nclass,own_pool,freemium,freemium,under_theta,"{""enterprise"": 2, ""freemium"": 2, ""mixed"": 2, ""premium"": 2}","{""0"": 10, ""1"": 10, ""2"": 10, ""3"": 4, ""4"": 3, ""5"": 7, ""6"": 0, ""7"": 0}","{""0"": {""enterprise"": 10}, ""1"": {""premium"": 10}, ""2"": {""freemium"": 10}, ""3"": {""freemium"": 4}, ""4"": {""enterprise"": 3}, ""5"": {""premium"": 7}}"
11.31424,start,w0!w000044__premium,premium,5,507,plb_nclass,own_pool,premium,premium,under_theta,"{""enterprise"": 2, ""freemium"": 2, ""mixed"": 2, ""premium"": 2}","{""0"": 10, ""1"": 10, ""2"": 10, ""3"": 4, ""4"": 3, ""5"": 8, ""6"": 0, ""7"": 0}","{""0"": {""enterprise"": 10}, ""1"": {""premium"": 10}, ""2"": {""freemium"": 10}, ""3"": {""freemium"": 4}, ""4"": {""enterprise"": 3}, ""5"": {""premium"": 8}}"
12.056107,start,w0!w000045__enterprise,enterprise,4,403,plb_nclass,own_pool,enterprise,enterprise,under_theta,"{""enterprise"": 2, ""freemium"": 2, ""mixed"": 2, ""premium"": 2}","{""0"": 10, ""1"": 10, ""2"": 10, ""3"": 4, ""4"": 4, ""5"": 8, ""6"": 0, ""7"": 0}","{""0"": {""enterprise"": 10}, ""1"": {""premium"": 10}, ""2"": {""freemium"": 10}, ""3"": {""freemium"": 4}, ""4"": {""enterprise"": 4}, ""5"": {""premium"": 8}}"
12.494798,finish,w0!w000001__freemium,freemium,2,201,plb_nclass,finish,,,,"{""enterprise"": 2, ""freemium"": 2, ""mixed"": 2, ""premium"": 2}","{""0"": 10, ""1"": 10, ""2"": 9, ""3"": 4, ""4"": 4, ""5"": 8, ""6"": 0, ""7"": 0}","{""0"": {""enterprise"": 10}, ""1"": {""premium"": 10}, ""2"": {""freemium"": 9}, ""3"": {""freemium"": 4}, ""4"": {""enterprise"": 4}, ""5"": {""premium"": 8}}"
13.030056,start,w0!w000046__enterprise,enterprise,4,404,plb_nclass,own_pool,enterprise,enterprise,under_theta,"{""enterprise"": 2, ""freemium"": 2, ""mixed"": 2, ""premium"": 2}","{""0"": 10, ""1"": 10, ""2"": 9, ""3"": 4, ""4"": 5, ""5"": 8, ""6"": 0, ""7"": 0}","{""0"": {""enterprise"": 10}, ""1"": {""premium"": 10}, ""2"": {""freemium"": 9}, ""3"": {""freemium"": 4}, ""4"": {""enterprise"": 5}, ""5"": {""premium"": 8}}"
13.057441,start,w0!w000047__enterprise,enterprise,4,405,plb_nclass,own_pool,enterprise,enterprise,under_theta,"{""enterprise"": 2, ""freemium"": 2, ""mixed"": 2, ""premium"": 2}","{""0"": 10, ""1"": 10, ""2"": 9, ""3"": 4, ""4"": 6, ""5"": 8, ""6"": 0, ""7"": 0}","{""0"": {""enterprise"": 10}, ""1"": {""premium"": 10}, ""2"": {""freemium"": 9}, ""3"": {""freemium"": 4}, ""4"": {""enterprise"": 6}, ""5"": {""premium"": 8}}"
13.09857,start,w0!w000048__enterprise,enterprise,4,406,plb_nclass,own_pool,enterprise,enterprise,under_theta,"{""enterprise"": 2, ""freemium"": 2, ""mixed"": 2, ""premium"": 2}","{""0"": 10, ""1"": 10, ""2"": 9, ""3"": 4, ""4"": 7, ""5"": 8, ""6"": 0, ""7"": 0}","{""0"": {""enterprise"": 10}, ""1"": {""premium"": 10}, ""2"": {""freemium"": 9}, ""3"": {""freemium"": 4}, ""4"": {""enterprise"": 7}, ""5"": {""premium"": 8}}"
13.123138,start,w0!w000049__freemium,freemium,3,304,plb_nclass,own_pool,freemium,freemium,under_theta,"{""enterprise"": 2, ""freemium"": 2, ""mixed"": 2, ""premium"": 2}","{""0"": 10, ""1"": 10, ""2"": 9, ""3"": 5, ""4"": 7, ""5"": 8, ""6"": 0, ""7"": 0}","{""0"": {""enterprise"": 10}, ""1"": {""premium"": 10}, ""2"": {""freemium"": 9}, ""3"": {""freemium"": 5}, ""4"": {""enterprise"": 7}, ""5"": {""premium"": 8}}"
13.196528,start,w0!w000050__freemium,freemium,3,305,plb_nclass,own_pool,freemium,freemium,under_theta,"{""enterprise"": 2, ""freemium"": 2, ""mixed"": 2, ""premium"": 2}","{""0"": 10, ""1"": 10, ""2"": 9, ""3"": 6, ""4"": 7, ""5"": 8, ""6"": 0, ""7"": 0}","{""0"": {""enterprise"": 10}, ""1"": {""premium"": 10}, ""2"": {""freemium"": 9}, ""3"": {""freemium"": 6}, ""4"": {""enterprise"": 7}, ""5"": {""premium"": 8}}"
13.258368,start,w0!w000051__enterprise,enterprise,4,407,plb_nclass,own_pool,enterprise,enterprise,under_theta,"{""enterprise"": 2, ""freemium"": 2, ""mixed"": 2, ""premium"": 2}","{""0"": 10, ""1"": 10, ""2"": 9, ""3"": 6, ""4"": 8, ""5"": 8, ""6"": 0, ""7"": 0}","{""0"": {""enterprise"": 10}, ""1"": {""premium"": 10}, ""2"": {""freemium"": 9}, ""3"": {""freemium"": 6}, ""4"": {""enterprise"": 8}, ""5"": {""premium"": 8}}"
13.263091,start,w0!w000052__premium,premium,5,508,plb_nclass,own_pool,premium,premium,under_theta,"{""enterprise"": 2, ""freemium"": 2, ""mixed"": 2, ""premium"": 2}","{""0"": 10, ""1"": 10, ""2"": 9, ""3"": 6, ""4"": 8, ""5"": 9, ""6"": 0, ""7"": 0}","{""0"": {""enterprise"": 10}, ""1"": {""premium"": 10}, ""2"": {""freemium"": 9}, ""3"": {""freemium"": 6}, ""4"": {""enterprise"": 8}, ""5"": {""premium"": 9}}"
13.326856,start,w0!w000053__premium,premium,5,509,plb_nclass,own_pool,premium,premium,under_theta,"{""enterprise"": 2, ""freemium"": 2, ""mixed"": 2, ""premium"": 2}","{""0"": 10, ""1"": 10, ""2"": 9, ""3"": 6, ""4"": 8, ""5"": 10, ""6"": 0, ""7"": 0}","{""0"": {""enterprise"": 10}, ""1"": {""premium"": 10}, ""2"": {""freemium"": 9}, ""3"": {""freemium"": 6}, ""4"": {""enterprise"": 8}, ""5"": {""premium"": 10}}"
13.999537,start,w0!w000054__enterprise,enterprise,4,408,plb_nclass,own_pool,enterprise,enterprise,under_theta,"{""enterprise"": 2, ""freemium"": 2, ""mixed"": 2, ""premium"": 2}","{""0"": 10, ""1"": 10, ""2"": 9, ""3"": 6, ""4"": 9, ""5"": 10, ""6"": 0, ""7"": 0}","{""0"": {""enterprise"": 10}, ""1"": {""premium"": 10}, ""2"": {""freemium"": 9}, ""3"": {""freemium"": 6}, ""4"": {""enterprise"": 9}, ""5"": {""premium"": 10}}"
14.08594,start,w0!w000055__freemium,freemium,3,306,plb_nclass,own_pool,freemium,freemium,under_theta,"{""enterprise"": 2, ""freemium"": 2, ""mixed"": 2, ""premium"": 2}","{""0"": 10, ""1"": 10, ""2"": 9, ""3"": 7, ""4"": 9, ""5"": 10, ""6"": 0, ""7"": 0}","{""0"": {""enterprise"": 10}, ""1"": {""premium"": 10}, ""2"": {""freemium"": 9}, ""3"": {""freemium"": 7}, ""4"": {""enterprise"": 9}, ""5"": {""premium"": 10}}"
14.74045,finish,w0!w000007__premium,premium,1,100,plb_nclass,finish,,,,"{""enterprise"": 2, ""freemium"": 2, ""mixed"": 2, ""premium"": 2}","{""0"": 10, ""1"": 9, ""2"": 9, ""3"": 7, ""4"": 9, ""5"": 10, ""6"": 0, ""7"": 0}","{""0"": {""enterprise"": 10}, ""1"": {""premium"": 9}, ""2"": {""freemium"": 9}, ""3"": {""freemium"": 7}, ""4"": {""enterprise"": 9}, ""5"": {""premium"": 10}}"
14.803766,start,w0!w000056__premium,premium,1,110,plb_nclass,own_pool,premium,premium,under_theta,"{""enterprise"": 2, ""freemium"": 2, ""mixed"": 2, ""premium"": 2}","{""0"": 10, ""1"": 10, ""2"": 9, ""3"": 7, ""4"": 9, ""5"": 10, ""6"": 0, ""7"": 0}","{""0"": {""enterprise"": 10}, ""1"": {""premium"": 10}, ""2"": {""freemium"": 9}, ""3"": {""freemium"": 7}, ""4"": {""enterprise"": 9}, ""5"": {""premium"": 10}}"
14.821197,start,w0!w000057__enterprise,enterprise,4,409,plb_nclass,own_pool,enterprise,enterprise,under_theta,"{""enterprise"": 2, ""freemium"": 2, ""mixed"": 2, ""premium"": 2}","{""0"": 10, ""1"": 10, ""2"": 9, ""3"": 7, ""4"": 10, ""5"": 10, ""6"": 0, ""7"": 0}","{""0"": {""enterprise"": 10}, ""1"": {""premium"": 10}, ""2"": {""freemium"": 9}, ""3"": {""freemium"": 7}, ""4"": {""enterprise"": 10}, ""5"": {""premium"": 10}}"
15.661757,start,w0!w000058__enterprise,enterprise,6,600,plb_nclass,borrow_mixed,mixed,enterprise,own_pool_saturated,"{""enterprise"": 3, ""freemium"": 2, ""mixed"": 1, ""premium"": 2}","{""0"": 10, ""1"": 10, ""2"": 9, ""3"": 7, ""4"": 10, ""5"": 10, ""6"": 1, ""7"": 0}","{""0"": {""enterprise"": 10}, ""1"": {""premium"": 10}, ""2"": {""freemium"": 9}, ""3"": {""freemium"": 7}, ""4"": {""enterprise"": 10}, ""5"": {""premium"": 10}, ""6"": {""enterprise"": 1}}"
15.855593,start,w0!w000059__freemium,freemium,3,307,plb_nclass,own_pool,freemium,freemium,under_theta,"{""enterprise"": 3, ""freemium"": 2, ""mixed"": 1, ""premium"": 2}","{""0"": 10, ""1"": 10, ""2"": 9, ""3"": 8, ""4"": 10, ""5"": 10, ""6"": 1, ""7"": 0}","{""0"": {""enterprise"": 10}, ""1"": {""premium"": 10}, ""2"": {""freemium"": 9}, ""3"": {""freemium"": 8}, ""4"": {""enterprise"": 10}, ""5"": {""premium"": 10}, ""6"": {""enterprise"": 1}}"
15.871388,start,w0!w000060__freemium,freemium,3,308,plb_nclass,own_pool,freemium,freemium,under_theta,"{""enterprise"": 3, ""freemium"": 2, ""mixed"": 1, ""premium"": 2}","{""0"": 10, ""1"": 10, ""2"": 9, ""3"": 9, ""4"": 10, ""5"": 10, ""6"": 1, ""7"": 0}","{""0"": {""enterprise"": 10}, ""1"": {""premium"": 10}, ""2"": {""freemium"": 9}, ""3"": {""freemium"": 9}, ""4"": {""enterprise"": 10}, ""5"": {""premium"": 10}, ""6"": {""enterprise"": 1}}"
15.916857,start,w0!w000061__premium,premium,7,700,plb_nclass,borrow_mixed,mixed,premium,own_pool_saturated,"{""enterprise"": 3, ""freemium"": 2, ""mixed"": 0, ""premium"": 3}","{""0"": 10, ""1"": 10, ""2"": 9, ""3"": 9, ""4"": 10, ""5"": 10, ""6"": 1, ""7"": 1}","{""0"": {""enterprise"": 10}, ""1"": {""premium"": 10}, ""2"": {""freemium"": 9}, ""3"": {""freemium"": 9}, ""4"": {""enterprise"": 10}, ""5"": {""premium"": 10}, ""6"": {""enterprise"": 1}, ""7"": {""premium"": 1}}"
16.102021,finish,w0!w000018__freemium,freemium,2,206,plb_nclass,finish,,,,"{""enterprise"": 3, ""freemium"": 2, ""mixed"": 0, ""premium"": 3}","{""0"": 10, ""1"": 10, ""2"": 8, ""3"": 9, ""4"": 10, ""5"": 10, ""6"": 1, ""7"": 1}","{""0"": {""enterprise"": 10}, ""1"": {""premium"": 10}, ""2"": {""freemium"": 8}, ""3"": {""freemium"": 9}, ""4"": {""enterprise"": 10}, ""5"": {""premium"": 10}, ""6"": {""enterprise"": 1}, ""7"": {""premium"": 1}}"
16.145568,start,w0!w000062__enterprise,enterprise,6,601,plb_nclass,own_pool,enterprise,enterprise,under_theta,"{""enterprise"": 3, ""freemium"": 2, ""mixed"": 0, ""premium"": 3}","{""0"": 10, ""1"": 10, ""2"": 8, ""3"": 9, ""4"": 10, ""5"": 10, ""6"": 2, ""7"": 1}","{""0"": {""enterprise"": 10}, ""1"": {""premium"": 10}, ""2"": {""freemium"": 8}, ""3"": {""freemium"": 9}, ""4"": {""enterprise"": 10}, ""5"": {""premium"": 10}, ""6"": {""enterprise"": 2}, ""7"": {""premium"": 1}}"
16.188526,start,w0!w000063__freemium,freemium,2,210,plb_nclass,own_pool,freemium,freemium,under_theta,"{""enterprise"": 3, ""freemium"": 2, ""mixed"": 0, ""premium"": 3}","{""0"": 10, ""1"": 10, ""2"": 9, ""3"": 9, ""4"": 10, ""5"": 10, ""6"": 2, ""7"": 1}","{""0"": {""enterprise"": 10}, ""1"": {""premium"": 10}, ""2"": {""freemium"": 9}, ""3"": {""freemium"": 9}, ""4"": {""enterprise"": 10}, ""5"": {""premium"": 10}, ""6"": {""enterprise"": 2}, ""7"": {""premium"": 1}}"
16.240308,start,w0!w000064__enterprise,enterprise,6,602,plb_nclass,own_pool,enterprise,enterprise,under_theta,"{""enterprise"": 3, ""freemium"": 2, ""mixed"": 0, ""premium"": 3}","{""0"": 10, ""1"": 10, ""2"": 9, ""3"": 9, ""4"": 10, ""5"": 10, ""6"": 3, ""7"": 1}","{""0"": {""enterprise"": 10}, ""1"": {""premium"": 10}, ""2"": {""freemium"": 9}, ""3"": {""freemium"": 9}, ""4"": {""enterprise"": 10}, ""5"": {""premium"": 10}, ""6"": {""enterprise"": 3}, ""7"": {""premium"": 1}}"
16.380478,start,w0!w000065__enterprise,enterprise,6,603,plb_nclass,own_pool,enterprise,enterprise,under_theta,"{""enterprise"": 3, ""freemium"": 2, ""mixed"": 0, ""premium"": 3}","{""0"": 10, ""1"": 10, ""2"": 9, ""3"": 9, ""4"": 10, ""5"": 10, ""6"": 4, ""7"": 1}","{""0"": {""enterprise"": 10}, ""1"": {""premium"": 10}, ""2"": {""freemium"": 9}, ""3"": {""freemium"": 9}, ""4"": {""enterprise"": 10}, ""5"": {""premium"": 10}, ""6"": {""enterprise"": 4}, ""7"": {""premium"": 1}}"
16.857413,finish,w0!w000004__enterprise,enterprise,0,1,plb_nclass,finish,,,,"{""enterprise"": 3, ""freemium"": 2, ""mixed"": 0, ""premium"": 3}","{""0"": 9, ""1"": 10, ""2"": 9, ""3"": 9, ""4"": 10, ""5"": 10, ""6"": 4, ""7"": 1}","{""0"": {""enterprise"": 9}, ""1"": {""premium"": 10}, ""2"": {""freemium"": 9}, ""3"": {""freemium"": 9}, ""4"": {""enterprise"": 10}, ""5"": {""premium"": 10}, ""6"": {""enterprise"": 4}, ""7"": {""premium"": 1}}"
17.267031,start,w0!w000066__premium,premium,7,701,plb_nclass,own_pool,premium,premium,under_theta,"{""enterprise"": 3, ""freemium"": 2, ""mixed"": 0, ""premium"": 3}","{""0"": 9, ""1"": 10, ""2"": 9, ""3"": 9, ""4"": 10, ""5"": 10, ""6"": 4, ""7"": 2}","{""0"": {""enterprise"": 9}, ""1"": {""premium"": 10}, ""2"": {""freemium"": 9}, ""3"": {""freemium"": 9}, ""4"": {""enterprise"": 10}, ""5"": {""premium"": 10}, ""6"": {""enterprise"": 4}, ""7"": {""premium"": 2}}"
17.305591,start,w0!w000067__premium,premium,7,702,plb_nclass,own_pool,premium,premium,under_theta,"{""enterprise"": 3, ""freemium"": 2, ""mixed"": 0, ""premium"": 3}","{""0"": 9, ""1"": 10, ""2"": 9, ""3"": 9, ""4"": 10, ""5"": 10, ""6"": 4, ""7"": 3}","{""0"": {""enterprise"": 9}, ""1"": {""premium"": 10}, ""2"": {""freemium"": 9}, ""3"": {""freemium"": 9}, ""4"": {""enterprise"": 10}, ""5"": {""premium"": 10}, ""6"": {""enterprise"": 4}, ""7"": {""premium"": 3}}"
17.311513,start,w0!w000068__freemium,freemium,2,211,plb_nclass,own_pool,freemium,freemium,under_theta,"{""enterprise"": 3, ""freemium"": 2, ""mixed"": 0, ""premium"": 3}","{""0"": 9, ""1"": 10, ""2"": 10, ""3"": 9, ""4"": 10, ""5"": 10, ""6"": 4, ""7"": 3}","{""0"": {""enterprise"": 9}, ""1"": {""premium"": 10}, ""2"": {""freemium"": 10}, ""3"": {""freemium"": 9}, ""4"": {""enterprise"": 10}, ""5"": {""premium"": 10}, ""6"": {""enterprise"": 4}, ""7"": {""premium"": 3}}"
17.793852,start,w0!w000069__enterprise,enterprise,6,604,plb_nclass,own_pool,enterprise,enterprise,under_theta,"{""enterprise"": 3, ""freemium"": 2, ""mixed"": 0, ""premium"": 3}","{""0"": 9, ""1"": 10, ""2"": 10, ""3"": 9, ""4"": 10, ""5"": 10, ""6"": 5, ""7"": 3}","{""0"": {""enterprise"": 9}, ""1"": {""premium"": 10}, ""2"": {""freemium"": 10}, ""3"": {""freemium"": 9}, ""4"": {""enterprise"": 10}, ""5"": {""premium"": 10}, ""6"": {""enterprise"": 5}, ""7"": {""premium"": 3}}"
18.335794,finish,w0!w000022__enterprise,enterprise,0,5,plb_nclass,finish,,,,"{""enterprise"": 3, ""freemium"": 2, ""mixed"": 0, ""premium"": 3}","{""0"": 8, ""1"": 10, ""2"": 10, ""3"": 9, ""4"": 10, ""5"": 10, ""6"": 5, ""7"": 3}","{""0"": {""enterprise"": 8}, ""1"": {""premium"": 10}, ""2"": {""freemium"": 10}, ""3"": {""freemium"": 9}, ""4"": {""enterprise"": 10}, ""5"": {""premium"": 10}, ""6"": {""enterprise"": 5}, ""7"": {""premium"": 3}}"
18.382462,finish,w0!w000026__freemium,freemium,2,208,plb_nclass,finish,,,,"{""enterprise"": 3, ""freemium"": 2, ""mixed"": 0, ""premium"": 3}","{""0"": 8, ""1"": 10, ""2"": 9, ""3"": 9, ""4"": 10, ""5"": 10, ""6"": 5, ""7"": 3}","{""0"": {""enterprise"": 8}, ""1"": {""premium"": 10}, ""2"": {""freemium"": 9}, ""3"": {""freemium"": 9}, ""4"": {""enterprise"": 10}, ""5"": {""premium"": 10}, ""6"": {""enterprise"": 5}, ""7"": {""premium"": 3}}"
18.398089,start,w0!w000070__enterprise,enterprise,6,605,plb_nclass,own_pool,enterprise,enterprise,under_theta,"{""enterprise"": 3, ""freemium"": 2, ""mixed"": 0, ""premium"": 3}","{""0"": 8, ""1"": 10, ""2"": 9, ""3"": 9, ""4"": 10, ""5"": 10, ""6"": 6, ""7"": 3}","{""0"": {""enterprise"": 8}, ""1"": {""premium"": 10}, ""2"": {""freemium"": 9}, ""3"": {""freemium"": 9}, ""4"": {""enterprise"": 10}, ""5"": {""premium"": 10}, ""6"": {""enterprise"": 6}, ""7"": {""premium"": 3}}"
18.998204,finish,w0!w000000__freemium,freemium,2,200,plb_nclass,finish,,,,"{""enterprise"": 3, ""freemium"": 2, ""mixed"": 0, ""premium"": 3}","{""0"": 8, ""1"": 10, ""2"": 8, ""3"": 9, ""4"": 10, ""5"": 10, ""6"": 6, ""7"": 3}","{""0"": {""enterprise"": 8}, ""1"": {""premium"": 10}, ""2"": {""freemium"": 8}, ""3"": {""freemium"": 9}, ""4"": {""enterprise"": 10}, ""5"": {""premium"": 10}, ""6"": {""enterprise"": 6}, ""7"": {""premium"": 3}}"
19.031597,start,w0!w000071__enterprise,enterprise,6,606,plb_nclass,own_pool,enterprise,enterprise,under_theta,"{""enterprise"": 3, ""freemium"": 2, ""mixed"": 0, ""premium"": 3}","{""0"": 8, ""1"": 10, ""2"": 8, ""3"": 9, ""4"": 10, ""5"": 10, ""6"": 7, ""7"": 3}","{""0"": {""enterprise"": 8}, ""1"": {""premium"": 10}, ""2"": {""freemium"": 8}, ""3"": {""freemium"": 9}, ""4"": {""enterprise"": 10}, ""5"": {""premium"": 10}, ""6"": {""enterprise"": 7}, ""7"": {""premium"": 3}}"
19.107966,start,w0!w000072__premium,premium,7,703,plb_nclass,own_pool,premium,premium,under_theta,"{""enterprise"": 3, ""freemium"": 2, ""mixed"": 0, ""premium"": 3}","{""0"": 8, ""1"": 10, ""2"": 8, ""3"": 9, ""4"": 10, ""5"": 10, ""6"": 7, ""7"": 4}","{""0"": {""enterprise"": 8}, ""1"": {""premium"": 10}, ""2"": {""freemium"": 8}, ""3"": {""freemium"": 9}, ""4"": {""enterprise"": 10}, ""5"": {""premium"": 10}, ""6"": {""enterprise"": 7}, ""7"": {""premium"": 4}}"
19.151375,start,w0!w000073__premium,premium,7,704,plb_nclass,own_pool,premium,premium,under_theta,"{""enterprise"": 3, ""freemium"": 2, ""mixed"": 0, ""premium"": 3}","{""0"": 8, ""1"": 10, ""2"": 8, ""3"": 9, ""4"": 10, ""5"": 10, ""6"": 7, ""7"": 5}","{""0"": {""enterprise"": 8}, ""1"": {""premium"": 10}, ""2"": {""freemium"": 8}, ""3"": {""freemium"": 9}, ""4"": {""enterprise"": 10}, ""5"": {""premium"": 10}, ""6"": {""enterprise"": 7}, ""7"": {""premium"": 5}}"
19.36767,start,w0!w000074__enterprise,enterprise,6,607,plb_nclass,own_pool,enterprise,enterprise,under_theta,"{""enterprise"": 3, ""freemium"": 2, ""mixed"": 0, ""premium"": 3}","{""0"": 8, ""1"": 10, ""2"": 8, ""3"": 9, ""4"": 10, ""5"": 10, ""6"": 8, ""7"": 5}","{""0"": {""enterprise"": 8}, ""1"": {""premium"": 10}, ""2"": {""freemium"": 8}, ""3"": {""freemium"": 9}, ""4"": {""enterprise"": 10}, ""5"": {""premium"": 10}, ""6"": {""enterprise"": 8}, ""7"": {""premium"": 5}}"
20.069196,finish,w0!w000006__freemium,freemium,2,204,plb_nclass,finish,,,,"{""enterprise"": 3, ""freemium"": 2, ""mixed"": 0, ""premium"": 3}","{""0"": 8, ""1"": 10, ""2"": 7, ""3"": 9, ""4"": 10, ""5"": 10, ""6"": 8, ""7"": 5}","{""0"": {""enterprise"": 8}, ""1"": {""premium"": 10}, ""2"": {""freemium"": 7}, ""3"": {""freemium"": 9}, ""4"": {""enterprise"": 10}, ""5"": {""premium"": 10}, ""6"": {""enterprise"": 8}, ""7"": {""premium"": 5}}"
20.18413,finish,w0!w000008__premium,premium,1,101,plb_nclass,finish,,,,"{""enterprise"": 3, ""freemium"": 2, ""mixed"": 0, ""premium"": 3}","{""0"": 8, ""1"": 9, ""2"": 7, ""3"": 9, ""4"": 10, ""5"": 10, ""6"": 8, ""7"": 5}","{""0"": {""enterprise"": 8}, ""1"": {""premium"": 9}, ""2"": {""freemium"": 7}, ""3"": {""freemium"": 9}, ""4"": {""enterprise"": 10}, ""5"": {""premium"": 10}, ""6"": {""enterprise"": 8}, ""7"": {""premium"": 5}}"
20.197763,finish,w0!w000015__enterprise,enterprise,0,4,plb_nclass,finish,,,,"{""enterprise"": 3, ""freemium"": 2, ""mixed"": 0, ""premium"": 3}","{""0"": 7, ""1"": 9, ""2"": 7, ""3"": 9, ""4"": 10, ""5"": 10, ""6"": 8, ""7"": 5}","{""0"": {""enterprise"": 7}, ""1"": {""premium"": 9}, ""2"": {""freemium"": 7}, ""3"": {""freemium"": 9}, ""4"": {""enterprise"": 10}, ""5"": {""premium"": 10}, ""6"": {""enterprise"": 8}, ""7"": {""premium"": 5}}"
20.315991,start,w0!w000075__premium,premium,7,705,plb_nclass,own_pool,premium,premium,under_theta,"{""enterprise"": 3, ""freemium"": 2, ""mixed"": 0, ""premium"": 3}","{""0"": 7, ""1"": 9, ""2"": 7, ""3"": 9, ""4"": 10, ""5"": 10, ""6"": 8, ""7"": 6}","{""0"": {""enterprise"": 7}, ""1"": {""premium"": 9}, ""2"": {""freemium"": 7}, ""3"": {""freemium"": 9}, ""4"": {""enterprise"": 10}, ""5"": {""premium"": 10}, ""6"": {""enterprise"": 8}, ""7"": {""premium"": 6}}"
20.439259,start,w0!w000076__premium,premium,7,706,plb_nclass,own_pool,premium,premium,under_theta,"{""enterprise"": 3, ""freemium"": 2, ""mixed"": 0, ""premium"": 3}","{""0"": 7, ""1"": 9, ""2"": 7, ""3"": 9, ""4"": 10, ""5"": 10, ""6"": 8, ""7"": 7}","{""0"": {""enterprise"": 7}, ""1"": {""premium"": 9}, ""2"": {""freemium"": 7}, ""3"": {""freemium"": 9}, ""4"": {""enterprise"": 10}, ""5"": {""premium"": 10}, ""6"": {""enterprise"": 8}, ""7"": {""premium"": 7}}"
20.768981,finish,w0!w000016__premium,premium,1,105,plb_nclass,finish,,,,"{""enterprise"": 3, ""freemium"": 2, ""mixed"": 0, ""premium"": 3}","{""0"": 7, ""1"": 8, ""2"": 7, ""3"": 9, ""4"": 10, ""5"": 10, ""6"": 8, ""7"": 7}","{""0"": {""enterprise"": 7}, ""1"": {""premium"": 8}, ""2"": {""freemium"": 7}, ""3"": {""freemium"": 9}, ""4"": {""enterprise"": 10}, ""5"": {""premium"": 10}, ""6"": {""enterprise"": 8}, ""7"": {""premium"": 7}}"
20.814204,finish,w0!w000012__enterprise,enterprise,0,3,plb_nclass,finish,,,,"{""enterprise"": 3, ""freemium"": 2, ""mixed"": 0, ""premium"": 3}","{""0"": 6, ""1"": 8, ""2"": 7, ""3"": 9, ""4"": 10, ""5"": 10, ""6"": 8, ""7"": 7}","{""0"": {""enterprise"": 6}, ""1"": {""premium"": 8}, ""2"": {""freemium"": 7}, ""3"": {""freemium"": 9}, ""4"": {""enterprise"": 10}, ""5"": {""premium"": 10}, ""6"": {""enterprise"": 8}, ""7"": {""premium"": 7}}"
20.945801,finish,w0!w000030__freemium,freemium,3,300,plb_nclass,finish,,,,"{""enterprise"": 3, ""freemium"": 2, ""mixed"": 0, ""premium"": 3}","{""0"": 6, ""1"": 8, ""2"": 7, ""3"": 8, ""4"": 10, ""5"": 10, ""6"": 8, ""7"": 7}","{""0"": {""enterprise"": 6}, ""1"": {""premium"": 8}, ""2"": {""freemium"": 7}, ""3"": {""freemium"": 8}, ""4"": {""enterprise"": 10}, ""5"": {""premium"": 10}, ""6"": {""enterprise"": 8}, ""7"": {""premium"": 7}}"
21.098316,start,w0!w000077__premium,premium,7,707,plb_nclass,own_pool,premium,premium,under_theta,"{""enterprise"": 3, ""freemium"": 2, ""mixed"": 0, ""premium"": 3}","{""0"": 6, ""1"": 8, ""2"": 7, ""3"": 8, ""4"": 10, ""5"": 10, ""6"": 8, ""7"": 8}","{""0"": {""enterprise"": 6}, ""1"": {""premium"": 8}, ""2"": {""freemium"": 7}, ""3"": {""freemium"": 8}, ""4"": {""enterprise"": 10}, ""5"": {""premium"": 10}, ""6"": {""enterprise"": 8}, ""7"": {""premium"": 8}}"
21.334981,start,w0!w000078__enterprise,enterprise,0,10,plb_nclass,own_pool,enterprise,enterprise,under_theta,"{""enterprise"": 3, ""freemium"": 2, ""mixed"": 0, ""premium"": 3}","{""0"": 7, ""1"": 8, ""2"": 7, ""3"": 8, ""4"": 10, ""5"": 10, ""6"": 8, ""7"": 8}","{""0"": {""enterprise"": 7}, ""1"": {""premium"": 8}, ""2"": {""freemium"": 7}, ""3"": {""freemium"": 8}, ""4"": {""enterprise"": 10}, ""5"": {""premium"": 10}, ""6"": {""enterprise"": 8}, ""7"": {""premium"": 8}}"
21.578263,start,w0!w000079__enterprise,enterprise,0,11,plb_nclass,own_pool,enterprise,enterprise,under_theta,"{""enterprise"": 3, ""freemium"": 2, ""mixed"": 0, ""premium"": 3}","{""0"": 8, ""1"": 8, ""2"": 7, ""3"": 8, ""4"": 10, ""5"": 10, ""6"": 8, ""7"": 8}","{""0"": {""enterprise"": 8}, ""1"": {""premium"": 8}, ""2"": {""freemium"": 7}, ""3"": {""freemium"": 8}, ""4"": {""enterprise"": 10}, ""5"": {""premium"": 10}, ""6"": {""enterprise"": 8}, ""7"": {""premium"": 8}}"
21.763981,finish,w0!w000010__freemium,freemium,2,205,plb_nclass,finish,,,,"{""enterprise"": 3, ""freemium"": 2, ""mixed"": 0, ""premium"": 3}","{""0"": 8, ""1"": 8, ""2"": 6, ""3"": 8, ""4"": 10, ""5"": 10, ""6"": 8, ""7"": 8}","{""0"": {""enterprise"": 8}, ""1"": {""premium"": 8}, ""2"": {""freemium"": 6}, ""3"": {""freemium"": 8}, ""4"": {""enterprise"": 10}, ""5"": {""premium"": 10}, ""6"": {""enterprise"": 8}, ""7"": {""premium"": 8}}"
21.981698,start,w0!w000080__premium,premium,1,111,plb_nclass,own_pool,premium,premium,under_theta,"{""enterprise"": 3, ""freemium"": 2, ""mixed"": 0, ""premium"": 3}","{""0"": 8, ""1"": 9, ""2"": 6, ""3"": 8, ""4"": 10, ""5"": 10, ""6"": 8, ""7"": 8}","{""0"": {""enterprise"": 8}, ""1"": {""premium"": 9}, ""2"": {""freemium"": 6}, ""3"": {""freemium"": 8}, ""4"": {""enterprise"": 10}, ""5"": {""premium"": 10}, ""6"": {""enterprise"": 8}, ""7"": {""premium"": 8}}"
22.493257,start,w0!w000081__enterprise,enterprise,0,12,plb_nclass,own_pool,enterprise,enterprise,under_theta,"{""enterprise"": 3, ""freemium"": 2, ""mixed"": 0, ""premium"": 3}","{""0"": 9, ""1"": 9, ""2"": 6, ""3"": 8, ""4"": 10, ""5"": 10, ""6"": 8, ""7"": 8}","{""0"": {""enterprise"": 9}, ""1"": {""premium"": 9}, ""2"": {""freemium"": 6}, ""3"": {""freemium"": 8}, ""4"": {""enterprise"": 10}, ""5"": {""premium"": 10}, ""6"": {""enterprise"": 8}, ""7"": {""premium"": 8}}"
22.638588,start,w0!w000082__freemium,freemium,2,212,plb_nclass,own_pool,freemium,freemium,under_theta,"{""enterprise"": 3, ""freemium"": 2, ""mixed"": 0, ""premium"": 3}","{""0"": 9, ""1"": 9, ""2"": 7, ""3"": 8, ""4"": 10, ""5"": 10, ""6"": 8, ""7"": 8}","{""0"": {""enterprise"": 9}, ""1"": {""premium"": 9}, ""2"": {""freemium"": 7}, ""3"": {""freemium"": 8}, ""4"": {""enterprise"": 10}, ""5"": {""premium"": 10}, ""6"": {""enterprise"": 8}, ""7"": {""premium"": 8}}"
22.717535,finish,w0!w000043__freemium,freemium,3,303,plb_nclass,finish,,,,"{""enterprise"": 3, ""freemium"": 2, ""mixed"": 0, ""premium"": 3}","{""0"": 9, ""1"": 9, ""2"": 7, ""3"": 7, ""4"": 10, ""5"": 10, ""6"": 8, ""7"": 8}","{""0"": {""enterprise"": 9}, ""1"": {""premium"": 9}, ""2"": {""freemium"": 7}, ""3"": {""freemium"": 7}, ""4"": {""enterprise"": 10}, ""5"": {""premium"": 10}, ""6"": {""enterprise"": 8}, ""7"": {""premium"": 8}}"
22.875762,start,w0!w000083__enterprise,enterprise,6,608,plb_nclass,own_pool,enterprise,enterprise,under_theta,"{""enterprise"": 3, ""freemium"": 2, ""mixed"": 0, ""premium"": 3}","{""0"": 9, ""1"": 9, ""2"": 7, ""3"": 7, ""4"": 10, ""5"": 10, ""6"": 9, ""7"": 8}","{""0"": {""enterprise"": 9}, ""1"": {""premium"": 9}, ""2"": {""freemium"": 7}, ""3"": {""freemium"": 7}, ""4"": {""enterprise"": 10}, ""5"": {""premium"": 10}, ""6"": {""enterprise"": 9}, ""7"": {""premium"": 8}}"
22.884702,finish,w0!w000041__enterprise,enterprise,4,402,plb_nclass,finish,,,,"{""enterprise"": 3, ""freemium"": 2, ""mixed"": 0, ""premium"": 3}","{""0"": 9, ""1"": 9, ""2"": 7, ""3"": 7, ""4"": 9, ""5"": 10, ""6"": 9, ""7"": 8}","{""0"": {""enterprise"": 9}, ""1"": {""premium"": 9}, ""2"": {""freemium"": 7}, ""3"": {""freemium"": 7}, ""4"": {""enterprise"": 9}, ""5"": {""premium"": 10}, ""6"": {""enterprise"": 9}, ""7"": {""premium"": 8}}"
23.287293,finish,w0!w000003__enterprise,enterprise,0,0,plb_nclass,finish,,,,"{""enterprise"": 3, ""freemium"": 2, ""mixed"": 0, ""premium"": 3}","{""0"": 8, ""1"": 9, ""2"": 7, ""3"": 7, ""4"": 9, ""5"": 10, ""6"": 9, ""7"": 8}","{""0"": {""enterprise"": 8}, ""1"": {""premium"": 9}, ""2"": {""freemium"": 7}, ""3"": {""freemium"": 7}, ""4"": {""enterprise"": 9}, ""5"": {""premium"": 10}, ""6"": {""enterprise"": 9}, ""7"": {""premium"": 8}}"
23.357371,start,w0!w000084__enterprise,enterprise,0,13,plb_nclass,own_pool,enterprise,enterprise,under_theta,"{""enterprise"": 3, ""freemium"": 2, ""mixed"": 0, ""premium"": 3}","{""0"": 9, ""1"": 9, ""2"": 7, ""3"": 7, ""4"": 9, ""5"": 10, ""6"": 9, ""7"": 8}","{""0"": {""enterprise"": 9}, ""1"": {""premium"": 9}, ""2"": {""freemium"": 7}, ""3"": {""freemium"": 7}, ""4"": {""enterprise"": 9}, ""5"": {""premium"": 10}, ""6"": {""enterprise"": 9}, ""7"": {""premium"": 8}}"
23.604813,finish,w0!w000031__enterprise,enterprise,4,400,plb_nclass,finish,,,,"{""enterprise"": 3, ""freemium"": 2, ""mixed"": 0, ""premium"": 3}","{""0"": 9, ""1"": 9, ""2"": 7, ""3"": 7, ""4"": 8, ""5"": 10, ""6"": 9, ""7"": 8}","{""0"": {""enterprise"": 9}, ""1"": {""premium"": 9}, ""2"": {""freemium"": 7}, ""3"": {""freemium"": 7}, ""4"": {""enterprise"": 8}, ""5"": {""premium"": 10}, ""6"": {""enterprise"": 9}, ""7"": {""premium"": 8}}"
23.712471,finish,w0!w000021__premium,premium,1,108,plb_nclass,finish,,,,"{""enterprise"": 3, ""freemium"": 2, ""mixed"": 0, ""premium"": 3}","{""0"": 9, ""1"": 8, ""2"": 7, ""3"": 7, ""4"": 8, ""5"": 10, ""6"": 9, ""7"": 8}","{""0"": {""enterprise"": 9}, ""1"": {""premium"": 8}, ""2"": {""freemium"": 7}, ""3"": {""freemium"": 7}, ""4"": {""enterprise"": 8}, ""5"": {""premium"": 10}, ""6"": {""enterprise"": 9}, ""7"": {""premium"": 8}}"
23.957916,start,w0!w000085__premium,premium,1,112,plb_nclass,own_pool,premium,premium,under_theta,"{""enterprise"": 3, ""freemium"": 2, ""mixed"": 0, ""premium"": 3}","{""0"": 9, ""1"": 9, ""2"": 7, ""3"": 7, ""4"": 8, ""5"": 10, ""6"": 9, ""7"": 8}","{""0"": {""enterprise"": 9}, ""1"": {""premium"": 9}, ""2"": {""freemium"": 7}, ""3"": {""freemium"": 7}, ""4"": {""enterprise"": 8}, ""5"": {""premium"": 10}, ""6"": {""enterprise"": 9}, ""7"": {""premium"": 8}}"
24.222755,start,w0!w000086__freemium,freemium,2,213,plb_nclass,own_pool,freemium,freemium,under_theta,"{""enterprise"": 3, ""freemium"": 2, ""mixed"": 0, ""premium"": 3}","{""0"": 9, ""1"": 9, ""2"": 8, ""3"": 7, ""4"": 8, ""5"": 10, ""6"": 9, ""7"": 8}","{""0"": {""enterprise"": 9}, ""1"": {""premium"": 9}, ""2"": {""freemium"": 8}, ""3"": {""freemium"": 7}, ""4"": {""enterprise"": 8}, ""5"": {""premium"": 10}, ""6"": {""enterprise"": 9}, ""7"": {""premium"": 8}}"
24.371459,start,w0!w000087__freemium,freemium,3,309,plb_nclass,own_pool,freemium,freemium,under_theta,"{""enterprise"": 3, ""freemium"": 2, ""mixed"": 0, ""premium"": 3}","{""0"": 9, ""1"": 9, ""2"": 8, ""3"": 8, ""4"": 8, ""5"": 10, ""6"": 9, ""7"": 8}","{""0"": {""enterprise"": 9}, ""1"": {""premium"": 9}, ""2"": {""freemium"": 8}, ""3"": {""freemium"": 8}, ""4"": {""enterprise"": 8}, ""5"": {""premium"": 10}, ""6"": {""enterprise"": 9}, ""7"": {""premium"": 8}}"
24.561002,finish,w0!w000027__enterprise,enterprise,0,8,plb_nclass,finish,,,,"{""enterprise"": 3, ""freemium"": 2, ""mixed"": 0, ""premium"": 3}","{""0"": 8, ""1"": 9, ""2"": 8, ""3"": 8, ""4"": 8, ""5"": 10, ""6"": 9, ""7"": 8}","{""0"": {""enterprise"": 8}, ""1"": {""premium"": 9}, ""2"": {""freemium"": 8}, ""3"": {""freemium"": 8}, ""4"": {""enterprise"": 8}, ""5"": {""premium"": 10}, ""6"": {""enterprise"": 9}, ""7"": {""premium"": 8}}"
25.024491,start,w0!w000088__freemium,freemium,2,214,plb_nclass,own_pool,freemium,freemium,under_theta,"{""enterprise"": 3, ""freemium"": 2, ""mixed"": 0, ""premium"": 3}","{""0"": 8, ""1"": 9, ""2"": 9, ""3"": 8, ""4"": 8, ""5"": 10, ""6"": 9, ""7"": 8}","{""0"": {""enterprise"": 8}, ""1"": {""premium"": 9}, ""2"": {""freemium"": 9}, ""3"": {""freemium"": 8}, ""4"": {""enterprise"": 8}, ""5"": {""premium"": 10}, ""6"": {""enterprise"": 9}, ""7"": {""premium"": 8}}"
25.298257,finish,w0!w000052__premium,premium,5,508,plb_nclass,finish,,,,"{""enterprise"": 3, ""freemium"": 2, ""mixed"": 0, ""premium"": 3}","{""0"": 8, ""1"": 9, ""2"": 9, ""3"": 8, ""4"": 8, ""5"": 9, ""6"": 9, ""7"": 8}","{""0"": {""enterprise"": 8}, ""1"": {""premium"": 9}, ""2"": {""freemium"": 9}, ""3"": {""freemium"": 8}, ""4"": {""enterprise"": 8}, ""5"": {""premium"": 9}, ""6"": {""enterprise"": 9}, ""7"": {""premium"": 8}}"
25.623193,finish,w0!w000013__premium,premium,1,103,plb_nclass,finish,,,,"{""enterprise"": 3, ""freemium"": 2, ""mixed"": 0, ""premium"": 3}","{""0"": 8, ""1"": 8, ""2"": 9, ""3"": 8, ""4"": 8, ""5"": 9, ""6"": 9, ""7"": 8}","{""0"": {""enterprise"": 8}, ""1"": {""premium"": 8}, ""2"": {""freemium"": 9}, ""3"": {""freemium"": 8}, ""4"": {""enterprise"": 8}, ""5"": {""premium"": 9}, ""6"": {""enterprise"": 9}, ""7"": {""premium"": 8}}"
25.63853,finish,w0!w000037__premium,premium,5,504,plb_nclass,finish,,,,"{""enterprise"": 3, ""freemium"": 2, ""mixed"": 0, ""premium"": 3}","{""0"": 8, ""1"": 8, ""2"": 9, ""3"": 8, ""4"": 8, ""5"": 8, ""6"": 9, ""7"": 8}","{""0"": {""enterprise"": 8}, ""1"": {""premium"": 8}, ""2"": {""freemium"": 9}, ""3"": {""freemium"": 8}, ""4"": {""enterprise"": 8}, ""5"": {""premium"": 8}, ""6"": {""enterprise"": 9}, ""7"": {""premium"": 8}}"
25.725187,finish,w0!w000049__freemium,freemium,3,304,plb_nclass,finish,,,,"{""enterprise"": 3, ""freemium"": 2, ""mixed"": 0, ""premium"": 3}","{""0"": 8, ""1"": 8, ""2"": 9, ""3"": 7, ""4"": 8, ""5"": 8, ""6"": 9, ""7"": 8}","{""0"": {""enterprise"": 8}, ""1"": {""premium"": 8}, ""2"": {""freemium"": 9}, ""3"": {""freemium"": 7}, ""4"": {""enterprise"": 8}, ""5"": {""premium"": 8}, ""6"": {""enterprise"": 9}, ""7"": {""premium"": 8}}"
25.732581,start,w0!w000089__enterprise,enterprise,0,14,plb_nclass,own_pool,enterprise,enterprise,under_theta,"{""enterprise"": 3, ""freemium"": 2, ""mixed"": 0, ""premium"": 3}","{""0"": 9, ""1"": 8, ""2"": 9, ""3"": 7, ""4"": 8, ""5"": 8, ""6"": 9, ""7"": 8}","{""0"": {""enterprise"": 9}, ""1"": {""premium"": 8}, ""2"": {""freemium"": 9}, ""3"": {""freemium"": 7}, ""4"": {""enterprise"": 8}, ""5"": {""premium"": 8}, ""6"": {""enterprise"": 9}, ""7"": {""premium"": 8}}"
26.128566,finish,w0!w000017__premium,premium,1,106,plb_nclass,finish,,,,"{""enterprise"": 3, ""freemium"": 2, ""mixed"": 0, ""premium"": 3}","{""0"": 9, ""1"": 7, ""2"": 9, ""3"": 7, ""4"": 8, ""5"": 8, ""6"": 9, ""7"": 8}","{""0"": {""enterprise"": 9}, ""1"": {""premium"": 7}, ""2"": {""freemium"": 9}, ""3"": {""freemium"": 7}, ""4"": {""enterprise"": 8}, ""5"": {""premium"": 8}, ""6"": {""enterprise"": 9}, ""7"": {""premium"": 8}}"
26.350642,start,w0!w000090__premium,premium,1,113,plb_nclass,own_pool,premium,premium,under_theta,"{""enterprise"": 3, ""freemium"": 2, ""mixed"": 0, ""premium"": 3}","{""0"": 9, ""1"": 8, ""2"": 9, ""3"": 7, ""4"": 8, ""5"": 8, ""6"": 9, ""7"": 8}","{""0"": {""enterprise"": 9}, ""1"": {""premium"": 8}, ""2"": {""freemium"": 9}, ""3"": {""freemium"": 7}, ""4"": {""enterprise"": 8}, ""5"": {""premium"": 8}, ""6"": {""enterprise"": 9}, ""7"": {""premium"": 8}}"
26.44696,start,w0!w000091__freemium,freemium,3,310,plb_nclass,own_pool,freemium,freemium,under_theta,"{""enterprise"": 3, ""freemium"": 2, ""mixed"": 0, ""premium"": 3}","{""0"": 9, ""1"": 8, ""2"": 9, ""3"": 8, ""4"": 8, ""5"": 8, ""6"": 9, ""7"": 8}","{""0"": {""enterprise"": 9}, ""1"": {""premium"": 8}, ""2"": {""freemium"": 9}, ""3"": {""freemium"": 8}, ""4"": {""enterprise"": 8}, ""5"": {""premium"": 8}, ""6"": {""enterprise"": 9}, ""7"": {""premium"": 8}}"
26.722061,finish,w0!w000019__freemium,freemium,2,207,plb_nclass,finish,,,,"{""enterprise"": 3, ""freemium"": 2, ""mixed"": 0, ""premium"": 3}","{""0"": 9, ""1"": 8, ""2"": 8, ""3"": 8, ""4"": 8, ""5"": 8, ""6"": 9, ""7"": 8}","{""0"": {""enterprise"": 9}, ""1"": {""premium"": 8}, ""2"": {""freemium"": 8}, ""3"": {""freemium"": 8}, ""4"": {""enterprise"": 8}, ""5"": {""premium"": 8}, ""6"": {""enterprise"": 9}, ""7"": {""premium"": 8}}"
26.884677,start,w0!w000092__enterprise,enterprise,4,410,plb_nclass,own_pool,enterprise,enterprise,under_theta,"{""enterprise"": 3, ""freemium"": 2, ""mixed"": 0, ""premium"": 3}","{""0"": 9, ""1"": 8, ""2"": 8, ""3"": 8, ""4"": 9, ""5"": 8, ""6"": 9, ""7"": 8}","{""0"": {""enterprise"": 9}, ""1"": {""premium"": 8}, ""2"": {""freemium"": 8}, ""3"": {""freemium"": 8}, ""4"": {""enterprise"": 9}, ""5"": {""premium"": 8}, ""6"": {""enterprise"": 9}, ""7"": {""premium"": 8}}"
26.928158,finish,w0!w000005__freemium,freemium,2,203,plb_nclass,finish,,,,"{""enterprise"": 3, ""freemium"": 2, ""mixed"": 0, ""premium"": 3}","{""0"": 9, ""1"": 8, ""2"": 7, ""3"": 8, ""4"": 9, ""5"": 8, ""6"": 9, ""7"": 8}","{""0"": {""enterprise"": 9}, ""1"": {""premium"": 8}, ""2"": {""freemium"": 7}, ""3"": {""freemium"": 8}, ""4"": {""enterprise"": 9}, ""5"": {""premium"": 8}, ""6"": {""enterprise"": 9}, ""7"": {""premium"": 8}}"
27.142225,start,w0!w000093__freemium,freemium,2,215,plb_nclass,own_pool,freemium,freemium,under_theta,"{""enterprise"": 3, ""freemium"": 2, ""mixed"": 0, ""premium"": 3}","{""0"": 9, ""1"": 8, ""2"": 8, ""3"": 8, ""4"": 9, ""5"": 8, ""6"": 9, ""7"": 8}","{""0"": {""enterprise"": 9}, ""1"": {""premium"": 8}, ""2"": {""freemium"": 8}, ""3"": {""freemium"": 8}, ""4"": {""enterprise"": 9}, ""5"": {""premium"": 8}, ""6"": {""enterprise"": 9}, ""7"": {""premium"": 8}}"
27.237163,finish,w0!w000028__enterprise,enterprise,0,9,plb_nclass,finish,,,,"{""enterprise"": 3, ""freemium"": 2, ""mixed"": 0, ""premium"": 3}","{""0"": 8, ""1"": 8, ""2"": 8, ""3"": 8, ""4"": 9, ""5"": 8, ""6"": 9, ""7"": 8}","{""0"": {""enterprise"": 8}, ""1"": {""premium"": 8}, ""2"": {""freemium"": 8}, ""3"": {""freemium"": 8}, ""4"": {""enterprise"": 9}, ""5"": {""premium"": 8}, ""6"": {""enterprise"": 9}, ""7"": {""premium"": 8}}"
27.404448,start,w0!w000094__freemium,freemium,2,216,plb_nclass,own_pool,freemium,freemium,under_theta,"{""enterprise"": 3, ""freemium"": 2, ""mixed"": 0, ""premium"": 3}","{""0"": 8, ""1"": 8, ""2"": 9, ""3"": 8, ""4"": 9, ""5"": 8, ""6"": 9, ""7"": 8}","{""0"": {""enterprise"": 8}, ""1"": {""premium"": 8}, ""2"": {""freemium"": 9}, ""3"": {""freemium"": 8}, ""4"": {""enterprise"": 9}, ""5"": {""premium"": 8}, ""6"": {""enterprise"": 9}, ""7"": {""premium"": 8}}"
27.56588,finish,w0!w000042__premium,premium,5,506,plb_nclass,finish,,,,"{""enterprise"": 3, ""freemium"": 2, ""mixed"": 0, ""premium"": 3}","{""0"": 8, ""1"": 8, ""2"": 9, ""3"": 8, ""4"": 9, ""5"": 7, ""6"": 9, ""7"": 8}","{""0"": {""enterprise"": 8}, ""1"": {""premium"": 8}, ""2"": {""freemium"": 9}, ""3"": {""freemium"": 8}, ""4"": {""enterprise"": 9}, ""5"": {""premium"": 7}, ""6"": {""enterprise"": 9}, ""7"": {""premium"": 8}}"
28.182503,finish,w0!w000033__freemium,freemium,3,301,plb_nclass,finish,,,,"{""enterprise"": 3, ""freemium"": 2, ""mixed"": 0, ""premium"": 3}","{""0"": 8, ""1"": 8, ""2"": 9, ""3"": 7, ""4"": 9, ""5"": 7, ""6"": 9, ""7"": 8}","{""0"": {""enterprise"": 8}, ""1"": {""premium"": 8}, ""2"": {""freemium"": 9}, ""3"": {""freemium"": 7}, ""4"": {""enterprise"": 9}, ""5"": {""premium"": 7}, ""6"": {""enterprise"": 9}, ""7"": {""premium"": 8}}"
28.196464,finish,w0!w000002__freemium,freemium,2,202,plb_nclass,finish,,,,"{""enterprise"": 3, ""freemium"": 2, ""mixed"": 0, ""premium"": 3}","{""0"": 8, ""1"": 8, ""2"": 8, ""3"": 7, ""4"": 9, ""5"": 7, ""6"": 9, ""7"": 8}","{""0"": {""enterprise"": 8}, ""1"": {""premium"": 8}, ""2"": {""freemium"": 8}, ""3"": {""freemium"": 7}, ""4"": {""enterprise"": 9}, ""5"": {""premium"": 7}, ""6"": {""enterprise"": 9}, ""7"": {""premium"": 8}}"
28.360688,start,w0!w000095__freemium,freemium,3,311,plb_nclass,own_pool,freemium,freemium,under_theta,"{""enterprise"": 3, ""freemium"": 2, ""mixed"": 0, ""premium"": 3}","{""0"": 8, ""1"": 8, ""2"": 8, ""3"": 8, ""4"": 9, ""5"": 7, ""6"": 9, ""7"": 8}","{""0"": {""enterprise"": 8}, ""1"": {""premium"": 8}, ""2"": {""freemium"": 8}, ""3"": {""freemium"": 8}, ""4"": {""enterprise"": 9}, ""5"": {""premium"": 7}, ""6"": {""enterprise"": 9}, ""7"": {""premium"": 8}}"
28.370228,finish,w0!w000060__freemium,freemium,3,308,plb_nclass,finish,,,,"{""enterprise"": 3, ""freemium"": 2, ""mixed"": 0, ""premium"": 3}","{""0"": 8, ""1"": 8, ""2"": 8, ""3"": 7, ""4"": 9, ""5"": 7, ""6"": 9, ""7"": 8}","{""0"": {""enterprise"": 8}, ""1"": {""premium"": 8}, ""2"": {""freemium"": 8}, ""3"": {""freemium"": 7}, ""4"": {""enterprise"": 9}, ""5"": {""premium"": 7}, ""6"": {""enterprise"": 9}, ""7"": {""premium"": 8}}"
28.395659,finish,w0!w000023__enterprise,enterprise,0,6,plb_nclass,finish,,,,"{""enterprise"": 3, ""freemium"": 2, ""mixed"": 0, ""premium"": 3}","{""0"": 7, ""1"": 8, ""2"": 8, ""3"": 7, ""4"": 9, ""5"": 7, ""6"": 9, ""7"": 8}","{""0"": {""enterprise"": 7}, ""1"": {""premium"": 8}, ""2"": {""freemium"": 8}, ""3"": {""freemium"": 7}, ""4"": {""enterprise"": 9}, ""5"": {""premium"": 7}, ""6"": {""enterprise"": 9}, ""7"": {""premium"": 8}}"
28.473869,finish,w0!w000067__premium,premium,7,702,plb_nclass,finish,,,,"{""enterprise"": 3, ""freemium"": 2, ""mixed"": 0, ""premium"": 3}","{""0"": 7, ""1"": 8, ""2"": 8, ""3"": 7, ""4"": 9, ""5"": 7, ""6"": 9, ""7"": 7}","{""0"": {""enterprise"": 7}, ""1"": {""premium"": 8}, ""2"": {""freemium"": 8}, ""3"": {""freemium"": 7}, ""4"": {""enterprise"": 9}, ""5"": {""premium"": 7}, ""6"": {""enterprise"": 9}, ""7"": {""premium"": 7}}"
28.609101,finish,w0!w000014__premium,premium,1,104,plb_nclass,finish,,,,"{""enterprise"": 3, ""freemium"": 2, ""mixed"": 0, ""premium"": 3}","{""0"": 7, ""1"": 7, ""2"": 8, ""3"": 7, ""4"": 9, ""5"": 7, ""6"": 9, ""7"": 7}","{""0"": {""enterprise"": 7}, ""1"": {""premium"": 7}, ""2"": {""freemium"": 8}, ""3"": {""freemium"": 7}, ""4"": {""enterprise"": 9}, ""5"": {""premium"": 7}, ""6"": {""enterprise"": 9}, ""7"": {""premium"": 7}}"
28.856643,start,w0!w000096__freemium,freemium,3,312,plb_nclass,own_pool,freemium,freemium,under_theta,"{""enterprise"": 3, ""freemium"": 2, ""mixed"": 0, ""premium"": 3}","{""0"": 7, ""1"": 7, ""2"": 8, ""3"": 8, ""4"": 9, ""5"": 7, ""6"": 9, ""7"": 7}","{""0"": {""enterprise"": 7}, ""1"": {""premium"": 7}, ""2"": {""freemium"": 8}, ""3"": {""freemium"": 8}, ""4"": {""enterprise"": 9}, ""5"": {""premium"": 7}, ""6"": {""enterprise"": 9}, ""7"": {""premium"": 7}}"
28.857142,finish,w0!w000011__enterprise,enterprise,0,2,plb_nclass,finish,,,,"{""enterprise"": 3, ""freemium"": 2, ""mixed"": 0, ""premium"": 3}","{""0"": 6, ""1"": 7, ""2"": 8, ""3"": 8, ""4"": 9, ""5"": 7, ""6"": 9, ""7"": 7}","{""0"": {""enterprise"": 6}, ""1"": {""premium"": 7}, ""2"": {""freemium"": 8}, ""3"": {""freemium"": 8}, ""4"": {""enterprise"": 9}, ""5"": {""premium"": 7}, ""6"": {""enterprise"": 9}, ""7"": {""premium"": 7}}"
28.972504,start,w0!w000097__enterprise,enterprise,0,15,plb_nclass,own_pool,enterprise,enterprise,under_theta,"{""enterprise"": 3, ""freemium"": 2, ""mixed"": 0, ""premium"": 3}","{""0"": 7, ""1"": 7, ""2"": 8, ""3"": 8, ""4"": 9, ""5"": 7, ""6"": 9, ""7"": 7}","{""0"": {""enterprise"": 7}, ""1"": {""premium"": 7}, ""2"": {""freemium"": 8}, ""3"": {""freemium"": 8}, ""4"": {""enterprise"": 9}, ""5"": {""premium"": 7}, ""6"": {""enterprise"": 9}, ""7"": {""premium"": 7}}"
29.151883,finish,w0!w000009__premium,premium,1,102,plb_nclass,finish,,,,"{""enterprise"": 3, ""freemium"": 2, ""mixed"": 0, ""premium"": 3}","{""0"": 7, ""1"": 6, ""2"": 8, ""3"": 8, ""4"": 9, ""5"": 7, ""6"": 9, ""7"": 7}","{""0"": {""enterprise"": 7}, ""1"": {""premium"": 6}, ""2"": {""freemium"": 8}, ""3"": {""freemium"": 8}, ""4"": {""enterprise"": 9}, ""5"": {""premium"": 7}, ""6"": {""enterprise"": 9}, ""7"": {""premium"": 7}}"
29.167115,start,w0!w000098__premium,premium,1,114,plb_nclass,own_pool,premium,premium,under_theta,"{""enterprise"": 3, ""freemium"": 2, ""mixed"": 0, ""premium"": 3}","{""0"": 7, ""1"": 7, ""2"": 8, ""3"": 8, ""4"": 9, ""5"": 7, ""6"": 9, ""7"": 7}","{""0"": {""enterprise"": 7}, ""1"": {""premium"": 7}, ""2"": {""freemium"": 8}, ""3"": {""freemium"": 8}, ""4"": {""enterprise"": 9}, ""5"": {""premium"": 7}, ""6"": {""enterprise"": 9}, ""7"": {""premium"": 7}}"
29.407159,finish,w0!w000025__premium,premium,1,109,plb_nclass,finish,,,,"{""enterprise"": 3, ""freemium"": 2, ""mixed"": 0, ""premium"": 3}","{""0"": 7, ""1"": 6, ""2"": 8, ""3"": 8, ""4"": 9, ""5"": 7, ""6"": 9, ""7"": 7}","{""0"": {""enterprise"": 7}, ""1"": {""premium"": 6}, ""2"": {""freemium"": 8}, ""3"": {""freemium"": 8}, ""4"": {""enterprise"": 9}, ""5"": {""premium"": 7}, ""6"": {""enterprise"": 9}, ""7"": {""premium"": 7}}"
29.423755,start,w0!w000099__freemium,freemium,2,217,plb_nclass,own_pool,freemium,freemium,under_theta,"{""enterprise"": 3, ""freemium"": 2, ""mixed"": 0, ""premium"": 3}","{""0"": 7, ""1"": 6, ""2"": 9, ""3"": 8, ""4"": 9, ""5"": 7, ""6"": 9, ""7"": 7}","{""0"": {""enterprise"": 7}, ""1"": {""premium"": 6}, ""2"": {""freemium"": 9}, ""3"": {""freemium"": 8}, ""4"": {""enterprise"": 9}, ""5"": {""premium"": 7}, ""6"": {""enterprise"": 9}, ""7"": {""premium"": 7}}"
29.522326,finish,w0!w000024__enterprise,enterprise,0,7,plb_nclass,finish,,,,"{""enterprise"": 3, ""freemium"": 2, ""mixed"": 0, ""premium"": 3}","{""0"": 6, ""1"": 6, ""2"": 9, ""3"": 8, ""4"": 9, ""5"": 7, ""6"": 9, ""7"": 7}","{""0"": {""enterprise"": 6}, ""1"": {""premium"": 6}, ""2"": {""freemium"": 9}, ""3"": {""freemium"": 8}, ""4"": {""enterprise"": 9}, ""5"": {""premium"": 7}, ""6"": {""enterprise"": 9}, ""7"": {""premium"": 7}}"
29.532417,start,w0!w000100__premium,premium,1,115,plb_nclass,own_pool,premium,premium,under_theta,"{""enterprise"": 3, ""freemium"": 2, ""mixed"": 0, ""premium"": 3}","{""0"": 6, ""1"": 7, ""2"": 9, ""3"": 8, ""4"": 9, ""5"": 7, ""6"": 9, ""7"": 7}","{""0"": {""enterprise"": 6}, ""1"": {""premium"": 7}, ""2"": {""freemium"": 9}, ""3"": {""freemium"": 8}, ""4"": {""enterprise"": 9}, ""5"": {""premium"": 7}, ""6"": {""enterprise"": 9}, ""7"": {""premium"": 7}}"
29.741039,start,w0!w000101__enterprise,enterprise,0,16,plb_nclass,own_pool,enterprise,enterprise,under_theta,"{""enterprise"": 3, ""freemium"": 2, ""mixed"": 0, ""premium"": 3}","{""0"": 7, ""1"": 7, ""2"": 9, ""3"": 8, ""4"": 9, ""5"": 7, ""6"": 9, ""7"": 7}","{""0"": {""enterprise"": 7}, ""1"": {""premium"": 7}, ""2"": {""freemium"": 9}, ""3"": {""freemium"": 8}, ""4"": {""enterprise"": 9}, ""5"": {""premium"": 7}, ""6"": {""enterprise"": 9}, ""7"": {""premium"": 7}}"
29.826918,finish,w0!w000032__premium,premium,5,500,plb_nclass,finish,,,,"{""enterprise"": 3, ""freemium"": 2, ""mixed"": 0, ""premium"": 3}","{""0"": 7, ""1"": 7, ""2"": 9, ""3"": 8, ""4"": 9, ""5"": 6, ""6"": 9, ""7"": 7}","{""0"": {""enterprise"": 7}, ""1"": {""premium"": 7}, ""2"": {""freemium"": 9}, ""3"": {""freemium"": 8}, ""4"": {""enterprise"": 9}, ""5"": {""premium"": 6}, ""6"": {""enterprise"": 9}, ""7"": {""premium"": 7}}"
29.897984,finish,w0!w000035__premium,premium,5,502,plb_nclass,finish,,,,"{""enterprise"": 3, ""freemium"": 2, ""mixed"": 0, ""premium"": 3}","{""0"": 7, ""1"": 7, ""2"": 9, ""3"": 8, ""4"": 9, ""5"": 5, ""6"": 9, ""7"": 7}","{""0"": {""enterprise"": 7}, ""1"": {""premium"": 7}, ""2"": {""freemium"": 9}, ""3"": {""freemium"": 8}, ""4"": {""enterprise"": 9}, ""5"": {""premium"": 5}, ""6"": {""enterprise"": 9}, ""7"": {""premium"": 7}}"
30.108499,start,w0!w000102__freemium,freemium,3,313,plb_nclass,own_pool,freemium,freemium,under_theta,"{""enterprise"": 3, ""freemium"": 2, ""mixed"": 0, ""premium"": 3}","{""0"": 7, ""1"": 7, ""2"": 9, ""3"": 9, ""4"": 9, ""5"": 5, ""6"": 9, ""7"": 7}","{""0"": {""enterprise"": 7}, ""1"": {""premium"": 7}, ""2"": {""freemium"": 9}, ""3"": {""freemium"": 9}, ""4"": {""enterprise"": 9}, ""5"": {""premium"": 5}, ""6"": {""enterprise"": 9}, ""7"": {""premium"": 7}}"
30.132058,start,w0!w000103__enterprise,enterprise,0,17,plb_nclass,own_pool,enterprise,enterprise,under_theta,"{""enterprise"": 3, ""freemium"": 2, ""mixed"": 0, ""premium"": 3}","{""0"": 8, ""1"": 7, ""2"": 9, ""3"": 9, ""4"": 9, ""5"": 5, ""6"": 9, ""7"": 7}","{""0"": {""enterprise"": 8}, ""1"": {""premium"": 7}, ""2"": {""freemium"": 9}, ""3"": {""freemium"": 9}, ""4"": {""enterprise"": 9}, ""5"": {""premium"": 5}, ""6"": {""enterprise"": 9}, ""7"": {""premium"": 7}}"
30.178045,finish,w0!w000020__premium,premium,1,107,plb_nclass,finish,,,,"{""enterprise"": 3, ""freemium"": 2, ""mixed"": 0, ""premium"": 3}","{""0"": 8, ""1"": 6, ""2"": 9, ""3"": 9, ""4"": 9, ""5"": 5, ""6"": 9, ""7"": 7}","{""0"": {""enterprise"": 8}, ""1"": {""premium"": 6}, ""2"": {""freemium"": 9}, ""3"": {""freemium"": 9}, ""4"": {""enterprise"": 9}, ""5"": {""premium"": 5}, ""6"": {""enterprise"": 9}, ""7"": {""premium"": 7}}"
30.182541,start,w0!w000104__freemium,freemium,2,218,plb_nclass,own_pool,freemium,freemium,under_theta,"{""enterprise"": 3, ""freemium"": 2, ""mixed"": 0, ""premium"": 3}","{""0"": 8, ""1"": 6, ""2"": 10, ""3"": 9, ""4"": 9, ""5"": 5, ""6"": 9, ""7"": 7}","{""0"": {""enterprise"": 8}, ""1"": {""premium"": 6}, ""2"": {""freemium"": 10}, ""3"": {""freemium"": 9}, ""4"": {""enterprise"": 9}, ""5"": {""premium"": 5}, ""6"": {""enterprise"": 9}, ""7"": {""premium"": 7}}"
30.957888,start,w0!w000105__freemium,freemium,3,314,plb_nclass,own_pool,freemium,freemium,under_theta,"{""enterprise"": 3, ""freemium"": 2, ""mixed"": 0, ""premium"": 3}","{""0"": 8, ""1"": 6, ""2"": 10, ""3"": 10, ""4"": 9, ""5"": 5, ""6"": 9, ""7"": 7}","{""0"": {""enterprise"": 8}, ""1"": {""premium"": 6}, ""2"": {""freemium"": 10}, ""3"": {""freemium"": 10}, ""4"": {""enterprise"": 9}, ""5"": {""premium"": 5}, ""6"": {""enterprise"": 9}, ""7"": {""premium"": 7}}"
31.000092,start,w0!w000106__enterprise,enterprise,0,18,plb_nclass,own_pool,enterprise,enterprise,under_theta,"{""enterprise"": 3, ""freemium"": 2, ""mixed"": 0, ""premium"": 3}","{""0"": 9, ""1"": 6, ""2"": 10, ""3"": 10, ""4"": 9, ""5"": 5, ""6"": 9, ""7"": 7}","{""0"": {""enterprise"": 9}, ""1"": {""premium"": 6}, ""2"": {""freemium"": 10}, ""3"": {""freemium"": 10}, ""4"": {""enterprise"": 9}, ""5"": {""premium"": 5}, ""6"": {""enterprise"": 9}, ""7"": {""premium"": 7}}"
31.214233,finish,w0!w000076__premium,premium,7,706,plb_nclass,finish,,,,"{""enterprise"": 3, ""freemium"": 2, ""mixed"": 0, ""premium"": 3}","{""0"": 9, ""1"": 6, ""2"": 10, ""3"": 10, ""4"": 9, ""5"": 5, ""6"": 9, ""7"": 6}","{""0"": {""enterprise"": 9}, ""1"": {""premium"": 6}, ""2"": {""freemium"": 10}, ""3"": {""freemium"": 10}, ""4"": {""enterprise"": 9}, ""5"": {""premium"": 5}, ""6"": {""enterprise"": 9}, ""7"": {""premium"": 6}}"
31.23176,finish,w0!w000044__premium,premium,5,507,plb_nclass,finish,,,,"{""enterprise"": 3, ""freemium"": 2, ""mixed"": 0, ""premium"": 3}","{""0"": 9, ""1"": 6, ""2"": 10, ""3"": 10, ""4"": 9, ""5"": 4, ""6"": 9, ""7"": 6}","{""0"": {""enterprise"": 9}, ""1"": {""premium"": 6}, ""2"": {""freemium"": 10}, ""3"": {""freemium"": 10}, ""4"": {""enterprise"": 9}, ""5"": {""premium"": 4}, ""6"": {""enterprise"": 9}, ""7"": {""premium"": 6}}"
31.319613,start,w0!w000107__enterprise,enterprise,0,19,plb_nclass,own_pool,enterprise,enterprise,under_theta,"{""enterprise"": 3, ""freemium"": 2, ""mixed"": 0, ""premium"": 3}","{""0"": 10, ""1"": 6, ""2"": 10, ""3"": 10, ""4"": 9, ""5"": 4, ""6"": 9, ""7"": 6}","{""0"": {""enterprise"": 10}, ""1"": {""premium"": 6}, ""2"": {""freemium"": 10}, ""3"": {""freemium"": 10}, ""4"": {""enterprise"": 9}, ""5"": {""premium"": 4}, ""6"": {""enterprise"": 9}, ""7"": {""premium"": 6}}"
31.699528,start,w0!w000108__premium,premium,5,510,plb_nclass,own_pool,premium,premium,under_theta,"{""enterprise"": 3, ""freemium"": 2, ""mixed"": 0, ""premium"": 3}","{""0"": 10, ""1"": 6, ""2"": 10, ""3"": 10, ""4"": 9, ""5"": 5, ""6"": 9, ""7"": 6}","{""0"": {""enterprise"": 10}, ""1"": {""premium"": 6}, ""2"": {""freemium"": 10}, ""3"": {""freemium"": 10}, ""4"": {""enterprise"": 9}, ""5"": {""premium"": 5}, ""6"": {""enterprise"": 9}, ""7"": {""premium"": 6}}"
31.801757,start,w0!w000109__premium,premium,5,511,plb_nclass,own_pool,premium,premium,under_theta,"{""enterprise"": 3, ""freemium"": 2, ""mixed"": 0, ""premium"": 3}","{""0"": 10, ""1"": 6, ""2"": 10, ""3"": 10, ""4"": 9, ""5"": 6, ""6"": 9, ""7"": 6}","{""0"": {""enterprise"": 10}, ""1"": {""premium"": 6}, ""2"": {""freemium"": 10}, ""3"": {""freemium"": 10}, ""4"": {""enterprise"": 9}, ""5"": {""premium"": 6}, ""6"": {""enterprise"": 9}, ""7"": {""premium"": 6}}"
32.126299,start,w0!w000110__premium,premium,1,116,plb_nclass,own_pool,premium,premium,under_theta,"{""enterprise"": 3, ""freemium"": 2, ""mixed"": 0, ""premium"": 3}","{""0"": 10, ""1"": 7, ""2"": 10, ""3"": 10, ""4"": 9, ""5"": 6, ""6"": 9, ""7"": 6}","{""0"": {""enterprise"": 10}, ""1"": {""premium"": 7}, ""2"": {""freemium"": 10}, ""3"": {""freemium"": 10}, ""4"": {""enterprise"": 9}, ""5"": {""premium"": 6}, ""6"": {""enterprise"": 9}, ""7"": {""premium"": 6}}"
32.276945,start,w0!w000111__enterprise,enterprise,4,411,plb_nclass,own_pool,enterprise,enterprise,under_theta,"{""enterprise"": 3, ""freemium"": 2, ""mixed"": 0, ""premium"": 3}","{""0"": 10, ""1"": 7, ""2"": 10, ""3"": 10, ""4"": 10, ""5"": 6, ""6"": 9, ""7"": 6}","{""0"": {""enterprise"": 10}, ""1"": {""premium"": 7}, ""2"": {""freemium"": 10}, ""3"": {""freemium"": 10}, ""4"": {""enterprise"": 10}, ""5"": {""premium"": 6}, ""6"": {""enterprise"": 9}, ""7"": {""premium"": 6}}"
32.322128,start,w0!w000112__enterprise,enterprise,6,609,plb_nclass,own_pool,enterprise,enterprise,under_theta,"{""enterprise"": 3, ""freemium"": 2, ""mixed"": 0, ""premium"": 3}","{""0"": 10, ""1"": 7, ""2"": 10, ""3"": 10, ""4"": 10, ""5"": 6, ""6"": 10, ""7"": 6}","{""0"": {""enterprise"": 10}, ""1"": {""premium"": 7}, ""2"": {""freemium"": 10}, ""3"": {""freemium"": 10}, ""4"": {""enterprise"": 10}, ""5"": {""premium"": 6}, ""6"": {""enterprise"": 10}, ""7"": {""premium"": 6}}"
32.469266,finish,w0!w000070__enterprise,enterprise,6,605,plb_nclass,finish,,,,"{""enterprise"": 3, ""freemium"": 2, ""mixed"": 0, ""premium"": 3}","{""0"": 10, ""1"": 7, ""2"": 10, ""3"": 10, ""4"": 10, ""5"": 6, ""6"": 9, ""7"": 6}","{""0"": {""enterprise"": 10}, ""1"": {""premium"": 7}, ""2"": {""freemium"": 10}, ""3"": {""freemium"": 10}, ""4"": {""enterprise"": 10}, ""5"": {""premium"": 6}, ""6"": {""enterprise"": 9}, ""7"": {""premium"": 6}}"
32.625982,start,w0!w000113__enterprise,enterprise,6,610,plb_nclass,own_pool,enterprise,enterprise,under_theta,"{""enterprise"": 3, ""freemium"": 2, ""mixed"": 0, ""premium"": 3}","{""0"": 10, ""1"": 7, ""2"": 10, ""3"": 10, ""4"": 10, ""5"": 6, ""6"": 10, ""7"": 6}","{""0"": {""enterprise"": 10}, ""1"": {""premium"": 7}, ""2"": {""freemium"": 10}, ""3"": {""freemium"": 10}, ""4"": {""enterprise"": 10}, ""5"": {""premium"": 6}, ""6"": {""enterprise"": 10}, ""7"": {""premium"": 6}}"
32.706531,start,w0!w000114__enterprise,enterprise,5,512,plb_nclass,borrow_lower,premium,enterprise,load_first,"{""enterprise"": 4, ""freemium"": 2, ""mixed"": 0, ""premium"": 2}","{""0"": 10, ""1"": 7, ""2"": 10, ""3"": 10, ""4"": 10, ""5"": 7, ""6"": 10, ""7"": 6}","{""0"": {""enterprise"": 10}, ""1"": {""premium"": 7}, ""2"": {""freemium"": 10}, ""3"": {""freemium"": 10}, ""4"": {""enterprise"": 10}, ""5"": {""premium"": 6, ""enterprise"": 1}, ""6"": {""enterprise"": 10}, ""7"": {""premium"": 6}}"
32.859577,finish,w0!w000048__enterprise,enterprise,4,406,plb_nclass,finish,,,,"{""enterprise"": 4, ""freemium"": 2, ""mixed"": 0, ""premium"": 2}","{""0"": 10, ""1"": 7, ""2"": 10, ""3"": 10, ""4"": 9, ""5"": 7, ""6"": 10, ""7"": 6}","{""0"": {""enterprise"": 10}, ""1"": {""premium"": 7}, ""2"": {""freemium"": 10}, ""3"": {""freemium"": 10}, ""4"": {""enterprise"": 9}, ""5"": {""premium"": 6, ""enterprise"": 1}, ""6"": {""enterprise"": 10}, ""7"": {""premium"": 6}}"
33.061145,start,w0!w000115__enterprise,enterprise,5,513,plb_nclass,own_pool,enterprise,enterprise,under_theta,"{""enterprise"": 4, ""freemium"": 2, ""mixed"": 0, ""premium"": 2}","{""0"": 10, ""1"": 7, ""2"": 10, ""3"": 10, ""4"": 9, ""5"": 8, ""6"": 10, ""7"": 6}","{""0"": {""enterprise"": 10}, ""1"": {""premium"": 7}, ""2"": {""freemium"": 10}, ""3"": {""freemium"": 10}, ""4"": {""enterprise"": 9}, ""5"": {""premium"": 6, ""enterprise"": 2}, ""6"": {""enterprise"": 10}, ""7"": {""premium"": 6}}"
33.188679,finish,w0!w000059__freemium,freemium,3,307,plb_nclass,finish,,,,"{""enterprise"": 4, ""freemium"": 2, ""mixed"": 0, ""premium"": 2}","{""0"": 10, ""1"": 7, ""2"": 10, ""3"": 9, ""4"": 9, ""5"": 8, ""6"": 10, ""7"": 6}","{""0"": {""enterprise"": 10}, ""1"": {""premium"": 7}, ""2"": {""freemium"": 10}, ""3"": {""freemium"": 9}, ""4"": {""enterprise"": 9}, ""5"": {""premium"": 6, ""enterprise"": 2}, ""6"": {""enterprise"": 10}, ""7"": {""premium"": 6}}"
33.211754,finish,w0!w000051__enterprise,enterprise,4,407,plb_nclass,finish,,,,"{""enterprise"": 4, ""freemium"": 2, ""mixed"": 0, ""premium"": 2}","{""0"": 10, ""1"": 7, ""2"": 10, ""3"": 9, ""4"": 8, ""5"": 8, ""6"": 10, ""7"": 6}","{""0"": {""enterprise"": 10}, ""1"": {""premium"": 7}, ""2"": {""freemium"": 10}, ""3"": {""freemium"": 9}, ""4"": {""enterprise"": 8}, ""5"": {""premium"": 6, ""enterprise"": 2}, ""6"": {""enterprise"": 10}, ""7"": {""premium"": 6}}"
33.310915,start,w0!w000116__freemium,freemium,3,315,plb_nclass,own_pool,freemium,freemium,under_theta,"{""enterprise"": 4, ""freemium"": 2, ""mixed"": 0, ""premium"": 2}","{""0"": 10, ""1"": 7, ""2"": 10, ""3"": 10, ""4"": 8, ""5"": 8, ""6"": 10, ""7"": 6}","{""0"": {""enterprise"": 10}, ""1"": {""premium"": 7}, ""2"": {""freemium"": 10}, ""3"": {""freemium"": 10}, ""4"": {""enterprise"": 8}, ""5"": {""premium"": 6, ""enterprise"": 2}, ""6"": {""enterprise"": 10}, ""7"": {""premium"": 6}}"
33.322581,finish,w0!w000074__enterprise,enterprise,6,607,plb_nclass,finish,,,,"{""enterprise"": 4, ""freemium"": 2, ""mixed"": 0, ""premium"": 2}","{""0"": 10, ""1"": 7, ""2"": 10, ""3"": 10, ""4"": 8, ""5"": 8, ""6"": 9, ""7"": 6}","{""0"": {""enterprise"": 10}, ""1"": {""premium"": 7}, ""2"": {""freemium"": 10}, ""3"": {""freemium"": 10}, ""4"": {""enterprise"": 8}, ""5"": {""premium"": 6, ""enterprise"": 2}, ""6"": {""enterprise"": 9}, ""7"": {""premium"": 6}}"
33.355532,start,w0!w000117__premium,premium,7,708,plb_nclass,own_pool,premium,premium,under_theta,"{""enterprise"": 4, ""freemium"": 2, ""mixed"": 0, ""premium"": 2}","{""0"": 10, ""1"": 7, ""2"": 10, ""3"": 10, ""4"": 8, ""5"": 8, ""6"": 9, ""7"": 7}","{""0"": {""enterprise"": 10}, ""1"": {""premium"": 7}, ""2"": {""freemium"": 10}, ""3"": {""freemium"": 10}, ""4"": {""enterprise"": 8}, ""5"": {""premium"": 6, ""enterprise"": 2}, ""6"": {""enterprise"": 9}, ""7"": {""premium"": 7}}"
33.442294,finish,w0!w000054__enterprise,enterprise,4,408,plb_nclass,finish,,,,"{""enterprise"": 4, ""freemium"": 2, ""mixed"": 0, ""premium"": 2}","{""0"": 10, ""1"": 7, ""2"": 10, ""3"": 10, ""4"": 7, ""5"": 8, ""6"": 9, ""7"": 7}","{""0"": {""enterprise"": 10}, ""1"": {""premium"": 7}, ""2"": {""freemium"": 10}, ""3"": {""freemium"": 10}, ""4"": {""enterprise"": 7}, ""5"": {""premium"": 6, ""enterprise"": 2}, ""6"": {""enterprise"": 9}, ""7"": {""premium"": 7}}"
33.83391,finish,w0!w000083__enterprise,enterprise,6,608,plb_nclass,finish,,,,"{""enterprise"": 4, ""freemium"": 2, ""mixed"": 0, ""premium"": 2}","{""0"": 10, ""1"": 7, ""2"": 10, ""3"": 10, ""4"": 7, ""5"": 8, ""6"": 8, ""7"": 7}","{""0"": {""enterprise"": 10}, ""1"": {""premium"": 7}, ""2"": {""freemium"": 10}, ""3"": {""freemium"": 10}, ""4"": {""enterprise"": 7}, ""5"": {""premium"": 6, ""enterprise"": 2}, ""6"": {""enterprise"": 8}, ""7"": {""premium"": 7}}"
34.243803,start,w0!w000118__freemium,freemium,1,117,plb_nclass,borrow_higher_surplus,premium,freemium,safe_surplus,"{""enterprise"": 4, ""freemium"": 3, ""mixed"": 0, ""premium"": 1}","{""0"": 10, ""1"": 8, ""2"": 10, ""3"": 10, ""4"": 7, ""5"": 8, ""6"": 8, ""7"": 7}","{""0"": {""enterprise"": 10}, ""1"": {""premium"": 7, ""freemium"": 1}, ""2"": {""freemium"": 10}, ""3"": {""freemium"": 10}, ""4"": {""enterprise"": 7}, ""5"": {""premium"": 6, ""enterprise"": 2}, ""6"": {""enterprise"": 8}, ""7"": {""premium"": 7}}"
34.247168,start,w0!w000119__enterprise,enterprise,4,412,plb_nclass,own_pool,enterprise,enterprise,under_theta,"{""enterprise"": 4, ""freemium"": 3, ""mixed"": 0, ""premium"": 1}","{""0"": 10, ""1"": 8, ""2"": 10, ""3"": 10, ""4"": 8, ""5"": 8, ""6"": 8, ""7"": 7}","{""0"": {""enterprise"": 10}, ""1"": {""premium"": 7, ""freemium"": 1}, ""2"": {""freemium"": 10}, ""3"": {""freemium"": 10}, ""4"": {""enterprise"": 8}, ""5"": {""premium"": 6, ""enterprise"": 2}, ""6"": {""enterprise"": 8}, ""7"": {""premium"": 7}}"
34.42782,start,w0!w000120__premium,premium,7,709,plb_nclass,own_pool,premium,premium,under_theta,"{""enterprise"": 4, ""freemium"": 3, ""mixed"": 0, ""premium"": 1}","{""0"": 10, ""1"": 8, ""2"": 10, ""3"": 10, ""4"": 8, ""5"": 8, ""6"": 8, ""7"": 8}","{""0"": {""enterprise"": 10}, ""1"": {""premium"": 7, ""freemium"": 1}, ""2"": {""freemium"": 10}, ""3"": {""freemium"": 10}, ""4"": {""enterprise"": 8}, ""5"": {""premium"": 6, ""enterprise"": 2}, ""6"": {""enterprise"": 8}, ""7"": {""premium"": 8}}"
34.460638,finish,w0!w000039__premium,premium,5,505,plb_nclass,finish,,,,"{""enterprise"": 4, ""freemium"": 3, ""mixed"": 0, ""premium"": 1}","{""0"": 10, ""1"": 8, ""2"": 10, ""3"": 10, ""4"": 8, ""5"": 7, ""6"": 8, ""7"": 8}","{""0"": {""enterprise"": 10}, ""1"": {""premium"": 7, ""freemium"": 1}, ""2"": {""freemium"": 10}, ""3"": {""freemium"": 10}, ""4"": {""enterprise"": 8}, ""5"": {""premium"": 5, ""enterprise"": 2}, ""6"": {""enterprise"": 8}, ""7"": {""premium"": 8}}"
34.822208,start,w0!w000121__freemium,freemium,1,118,plb_nclass,own_pool,freemium,freemium,under_theta,"{""enterprise"": 4, ""freemium"": 3, ""mixed"": 0, ""premium"": 1}","{""0"": 10, ""1"": 9, ""2"": 10, ""3"": 10, ""4"": 8, ""5"": 7, ""6"": 8, ""7"": 8}","{""0"": {""enterprise"": 10}, ""1"": {""premium"": 7, ""freemium"": 2}, ""2"": {""freemium"": 10}, ""3"": {""freemium"": 10}, ""4"": {""enterprise"": 8}, ""5"": {""premium"": 5, ""enterprise"": 2}, ""6"": {""enterprise"": 8}, ""7"": {""premium"": 8}}"
34.851933,start,w0!w000122__enterprise,enterprise,5,514,plb_nclass,own_pool,enterprise,enterprise,under_theta,"{""enterprise"": 4, ""freemium"": 3, ""mixed"": 0, ""premium"": 1}","{""0"": 10, ""1"": 9, ""2"": 10, ""3"": 10, ""4"": 8, ""5"": 8, ""6"": 8, ""7"": 8}","{""0"": {""enterprise"": 10}, ""1"": {""premium"": 7, ""freemium"": 2}, ""2"": {""freemium"": 10}, ""3"": {""freemium"": 10}, ""4"": {""enterprise"": 8}, ""5"": {""premium"": 5, ""enterprise"": 3}, ""6"": {""enterprise"": 8}, ""7"": {""premium"": 8}}"
35.039271,finish,w0!w000063__freemium,freemium,2,210,plb_nclass,finish,,,,"{""enterprise"": 4, ""freemium"": 3, ""mixed"": 0, ""premium"": 1}","{""0"": 10, ""1"": 9, ""2"": 9, ""3"": 10, ""4"": 8, ""5"": 8, ""6"": 8, ""7"": 8}","{""0"": {""enterprise"": 10}, ""1"": {""premium"": 7, ""freemium"": 2}, ""2"": {""freemium"": 9}, ""3"": {""freemium"": 10}, ""4"": {""enterprise"": 8}, ""5"": {""premium"": 5, ""enterprise"": 3}, ""6"": {""enterprise"": 8}, ""7"": {""premium"": 8}}"
35.045911,finish,w0!w000029__freemium,freemium,2,209,plb_nclass,finish,,,,"{""enterprise"": 4, ""freemium"": 3, ""mixed"": 0, ""premium"": 1}","{""0"": 10, ""1"": 9, ""2"": 8, ""3"": 10, ""4"": 8, ""5"": 8, ""6"": 8, ""7"": 8}","{""0"": {""enterprise"": 10}, ""1"": {""premium"": 7, ""freemium"": 2}, ""2"": {""freemium"": 8}, ""3"": {""freemium"": 10}, ""4"": {""enterprise"": 8}, ""5"": {""premium"": 5, ""enterprise"": 3}, ""6"": {""enterprise"": 8}, ""7"": {""premium"": 8}}"
35.627237,finish,w0!w000050__freemium,freemium,3,305,plb_nclass,finish,,,,"{""enterprise"": 4, ""freemium"": 3, ""mixed"": 0, ""premium"": 1}","{""0"": 10, ""1"": 9, ""2"": 8, ""3"": 9, ""4"": 8, ""5"": 8, ""6"": 8, ""7"": 8}","{""0"": {""enterprise"": 10}, ""1"": {""premium"": 7, ""freemium"": 2}, ""2"": {""freemium"": 8}, ""3"": {""freemium"": 9}, ""4"": {""enterprise"": 8}, ""5"": {""premium"": 5, ""enterprise"": 3}, ""6"": {""enterprise"": 8}, ""7"": {""premium"": 8}}"
35.962144,start,w0!w000123__premium,premium,7,710,plb_nclass,own_pool,premium,premium,under_theta,"{""enterprise"": 4, ""freemium"": 3, ""mixed"": 0, ""premium"": 1}","{""0"": 10, ""1"": 9, ""2"": 8, ""3"": 9, ""4"": 8, ""5"": 8, ""6"": 8, ""7"": 9}","{""0"": {""enterprise"": 10}, ""1"": {""premium"": 7, ""freemium"": 2}, ""2"": {""freemium"": 8}, ""3"": {""freemium"": 9}, ""4"": {""enterprise"": 8}, ""5"": {""premium"": 5, ""enterprise"": 3}, ""6"": {""enterprise"": 8}, ""7"": {""premium"": 9}}"
35.966664,start,w0!w000124__freemium,freemium,2,219,plb_nclass,own_pool,freemium,freemium,under_theta,"{""enterprise"": 4, ""freemium"": 3, ""mixed"": 0, ""premium"": 1}","{""0"": 10, ""1"": 9, ""2"": 9, ""3"": 9, ""4"": 8, ""5"": 8, ""6"": 8, ""7"": 9}","{""0"": {""enterprise"": 10}, ""1"": {""premium"": 7, ""freemium"": 2}, ""2"": {""freemium"": 9}, ""3"": {""freemium"": 9}, ""4"": {""enterprise"": 8}, ""5"": {""premium"": 5, ""enterprise"": 3}, ""6"": {""enterprise"": 8}, ""7"": {""premium"": 9}}"
36.018765,finish,w0!w000061__premium,premium,7,700,plb_nclass,finish,,,,"{""enterprise"": 4, ""freemium"": 3, ""mixed"": 0, ""premium"": 1}","{""0"": 10, ""1"": 9, ""2"": 9, ""3"": 9, ""4"": 8, ""5"": 8, ""6"": 8, ""7"": 8}","{""0"": {""enterprise"": 10}, ""1"": {""premium"": 7, ""freemium"": 2}, ""2"": {""freemium"": 9}, ""3"": {""freemium"": 9}, ""4"": {""enterprise"": 8}, ""5"": {""premium"": 5, ""enterprise"": 3}, ""6"": {""enterprise"": 8}, ""7"": {""premium"": 8}}"
36.023931,finish,w0!w000036__premium,premium,5,503,plb_nclass,finish,,,,"{""enterprise"": 4, ""freemium"": 3, ""mixed"": 0, ""premium"": 1}","{""0"": 10, ""1"": 9, ""2"": 9, ""3"": 9, ""4"": 8, ""5"": 7, ""6"": 8, ""7"": 8}","{""0"": {""enterprise"": 10}, ""1"": {""premium"": 7, ""freemium"": 2}, ""2"": {""freemium"": 9}, ""3"": {""freemium"": 9}, ""4"": {""enterprise"": 8}, ""5"": {""premium"": 4, ""enterprise"": 3}, ""6"": {""enterprise"": 8}, ""7"": {""premium"": 8}}"
36.589509,start,w0!w000125__enterprise,enterprise,5,515,plb_nclass,own_pool,enterprise,enterprise,under_theta,"{""enterprise"": 4, ""freemium"": 3, ""mixed"": 0, ""premium"": 1}","{""0"": 10, ""1"": 9, ""2"": 9, ""3"": 9, ""4"": 8, ""5"": 8, ""6"": 8, ""7"": 8}","{""0"": {""enterprise"": 10}, ""1"": {""premium"": 7, ""freemium"": 2}, ""2"": {""freemium"": 9}, ""3"": {""freemium"": 9}, ""4"": {""enterprise"": 8}, ""5"": {""premium"": 4, ""enterprise"": 4}, ""6"": {""enterprise"": 8}, ""7"": {""premium"": 8}}"
36.655597,start,w0!w000126__freemium,freemium,1,119,plb_nclass,own_pool,freemium,freemium,under_theta,"{""enterprise"": 4, ""freemium"": 3, ""mixed"": 0, ""premium"": 1}","{""0"": 10, ""1"": 10, ""2"": 9, ""3"": 9, ""4"": 8, ""5"": 8, ""6"": 8, ""7"": 8}","{""0"": {""enterprise"": 10}, ""1"": {""premium"": 7, ""freemium"": 3}, ""2"": {""freemium"": 9}, ""3"": {""freemium"": 9}, ""4"": {""enterprise"": 8}, ""5"": {""premium"": 4, ""enterprise"": 4}, ""6"": {""enterprise"": 8}, ""7"": {""premium"": 8}}"
37.019768,start,w0!w000127__freemium,freemium,2,220,plb_nclass,own_pool,freemium,freemium,under_theta,"{""enterprise"": 4, ""freemium"": 3, ""mixed"": 0, ""premium"": 1}","{""0"": 10, ""1"": 10, ""2"": 10, ""3"": 9, ""4"": 8, ""5"": 8, ""6"": 8, ""7"": 8}","{""0"": {""enterprise"": 10}, ""1"": {""premium"": 7, ""freemium"": 3}, ""2"": {""freemium"": 10}, ""3"": {""freemium"": 9}, ""4"": {""enterprise"": 8}, ""5"": {""premium"": 4, ""enterprise"": 4}, ""6"": {""enterprise"": 8}, ""7"": {""premium"": 8}}"
37.218978,start,w0!w000128__freemium,freemium,3,316,plb_nclass,own_pool,freemium,freemium,under_theta,"{""enterprise"": 4, ""freemium"": 3, ""mixed"": 0, ""premium"": 1}","{""0"": 10, ""1"": 10, ""2"": 10, ""3"": 10, ""4"": 8, ""5"": 8, ""6"": 8, ""7"": 8}","{""0"": {""enterprise"": 10}, ""1"": {""premium"": 7, ""freemium"": 3}, ""2"": {""freemium"": 10}, ""3"": {""freemium"": 10}, ""4"": {""enterprise"": 8}, ""5"": {""premium"": 4, ""enterprise"": 4}, ""6"": {""enterprise"": 8}, ""7"": {""premium"": 8}}"
37.432544,finish,w0!w000038__freemium,freemium,3,302,plb_nclass,finish,,,,"{""enterprise"": 4, ""freemium"": 3, ""mixed"": 0, ""premium"": 1}","{""0"": 10, ""1"": 10, ""2"": 10, ""3"": 9, ""4"": 8, ""5"": 8, ""6"": 8, ""7"": 8}","{""0"": {""enterprise"": 10}, ""1"": {""premium"": 7, ""freemium"": 3}, ""2"": {""freemium"": 10}, ""3"": {""freemium"": 9}, ""4"": {""enterprise"": 8}, ""5"": {""premium"": 4, ""enterprise"": 4}, ""6"": {""enterprise"": 8}, ""7"": {""premium"": 8}}"
37.44352,start,w0!w000129__enterprise,enterprise,4,413,plb_nclass,own_pool,enterprise,enterprise,under_theta,"{""enterprise"": 4, ""freemium"": 3, ""mixed"": 0, ""premium"": 1}","{""0"": 10, ""1"": 10, ""2"": 10, ""3"": 9, ""4"": 9, ""5"": 8, ""6"": 8, ""7"": 8}","{""0"": {""enterprise"": 10}, ""1"": {""premium"": 7, ""freemium"": 3}, ""2"": {""freemium"": 10}, ""3"": {""freemium"": 9}, ""4"": {""enterprise"": 9}, ""5"": {""premium"": 4, ""enterprise"": 4}, ""6"": {""enterprise"": 8}, ""7"": {""premium"": 8}}"
37.44419,finish,w0!w000056__premium,premium,1,110,plb_nclass,finish,,,,"{""enterprise"": 4, ""freemium"": 3, ""mixed"": 0, ""premium"": 1}","{""0"": 10, ""1"": 9, ""2"": 10, ""3"": 9, ""4"": 9, ""5"": 8, ""6"": 8, ""7"": 8}","{""0"": {""enterprise"": 10}, ""1"": {""premium"": 6, ""freemium"": 3}, ""2"": {""freemium"": 10}, ""3"": {""freemium"": 9}, ""4"": {""enterprise"": 9}, ""5"": {""premium"": 4, ""enterprise"": 4}, ""6"": {""enterprise"": 8}, ""7"": {""premium"": 8}}"
37.66531,finish,w0!w000072__premium,premium,7,703,plb_nclass,finish,,,,"{""enterprise"": 4, ""freemium"": 3, ""mixed"": 0, ""premium"": 1}","{""0"": 10, ""1"": 9, ""2"": 10, ""3"": 9, ""4"": 9, ""5"": 8, ""6"": 8, ""7"": 7}","{""0"": {""enterprise"": 10}, ""1"": {""premium"": 6, ""freemium"": 3}, ""2"": {""freemium"": 10}, ""3"": {""freemium"": 9}, ""4"": {""enterprise"": 9}, ""5"": {""premium"": 4, ""enterprise"": 4}, ""6"": {""enterprise"": 8}, ""7"": {""premium"": 7}}"
37.985735,start,w0!w000130__freemium,freemium,1,120,plb_nclass,own_pool,freemium,freemium,under_theta,"{""enterprise"": 4, ""freemium"": 3, ""mixed"": 0, ""premium"": 1}","{""0"": 10, ""1"": 10, ""2"": 10, ""3"": 9, ""4"": 9, ""5"": 8, ""6"": 8, ""7"": 7}","{""0"": {""enterprise"": 10}, ""1"": {""premium"": 6, ""freemium"": 4}, ""2"": {""freemium"": 10}, ""3"": {""freemium"": 9}, ""4"": {""enterprise"": 9}, ""5"": {""premium"": 4, ""enterprise"": 4}, ""6"": {""enterprise"": 8}, ""7"": {""premium"": 7}}"
38.118113,finish,w0!w000075__premium,premium,7,705,plb_nclass,finish,,,,"{""enterprise"": 4, ""freemium"": 3, ""mixed"": 0, ""premium"": 1}","{""0"": 10, ""1"": 10, ""2"": 10, ""3"": 9, ""4"": 9, ""5"": 8, ""6"": 8, ""7"": 6}","{""0"": {""enterprise"": 10}, ""1"": {""premium"": 6, ""freemium"": 4}, ""2"": {""freemium"": 10}, ""3"": {""freemium"": 9}, ""4"": {""enterprise"": 9}, ""5"": {""premium"": 4, ""enterprise"": 4}, ""6"": {""enterprise"": 8}, ""7"": {""premium"": 6}}"
38.144238,finish,w0!w000045__enterprise,enterprise,4,403,plb_nclass,finish,,,,"{""enterprise"": 4, ""freemium"": 3, ""mixed"": 0, ""premium"": 1}","{""0"": 10, ""1"": 10, ""2"": 10, ""3"": 9, ""4"": 8, ""5"": 8, ""6"": 8, ""7"": 6}","{""0"": {""enterprise"": 10}, ""1"": {""premium"": 6, ""freemium"": 4}, ""2"": {""freemium"": 10}, ""3"": {""freemium"": 9}, ""4"": {""enterprise"": 8}, ""5"": {""premium"": 4, ""enterprise"": 4}, ""6"": {""enterprise"": 8}, ""7"": {""premium"": 6}}"
38.271881,start,w0!w000131__enterprise,enterprise,4,414,plb_nclass,own_pool,enterprise,enterprise,under_theta,"{""enterprise"": 4, ""freemium"": 3, ""mixed"": 0, ""premium"": 1}","{""0"": 10, ""1"": 10, ""2"": 10, ""3"": 9, ""4"": 9, ""5"": 8, ""6"": 8, ""7"": 6}","{""0"": {""enterprise"": 10}, ""1"": {""premium"": 6, ""freemium"": 4}, ""2"": {""freemium"": 10}, ""3"": {""freemium"": 9}, ""4"": {""enterprise"": 9}, ""5"": {""premium"": 4, ""enterprise"": 4}, ""6"": {""enterprise"": 8}, ""7"": {""premium"": 6}}"
38.333268,finish,w0!w000034__premium,premium,5,501,plb_nclass,finish,,,,"{""enterprise"": 4, ""freemium"": 3, ""mixed"": 0, ""premium"": 1}","{""0"": 10, ""1"": 10, ""2"": 10, ""3"": 9, ""4"": 9, ""5"": 7, ""6"": 8, ""7"": 6}","{""0"": {""enterprise"": 10}, ""1"": {""premium"": 6, ""freemium"": 4}, ""2"": {""freemium"": 10}, ""3"": {""freemium"": 9}, ""4"": {""enterprise"": 9}, ""5"": {""premium"": 3, ""enterprise"": 4}, ""6"": {""enterprise"": 8}, ""7"": {""premium"": 6}}"
38.402883,finish,w0!w000040__enterprise,enterprise,4,401,plb_nclass,finish,,,,"{""enterprise"": 4, ""freemium"": 3, ""mixed"": 0, ""premium"": 1}","{""0"": 10, ""1"": 10, ""2"": 10, ""3"": 9, ""4"": 8, ""5"": 7, ""6"": 8, ""7"": 6}","{""0"": {""enterprise"": 10}, ""1"": {""premium"": 6, ""freemium"": 4}, ""2"": {""freemium"": 10}, ""3"": {""freemium"": 9}, ""4"": {""enterprise"": 8}, ""5"": {""premium"": 3, ""enterprise"": 4}, ""6"": {""enterprise"": 8}, ""7"": {""premium"": 6}}"
38.832416,start,w0!w000132__freemium,freemium,3,317,plb_nclass,own_pool,freemium,freemium,under_theta,"{""enterprise"": 4, ""freemium"": 3, ""mixed"": 0, ""premium"": 1}","{""0"": 10, ""1"": 10, ""2"": 10, ""3"": 10, ""4"": 8, ""5"": 7, ""6"": 8, ""7"": 6}","{""0"": {""enterprise"": 10}, ""1"": {""premium"": 6, ""freemium"": 4}, ""2"": {""freemium"": 10}, ""3"": {""freemium"": 10}, ""4"": {""enterprise"": 8}, ""5"": {""premium"": 3, ""enterprise"": 4}, ""6"": {""enterprise"": 8}, ""7"": {""premium"": 6}}"
38.96563,start,w0!w000133__enterprise,enterprise,5,516,plb_nclass,own_pool,enterprise,enterprise,under_theta,"{""enterprise"": 4, ""freemium"": 3, ""mixed"": 0, ""premium"": 1}","{""0"": 10, ""1"": 10, ""2"": 10, ""3"": 10, ""4"": 8, ""5"": 8, ""6"": 8, ""7"": 6}","{""0"": {""enterprise"": 10}, ""1"": {""premium"": 6, ""freemium"": 4}, ""2"": {""freemium"": 10}, ""3"": {""freemium"": 10}, ""4"": {""enterprise"": 8}, ""5"": {""premium"": 3, ""enterprise"": 5}, ""6"": {""enterprise"": 8}, ""7"": {""premium"": 6}}"
39.296736,start,w0!w000134__freemium,freemium,4,415,plb_nclass,borrow_higher_surplus,enterprise,freemium,safe_surplus,"{""enterprise"": 3, ""freemium"": 4, ""mixed"": 0, ""premium"": 1}","{""0"": 10, ""1"": 10, ""2"": 10, ""3"": 10, ""4"": 9, ""5"": 8, ""6"": 8, ""7"": 6}","{""0"": {""enterprise"": 10}, ""1"": {""premium"": 6, ""freemium"": 4}, ""2"": {""freemium"": 10}, ""3"": {""freemium"": 10}, ""4"": {""enterprise"": 8, ""freemium"": 1}, ""5"": {""premium"": 3, ""enterprise"": 5}, ""6"": {""enterprise"": 8}, ""7"": {""premium"": 6}}"
39.37536,finish,w0!w000062__enterprise,enterprise,6,601,plb_nclass,finish,,,,"{""enterprise"": 3, ""freemium"": 4, ""mixed"": 0, ""premium"": 1}","{""0"": 10, ""1"": 10, ""2"": 10, ""3"": 10, ""4"": 9, ""5"": 8, ""6"": 7, ""7"": 6}","{""0"": {""enterprise"": 10}, ""1"": {""premium"": 6, ""freemium"": 4}, ""2"": {""freemium"": 10}, ""3"": {""freemium"": 10}, ""4"": {""enterprise"": 8, ""freemium"": 1}, ""5"": {""premium"": 3, ""enterprise"": 5}, ""6"": {""enterprise"": 7}, ""7"": {""premium"": 6}}"
39.45981,finish,w0!w000093__freemium,freemium,2,215,plb_nclass,finish,,,,"{""enterprise"": 3, ""freemium"": 4, ""mixed"": 0, ""premium"": 1}","{""0"": 10, ""1"": 10, ""2"": 9, ""3"": 10, ""4"": 9, ""5"": 8, ""6"": 7, ""7"": 6}","{""0"": {""enterprise"": 10}, ""1"": {""premium"": 6, ""freemium"": 4}, ""2"": {""freemium"": 9}, ""3"": {""freemium"": 10}, ""4"": {""enterprise"": 8, ""freemium"": 1}, ""5"": {""premium"": 3, ""enterprise"": 5}, ""6"": {""enterprise"": 7}, ""7"": {""premium"": 6}}"
39.555114,finish,w0!w000047__enterprise,enterprise,4,405,plb_nclass,finish,,,,"{""enterprise"": 3, ""freemium"": 4, ""mixed"": 0, ""premium"": 1}","{""0"": 10, ""1"": 10, ""2"": 9, ""3"": 10, ""4"": 8, ""5"": 8, ""6"": 7, ""7"": 6}","{""0"": {""enterprise"": 10}, ""1"": {""premium"": 6, ""freemium"": 4}, ""2"": {""freemium"": 9}, ""3"": {""freemium"": 10}, ""4"": {""enterprise"": 7, ""freemium"": 1}, ""5"": {""premium"": 3, ""enterprise"": 5}, ""6"": {""enterprise"": 7}, ""7"": {""premium"": 6}}"
39.639662,start,w0!w000135__freemium,freemium,4,416,plb_nclass,own_pool,freemium,freemium,under_theta,"{""enterprise"": 3, ""freemium"": 4, ""mixed"": 0, ""premium"": 1}","{""0"": 10, ""1"": 10, ""2"": 9, ""3"": 10, ""4"": 9, ""5"": 8, ""6"": 7, ""7"": 6}","{""0"": {""enterprise"": 10}, ""1"": {""premium"": 6, ""freemium"": 4}, ""2"": {""freemium"": 9}, ""3"": {""freemium"": 10}, ""4"": {""enterprise"": 7, ""freemium"": 2}, ""5"": {""premium"": 3, ""enterprise"": 5}, ""6"": {""enterprise"": 7}, ""7"": {""premium"": 6}}"
39.984559,finish,w0!w000090__premium,premium,1,113,plb_nclass,finish,,,,"{""enterprise"": 3, ""freemium"": 4, ""mixed"": 0, ""premium"": 1}","{""0"": 10, ""1"": 9, ""2"": 9, ""3"": 10, ""4"": 9, ""5"": 8, ""6"": 7, ""7"": 6}","{""0"": {""enterprise"": 10}, ""1"": {""premium"": 5, ""freemium"": 4}, ""2"": {""freemium"": 9}, ""3"": {""freemium"": 10}, ""4"": {""enterprise"": 7, ""freemium"": 2}, ""5"": {""premium"": 3, ""enterprise"": 5}, ""6"": {""enterprise"": 7}, ""7"": {""premium"": 6}}"
40.046523,finish,w0!w000080__premium,premium,1,111,plb_nclass,finish,,,,"{""enterprise"": 3, ""freemium"": 4, ""mixed"": 0, ""premium"": 1}","{""0"": 10, ""1"": 8, ""2"": 9, ""3"": 10, ""4"": 9, ""5"": 8, ""6"": 7, ""7"": 6}","{""0"": {""enterprise"": 10}, ""1"": {""premium"": 4, ""freemium"": 4}, ""2"": {""freemium"": 9}, ""3"": {""freemium"": 10}, ""4"": {""enterprise"": 7, ""freemium"": 2}, ""5"": {""premium"": 3, ""enterprise"": 5}, ""6"": {""enterprise"": 7}, ""7"": {""premium"": 6}}"
40.071738,finish,w0!w000088__freemium,freemium,2,214,plb_nclass,finish,,,,"{""enterprise"": 3, ""freemium"": 4, ""mixed"": 0, ""premium"": 1}","{""0"": 10, ""1"": 8, ""2"": 8, ""3"": 10, ""4"": 9, ""5"": 8, ""6"": 7, ""7"": 6}","{""0"": {""enterprise"": 10}, ""1"": {""premium"": 4, ""freemium"": 4}, ""2"": {""freemium"": 8}, ""3"": {""freemium"": 10}, ""4"": {""enterprise"": 7, ""freemium"": 2}, ""5"": {""premium"": 3, ""enterprise"": 5}, ""6"": {""enterprise"": 7}, ""7"": {""premium"": 6}}"
40.127376,finish,w0!w000089__enterprise,enterprise,0,14,plb_nclass,finish,,,,"{""enterprise"": 3, ""freemium"": 4, ""mixed"": 0, ""premium"": 1}","{""0"": 9, ""1"": 8, ""2"": 8, ""3"": 10, ""4"": 9, ""5"": 8, ""6"": 7, ""7"": 6}","{""0"": {""enterprise"": 9}, ""1"": {""premium"": 4, ""freemium"": 4}, ""2"": {""freemium"": 8}, ""3"": {""freemium"": 10}, ""4"": {""enterprise"": 7, ""freemium"": 2}, ""5"": {""premium"": 3, ""enterprise"": 5}, ""6"": {""enterprise"": 7}, ""7"": {""premium"": 6}}"
40.197426,start,w0!w000136__premium,premium,7,711,plb_nclass,own_pool,premium,premium,under_theta,"{""enterprise"": 3, ""freemium"": 4, ""mixed"": 0, ""premium"": 1}","{""0"": 9, ""1"": 8, ""2"": 8, ""3"": 10, ""4"": 9, ""5"": 8, ""6"": 7, ""7"": 7}","{""0"": {""enterprise"": 9}, ""1"": {""premium"": 4, ""freemium"": 4}, ""2"": {""freemium"": 8}, ""3"": {""freemium"": 10}, ""4"": {""enterprise"": 7, ""freemium"": 2}, ""5"": {""premium"": 3, ""enterprise"": 5}, ""6"": {""enterprise"": 7}, ""7"": {""premium"": 7}}"
40.641885,start,w0!w000137__freemium,freemium,1,121,plb_nclass,own_pool,freemium,freemium,under_theta,"{""enterprise"": 3, ""freemium"": 4, ""mixed"": 0, ""premium"": 1}","{""0"": 9, ""1"": 9, ""2"": 8, ""3"": 10, ""4"": 9, ""5"": 8, ""6"": 7, ""7"": 7}","{""0"": {""enterprise"": 9}, ""1"": {""premium"": 4, ""freemium"": 5}, ""2"": {""freemium"": 8}, ""3"": {""freemium"": 10}, ""4"": {""enterprise"": 7, ""freemium"": 2}, ""5"": {""premium"": 3, ""enterprise"": 5}, ""6"": {""enterprise"": 7}, ""7"": {""premium"": 7}}"
40.690815,start,w0!w000138__enterprise,enterprise,6,611,plb_nclass,own_pool,enterprise,enterprise,under_theta,"{""enterprise"": 3, ""freemium"": 4, ""mixed"": 0, ""premium"": 1}","{""0"": 9, ""1"": 9, ""2"": 8, ""3"": 10, ""4"": 9, ""5"": 8, ""6"": 8, ""7"": 7}","{""0"": {""enterprise"": 9}, ""1"": {""premium"": 4, ""freemium"": 5}, ""2"": {""freemium"": 8}, ""3"": {""freemium"": 10}, ""4"": {""enterprise"": 7, ""freemium"": 2}, ""5"": {""premium"": 3, ""enterprise"": 5}, ""6"": {""enterprise"": 8}, ""7"": {""premium"": 7}}"
40.781308,finish,w0!w000068__freemium,freemium,2,211,plb_nclass,finish,,,,"{""enterprise"": 3, ""freemium"": 4, ""mixed"": 0, ""premium"": 1}","{""0"": 9, ""1"": 9, ""2"": 7, ""3"": 10, ""4"": 9, ""5"": 8, ""6"": 8, ""7"": 7}","{""0"": {""enterprise"": 9}, ""1"": {""premium"": 4, ""freemium"": 5}, ""2"": {""freemium"": 7}, ""3"": {""freemium"": 10}, ""4"": {""enterprise"": 7, ""freemium"": 2}, ""5"": {""premium"": 3, ""enterprise"": 5}, ""6"": {""enterprise"": 8}, ""7"": {""premium"": 7}}"
40.795682,start,w0!w000139__freemium,freemium,2,221,plb_nclass,own_pool,freemium,freemium,under_theta,"{""enterprise"": 3, ""freemium"": 4, ""mixed"": 0, ""premium"": 1}","{""0"": 9, ""1"": 9, ""2"": 8, ""3"": 10, ""4"": 9, ""5"": 8, ""6"": 8, ""7"": 7}","{""0"": {""enterprise"": 9}, ""1"": {""premium"": 4, ""freemium"": 5}, ""2"": {""freemium"": 8}, ""3"": {""freemium"": 10}, ""4"": {""enterprise"": 7, ""freemium"": 2}, ""5"": {""premium"": 3, ""enterprise"": 5}, ""6"": {""enterprise"": 8}, ""7"": {""premium"": 7}}"
40.84228,finish,w0!w000058__enterprise,enterprise,6,600,plb_nclass,finish,,,,"{""enterprise"": 3, ""freemium"": 4, ""mixed"": 0, ""premium"": 1}","{""0"": 9, ""1"": 9, ""2"": 8, ""3"": 10, ""4"": 9, ""5"": 8, ""6"": 7, ""7"": 7}","{""0"": {""enterprise"": 9}, ""1"": {""premium"": 4, ""freemium"": 5}, ""2"": {""freemium"": 8}, ""3"": {""freemium"": 10}, ""4"": {""enterprise"": 7, ""freemium"": 2}, ""5"": {""premium"": 3, ""enterprise"": 5}, ""6"": {""enterprise"": 7}, ""7"": {""premium"": 7}}"
41.082747,finish,w0!w000055__freemium,freemium,3,306,plb_nclass,finish,,,,"{""enterprise"": 3, ""freemium"": 4, ""mixed"": 0, ""premium"": 1}","{""0"": 9, ""1"": 9, ""2"": 8, ""3"": 9, ""4"": 9, ""5"": 8, ""6"": 7, ""7"": 7}","{""0"": {""enterprise"": 9}, ""1"": {""premium"": 4, ""freemium"": 5}, ""2"": {""freemium"": 8}, ""3"": {""freemium"": 9}, ""4"": {""enterprise"": 7, ""freemium"": 2}, ""5"": {""premium"": 3, ""enterprise"": 5}, ""6"": {""enterprise"": 7}, ""7"": {""premium"": 7}}"
41.478543,finish,w0!w000046__enterprise,enterprise,4,404,plb_nclass,finish,,,,"{""enterprise"": 3, ""freemium"": 4, ""mixed"": 0, ""premium"": 1}","{""0"": 9, ""1"": 9, ""2"": 8, ""3"": 9, ""4"": 8, ""5"": 8, ""6"": 7, ""7"": 7}","{""0"": {""enterprise"": 9}, ""1"": {""premium"": 4, ""freemium"": 5}, ""2"": {""freemium"": 8}, ""3"": {""freemium"": 9}, ""4"": {""enterprise"": 6, ""freemium"": 2}, ""5"": {""premium"": 3, ""enterprise"": 5}, ""6"": {""enterprise"": 7}, ""7"": {""premium"": 7}}"
41.505993,finish,w0!w000092__enterprise,enterprise,4,410,plb_nclass,finish,,,,"{""enterprise"": 3, ""freemium"": 4, ""mixed"": 0, ""premium"": 1}","{""0"": 9, ""1"": 9, ""2"": 8, ""3"": 9, ""4"": 7, ""5"": 8, ""6"": 7, ""7"": 7}","{""0"": {""enterprise"": 9}, ""1"": {""premium"": 4, ""freemium"": 5}, ""2"": {""freemium"": 8}, ""3"": {""freemium"": 9}, ""4"": {""enterprise"": 5, ""freemium"": 2}, ""5"": {""premium"": 3, ""enterprise"": 5}, ""6"": {""enterprise"": 7}, ""7"": {""premium"": 7}}"
41.641194,finish,w0!w000053__premium,premium,5,509,plb_nclass,finish,,,,"{""enterprise"": 3, ""freemium"": 4, ""mixed"": 0, ""premium"": 1}","{""0"": 9, ""1"": 9, ""2"": 8, ""3"": 9, ""4"": 7, ""5"": 7, ""6"": 7, ""7"": 7}","{""0"": {""enterprise"": 9}, ""1"": {""premium"": 4, ""freemium"": 5}, ""2"": {""freemium"": 8}, ""3"": {""freemium"": 9}, ""4"": {""enterprise"": 5, ""freemium"": 2}, ""5"": {""premium"": 2, ""enterprise"": 5}, ""6"": {""enterprise"": 7}, ""7"": {""premium"": 7}}"
41.672016,start,w0!w000140__premium,premium,7,712,plb_nclass,own_pool,premium,premium,under_theta,"{""enterprise"": 3, ""freemium"": 4, ""mixed"": 0, ""premium"": 1}","{""0"": 9, ""1"": 9, ""2"": 8, ""3"": 9, ""4"": 7, ""5"": 7, ""6"": 7, ""7"": 8}","{""0"": {""enterprise"": 9}, ""1"": {""premium"": 4, ""freemium"": 5}, ""2"": {""freemium"": 8}, ""3"": {""freemium"": 9}, ""4"": {""enterprise"": 5, ""freemium"": 2}, ""5"": {""premium"": 2, ""enterprise"": 5}, ""6"": {""enterprise"": 7}, ""7"": {""premium"": 8}}"
41.719518,start,w0!w000141__premium,premium,7,713,plb_nclass,own_pool,premium,premium,under_theta,"{""enterprise"": 3, ""freemium"": 4, ""mixed"": 0, ""premium"": 1}","{""0"": 9, ""1"": 9, ""2"": 8, ""3"": 9, ""4"": 7, ""5"": 7, ""6"": 7, ""7"": 9}","{""0"": {""enterprise"": 9}, ""1"": {""premium"": 4, ""freemium"": 5}, ""2"": {""freemium"": 8}, ""3"": {""freemium"": 9}, ""4"": {""enterprise"": 5, ""freemium"": 2}, ""5"": {""premium"": 2, ""enterprise"": 5}, ""6"": {""enterprise"": 7}, ""7"": {""premium"": 9}}"
41.872349,start,w0!w000142__premium,premium,7,714,plb_nclass,own_pool,premium,premium,under_theta,"{""enterprise"": 3, ""freemium"": 4, ""mixed"": 0, ""premium"": 1}","{""0"": 9, ""1"": 9, ""2"": 8, ""3"": 9, ""4"": 7, ""5"": 7, ""6"": 7, ""7"": 10}","{""0"": {""enterprise"": 9}, ""1"": {""premium"": 4, ""freemium"": 5}, ""2"": {""freemium"": 8}, ""3"": {""freemium"": 9}, ""4"": {""enterprise"": 5, ""freemium"": 2}, ""5"": {""premium"": 2, ""enterprise"": 5}, ""6"": {""enterprise"": 7}, ""7"": {""premium"": 10}}"
42.299399,start,w0!w000143__enterprise,enterprise,5,517,plb_nclass,own_pool,enterprise,enterprise,under_theta,"{""enterprise"": 3, ""freemium"": 4, ""mixed"": 0, ""premium"": 1}","{""0"": 9, ""1"": 9, ""2"": 8, ""3"": 9, ""4"": 7, ""5"": 8, ""6"": 7, ""7"": 10}","{""0"": {""enterprise"": 9}, ""1"": {""premium"": 4, ""freemium"": 5}, ""2"": {""freemium"": 8}, ""3"": {""freemium"": 9}, ""4"": {""enterprise"": 5, ""freemium"": 2}, ""5"": {""premium"": 2, ""enterprise"": 6}, ""6"": {""enterprise"": 7}, ""7"": {""premium"": 10}}"
42.476766,finish,w0!w000100__premium,premium,1,115,plb_nclass,finish,,,,"{""enterprise"": 3, ""freemium"": 4, ""mixed"": 0, ""premium"": 1}","{""0"": 9, ""1"": 8, ""2"": 8, ""3"": 9, ""4"": 7, ""5"": 8, ""6"": 7, ""7"": 10}","{""0"": {""enterprise"": 9}, ""1"": {""premium"": 3, ""freemium"": 5}, ""2"": {""freemium"": 8}, ""3"": {""freemium"": 9}, ""4"": {""enterprise"": 5, ""freemium"": 2}, ""5"": {""premium"": 2, ""enterprise"": 6}, ""6"": {""enterprise"": 7}, ""7"": {""premium"": 10}}"
42.710993,finish,w0!w000066__premium,premium,7,701,plb_nclass,finish,,,,"{""enterprise"": 3, ""freemium"": 4, ""mixed"": 0, ""premium"": 1}","{""0"": 9, ""1"": 8, ""2"": 8, ""3"": 9, ""4"": 7, ""5"": 8, ""6"": 7, ""7"": 9}","{""0"": {""enterprise"": 9}, ""1"": {""premium"": 3, ""freemium"": 5}, ""2"": {""freemium"": 8}, ""3"": {""freemium"": 9}, ""4"": {""enterprise"": 5, ""freemium"": 2}, ""5"": {""premium"": 2, ""enterprise"": 6}, ""6"": {""enterprise"": 7}, ""7"": {""premium"": 9}}"
42.735598,start,w0!w000144__freemium,freemium,4,417,plb_nclass,own_pool,freemium,freemium,under_theta,"{""enterprise"": 3, ""freemium"": 4, ""mixed"": 0, ""premium"": 1}","{""0"": 9, ""1"": 8, ""2"": 8, ""3"": 9, ""4"": 8, ""5"": 8, ""6"": 7, ""7"": 9}","{""0"": {""enterprise"": 9}, ""1"": {""premium"": 3, ""freemium"": 5}, ""2"": {""freemium"": 8}, ""3"": {""freemium"": 9}, ""4"": {""enterprise"": 5, ""freemium"": 3}, ""5"": {""premium"": 2, ""enterprise"": 6}, ""6"": {""enterprise"": 7}, ""7"": {""premium"": 9}}"
42.799765,start,w0!w000145__premium,premium,7,715,plb_nclass,own_pool,premium,premium,under_theta,"{""enterprise"": 3, ""freemium"": 4, ""mixed"": 0, ""premium"": 1}","{""0"": 9, ""1"": 8, ""2"": 8, ""3"": 9, ""4"": 8, ""5"": 8, ""6"": 7, ""7"": 10}","{""0"": {""enterprise"": 9}, ""1"": {""premium"": 3, ""freemium"": 5}, ""2"": {""freemium"": 8}, ""3"": {""freemium"": 9}, ""4"": {""enterprise"": 5, ""freemium"": 3}, ""5"": {""premium"": 2, ""enterprise"": 6}, ""6"": {""enterprise"": 7}, ""7"": {""premium"": 10}}"
42.810149,finish,w0!w000064__enterprise,enterprise,6,602,plb_nclass,finish,,,,"{""enterprise"": 3, ""freemium"": 4, ""mixed"": 0, ""premium"": 1}","{""0"": 9, ""1"": 8, ""2"": 8, ""3"": 9, ""4"": 8, ""5"": 8, ""6"": 6, ""7"": 10}","{""0"": {""enterprise"": 9}, ""1"": {""premium"": 3, ""freemium"": 5}, ""2"": {""freemium"": 8}, ""3"": {""freemium"": 9}, ""4"": {""enterprise"": 5, ""freemium"": 3}, ""5"": {""premium"": 2, ""enterprise"": 6}, ""6"": {""enterprise"": 6}, ""7"": {""premium"": 10}}"
42.814038,finish,w0!w000057__enterprise,enterprise,4,409,plb_nclass,finish,,,,"{""enterprise"": 3, ""freemium"": 4, ""mixed"": 0, ""premium"": 1}","{""0"": 9, ""1"": 8, ""2"": 8, ""3"": 9, ""4"": 7, ""5"": 8, ""6"": 6, ""7"": 10}","{""0"": {""enterprise"": 9}, ""1"": {""premium"": 3, ""freemium"": 5}, ""2"": {""freemium"": 8}, ""3"": {""freemium"": 9}, ""4"": {""enterprise"": 4, ""freemium"": 3}, ""5"": {""premium"": 2, ""enterprise"": 6}, ""6"": {""enterprise"": 6}, ""7"": {""premium"": 10}}"
43.05122,finish,w0!w000073__premium,premium,7,704,plb_nclass,finish,,,,"{""enterprise"": 3, ""freemium"": 4, ""mixed"": 0, ""premium"": 1}","{""0"": 9, ""1"": 8, ""2"": 8, ""3"": 9, ""4"": 7, ""5"": 8, ""6"": 6, ""7"": 9}","{""0"": {""enterprise"": 9}, ""1"": {""premium"": 3, ""freemium"": 5}, ""2"": {""freemium"": 8}, ""3"": {""freemium"": 9}, ""4"": {""enterprise"": 4, ""freemium"": 3}, ""5"": {""premium"": 2, ""enterprise"": 6}, ""6"": {""enterprise"": 6}, ""7"": {""premium"": 9}}"
43.545827,finish,w0!w000082__freemium,freemium,2,212,plb_nclass,finish,,,,"{""enterprise"": 3, ""freemium"": 4, ""mixed"": 0, ""premium"": 1}","{""0"": 9, ""1"": 8, ""2"": 7, ""3"": 9, ""4"": 7, ""5"": 8, ""6"": 6, ""7"": 9}","{""0"": {""enterprise"": 9}, ""1"": {""premium"": 3, ""freemium"": 5}, ""2"": {""freemium"": 7}, ""3"": {""freemium"": 9}, ""4"": {""enterprise"": 4, ""freemium"": 3}, ""5"": {""premium"": 2, ""enterprise"": 6}, ""6"": {""enterprise"": 6}, ""7"": {""premium"": 9}}"
44.347062,finish,w0!w000087__freemium,freemium,3,309,plb_nclass,finish,,,,"{""enterprise"": 3, ""freemium"": 4, ""mixed"": 0, ""premium"": 1}","{""0"": 9, ""1"": 8, ""2"": 7, ""3"": 8, ""4"": 7, ""5"": 8, ""6"": 6, ""7"": 9}","{""0"": {""enterprise"": 9}, ""1"": {""premium"": 3, ""freemium"": 5}, ""2"": {""freemium"": 7}, ""3"": {""freemium"": 8}, ""4"": {""enterprise"": 4, ""freemium"": 3}, ""5"": {""premium"": 2, ""enterprise"": 6}, ""6"": {""enterprise"": 6}, ""7"": {""premium"": 9}}"
44.409215,finish,w0!w000081__enterprise,enterprise,0,12,plb_nclass,finish,,,,"{""enterprise"": 3, ""freemium"": 4, ""mixed"": 0, ""premium"": 1}","{""0"": 8, ""1"": 8, ""2"": 7, ""3"": 8, ""4"": 7, ""5"": 8, ""6"": 6, ""7"": 9}","{""0"": {""enterprise"": 8}, ""1"": {""premium"": 3, ""freemium"": 5}, ""2"": {""freemium"": 7}, ""3"": {""freemium"": 8}, ""4"": {""enterprise"": 4, ""freemium"": 3}, ""5"": {""premium"": 2, ""enterprise"": 6}, ""6"": {""enterprise"": 6}, ""7"": {""premium"": 9}}"
44.596288,start,w0!w000146__enterprise,enterprise,6,612,plb_nclass,own_pool,enterprise,enterprise,under_theta,"{""enterprise"": 3, ""freemium"": 4, ""mixed"": 0, ""premium"": 1}","{""0"": 8, ""1"": 8, ""2"": 7, ""3"": 8, ""4"": 7, ""5"": 8, ""6"": 7, ""7"": 9}","{""0"": {""enterprise"": 8}, ""1"": {""premium"": 3, ""freemium"": 5}, ""2"": {""freemium"": 7}, ""3"": {""freemium"": 8}, ""4"": {""enterprise"": 4, ""freemium"": 3}, ""5"": {""premium"": 2, ""enterprise"": 6}, ""6"": {""enterprise"": 7}, ""7"": {""premium"": 9}}"
44.721888,finish,w0!w000065__enterprise,enterprise,6,603,plb_nclass,finish,,,,"{""enterprise"": 3, ""freemium"": 4, ""mixed"": 0, ""premium"": 1}","{""0"": 8, ""1"": 8, ""2"": 7, ""3"": 8, ""4"": 7, ""5"": 8, ""6"": 6, ""7"": 9}","{""0"": {""enterprise"": 8}, ""1"": {""premium"": 3, ""freemium"": 5}, ""2"": {""freemium"": 7}, ""3"": {""freemium"": 8}, ""4"": {""enterprise"": 4, ""freemium"": 3}, ""5"": {""premium"": 2, ""enterprise"": 6}, ""6"": {""enterprise"": 6}, ""7"": {""premium"": 9}}"
44.753799,finish,w0!w000079__enterprise,enterprise,0,11,plb_nclass,finish,,,,"{""enterprise"": 3, ""freemium"": 4, ""mixed"": 0, ""premium"": 1}","{""0"": 7, ""1"": 8, ""2"": 7, ""3"": 8, ""4"": 7, ""5"": 8, ""6"": 6, ""7"": 9}","{""0"": {""enterprise"": 7}, ""1"": {""premium"": 3, ""freemium"": 5}, ""2"": {""freemium"": 7}, ""3"": {""freemium"": 8}, ""4"": {""enterprise"": 4, ""freemium"": 3}, ""5"": {""premium"": 2, ""enterprise"": 6}, ""6"": {""enterprise"": 6}, ""7"": {""premium"": 9}}"
44.888548,finish,w0!w000103__enterprise,enterprise,0,17,plb_nclass,finish,,,,"{""enterprise"": 3, ""freemium"": 4, ""mixed"": 0, ""premium"": 1}","{""0"": 6, ""1"": 8, ""2"": 7, ""3"": 8, ""4"": 7, ""5"": 8, ""6"": 6, ""7"": 9}","{""0"": {""enterprise"": 6}, ""1"": {""premium"": 3, ""freemium"": 5}, ""2"": {""freemium"": 7}, ""3"": {""freemium"": 8}, ""4"": {""enterprise"": 4, ""freemium"": 3}, ""5"": {""premium"": 2, ""enterprise"": 6}, ""6"": {""enterprise"": 6}, ""7"": {""premium"": 9}}"
44.969209,start,w0!w000147__enterprise,enterprise,0,20,plb_nclass,own_pool,enterprise,enterprise,under_theta,"{""enterprise"": 3, ""freemium"": 4, ""mixed"": 0, ""premium"": 1}","{""0"": 7, ""1"": 8, ""2"": 7, ""3"": 8, ""4"": 7, ""5"": 8, ""6"": 6, ""7"": 9}","{""0"": {""enterprise"": 7}, ""1"": {""premium"": 3, ""freemium"": 5}, ""2"": {""freemium"": 7}, ""3"": {""freemium"": 8}, ""4"": {""enterprise"": 4, ""freemium"": 3}, ""5"": {""premium"": 2, ""enterprise"": 6}, ""6"": {""enterprise"": 6}, ""7"": {""premium"": 9}}"
45.631092,finish,w0!w000113__enterprise,enterprise,6,610,plb_nclass,finish,,,,"{""enterprise"": 3, ""freemium"": 4, ""mixed"": 0, ""premium"": 1}","{""0"": 7, ""1"": 8, ""2"": 7, ""3"": 8, ""4"": 7, ""5"": 8, ""6"": 5, ""7"": 9}","{""0"": {""enterprise"": 7}, ""1"": {""premium"": 3, ""freemium"": 5}, ""2"": {""freemium"": 7}, ""3"": {""freemium"": 8}, ""4"": {""enterprise"": 4, ""freemium"": 3}, ""5"": {""premium"": 2, ""enterprise"": 6}, ""6"": {""enterprise"": 5}, ""7"": {""premium"": 9}}"
45.85499,start,w0!w000148__premium,premium,7,716,plb_nclass,own_pool,premium,premium,under_theta,"{""enterprise"": 3, ""freemium"": 4, ""mixed"": 0, ""premium"": 1}","{""0"": 7, ""1"": 8, ""2"": 7, ""3"": 8, ""4"": 7, ""5"": 8, ""6"": 5, ""7"": 10}","{""0"": {""enterprise"": 7}, ""1"": {""premium"": 3, ""freemium"": 5}, ""2"": {""freemium"": 7}, ""3"": {""freemium"": 8}, ""4"": {""enterprise"": 4, ""freemium"": 3}, ""5"": {""premium"": 2, ""enterprise"": 6}, ""6"": {""enterprise"": 5}, ""7"": {""premium"": 10}}"
45.860139,start,w0!w000149__freemium,freemium,2,222,plb_nclass,own_pool,freemium,freemium,under_theta,"{""enterprise"": 3, ""freemium"": 4, ""mixed"": 0, ""premium"": 1}","{""0"": 7, ""1"": 8, ""2"": 8, ""3"": 8, ""4"": 7, ""5"": 8, ""6"": 5, ""7"": 10}","{""0"": {""enterprise"": 7}, ""1"": {""premium"": 3, ""freemium"": 5}, ""2"": {""freemium"": 8}, ""3"": {""freemium"": 8}, ""4"": {""enterprise"": 4, ""freemium"": 3}, ""5"": {""premium"": 2, ""enterprise"": 6}, ""6"": {""enterprise"": 5}, ""7"": {""premium"": 10}}"
45.914057,finish,w0!w000104__freemium,freemium,2,218,plb_nclass,finish,,,,"{""enterprise"": 3, ""freemium"": 4, ""mixed"": 0, ""premium"": 1}","{""0"": 7, ""1"": 8, ""2"": 7, ""3"": 8, ""4"": 7, ""5"": 8, ""6"": 5, ""7"": 10}","{""0"": {""enterprise"": 7}, ""1"": {""premium"": 3, ""freemium"": 5}, ""2"": {""freemium"": 7}, ""3"": {""freemium"": 8}, ""4"": {""enterprise"": 4, ""freemium"": 3}, ""5"": {""premium"": 2, ""enterprise"": 6}, ""6"": {""enterprise"": 5}, ""7"": {""premium"": 10}}"
45.945725,start,w0!w000150__freemium,freemium,2,223,plb_nclass,own_pool,freemium,freemium,under_theta,"{""enterprise"": 3, ""freemium"": 4, ""mixed"": 0, ""premium"": 1}","{""0"": 7, ""1"": 8, ""2"": 8, ""3"": 8, ""4"": 7, ""5"": 8, ""6"": 5, ""7"": 10}","{""0"": {""enterprise"": 7}, ""1"": {""premium"": 3, ""freemium"": 5}, ""2"": {""freemium"": 8}, ""3"": {""freemium"": 8}, ""4"": {""enterprise"": 4, ""freemium"": 3}, ""5"": {""premium"": 2, ""enterprise"": 6}, ""6"": {""enterprise"": 5}, ""7"": {""premium"": 10}}"
46.083564,start,w0!w000151__premium,premium,4,418,plb_nclass,borrow_lower,freemium,premium,load_first,"{""enterprise"": 3, ""freemium"": 3, ""mixed"": 0, ""premium"": 2}","{""0"": 7, ""1"": 8, ""2"": 8, ""3"": 8, ""4"": 8, ""5"": 8, ""6"": 5, ""7"": 10}","{""0"": {""enterprise"": 7}, ""1"": {""premium"": 3, ""freemium"": 5}, ""2"": {""freemium"": 8}, ""3"": {""freemium"": 8}, ""4"": {""enterprise"": 4, ""freemium"": 3, ""premium"": 1}, ""5"": {""premium"": 2, ""enterprise"": 6}, ""6"": {""enterprise"": 5}, ""7"": {""premium"": 10}}"
46.129391,start,w0!w000152__enterprise,enterprise,6,613,plb_nclass,own_pool,enterprise,enterprise,under_theta,"{""enterprise"": 3, ""freemium"": 3, ""mixed"": 0, ""premium"": 2}","{""0"": 7, ""1"": 8, ""2"": 8, ""3"": 8, ""4"": 8, ""5"": 8, ""6"": 6, ""7"": 10}","{""0"": {""enterprise"": 7}, ""1"": {""premium"": 3, ""freemium"": 5}, ""2"": {""freemium"": 8}, ""3"": {""freemium"": 8}, ""4"": {""enterprise"": 4, ""freemium"": 3, ""premium"": 1}, ""5"": {""premium"": 2, ""enterprise"": 6}, ""6"": {""enterprise"": 6}, ""7"": {""premium"": 10}}"
46.396857,start,w0!w000153__premium,premium,4,419,plb_nclass,own_pool,premium,premium,under_theta,"{""enterprise"": 3, ""freemium"": 3, ""mixed"": 0, ""premium"": 2}","{""0"": 7, ""1"": 8, ""2"": 8, ""3"": 8, ""4"": 9, ""5"": 8, ""6"": 6, ""7"": 10}","{""0"": {""enterprise"": 7}, ""1"": {""premium"": 3, ""freemium"": 5}, ""2"": {""freemium"": 8}, ""3"": {""freemium"": 8}, ""4"": {""enterprise"": 4, ""freemium"": 3, ""premium"": 2}, ""5"": {""premium"": 2, ""enterprise"": 6}, ""6"": {""enterprise"": 6}, ""7"": {""premium"": 10}}"
46.508754,start,w0!w000154__enterprise,enterprise,6,614,plb_nclass,own_pool,enterprise,enterprise,under_theta,"{""enterprise"": 3, ""freemium"": 3, ""mixed"": 0, ""premium"": 2}","{""0"": 7, ""1"": 8, ""2"": 8, ""3"": 8, ""4"": 9, ""5"": 8, ""6"": 7, ""7"": 10}","{""0"": {""enterprise"": 7}, ""1"": {""premium"": 3, ""freemium"": 5}, ""2"": {""freemium"": 8}, ""3"": {""freemium"": 8}, ""4"": {""enterprise"": 4, ""freemium"": 3, ""premium"": 2}, ""5"": {""premium"": 2, ""enterprise"": 6}, ""6"": {""enterprise"": 7}, ""7"": {""premium"": 10}}"
46.578149,start,w0!w000155__enterprise,enterprise,0,21,plb_nclass,own_pool,enterprise,enterprise,under_theta,"{""enterprise"": 3, ""freemium"": 3, ""mixed"": 0, ""premium"": 2}","{""0"": 8, ""1"": 8, ""2"": 8, ""3"": 8, ""4"": 9, ""5"": 8, ""6"": 7, ""7"": 10}","{""0"": {""enterprise"": 8}, ""1"": {""premium"": 3, ""freemium"": 5}, ""2"": {""freemium"": 8}, ""3"": {""freemium"": 8}, ""4"": {""enterprise"": 4, ""freemium"": 3, ""premium"": 2}, ""5"": {""premium"": 2, ""enterprise"": 6}, ""6"": {""enterprise"": 7}, ""7"": {""premium"": 10}}"
46.722594,start,w0!w000156__freemium,freemium,1,122,plb_nclass,own_pool,freemium,freemium,under_theta,"{""enterprise"": 3, ""freemium"": 3, ""mixed"": 0, ""premium"": 2}","{""0"": 8, ""1"": 9, ""2"": 8, ""3"": 8, ""4"": 9, ""5"": 8, ""6"": 7, ""7"": 10}","{""0"": {""enterprise"": 8}, ""1"": {""premium"": 3, ""freemium"": 6}, ""2"": {""freemium"": 8}, ""3"": {""freemium"": 8}, ""4"": {""enterprise"": 4, ""freemium"": 3, ""premium"": 2}, ""5"": {""premium"": 2, ""enterprise"": 6}, ""6"": {""enterprise"": 7}, ""7"": {""premium"": 10}}"
46.780235,finish,w0!w000069__enterprise,enterprise,6,604,plb_nclass,finish,,,,"{""enterprise"": 3, ""freemium"": 3, ""mixed"": 0, ""premium"": 2}","{""0"": 8, ""1"": 9, ""2"": 8, ""3"": 8, ""4"": 9, ""5"": 8, ""6"": 6, ""7"": 10}","{""0"": {""enterprise"": 8}, ""1"": {""premium"": 3, ""freemium"": 6}, ""2"": {""freemium"": 8}, ""3"": {""freemium"": 8}, ""4"": {""enterprise"": 4, ""freemium"": 3, ""premium"": 2}, ""5"": {""premium"": 2, ""enterprise"": 6}, ""6"": {""enterprise"": 6}, ""7"": {""premium"": 10}}"
46.826648,start,w0!w000157__enterprise,enterprise,6,615,plb_nclass,own_pool,enterprise,enterprise,under_theta,"{""enterprise"": 3, ""freemium"": 3, ""mixed"": 0, ""premium"": 2}","{""0"": 8, ""1"": 9, ""2"": 8, ""3"": 8, ""4"": 9, ""5"": 8, ""6"": 7, ""7"": 10}","{""0"": {""enterprise"": 8}, ""1"": {""premium"": 3, ""freemium"": 6}, ""2"": {""freemium"": 8}, ""3"": {""freemium"": 8}, ""4"": {""enterprise"": 4, ""freemium"": 3, ""premium"": 2}, ""5"": {""premium"": 2, ""enterprise"": 6}, ""6"": {""enterprise"": 7}, ""7"": {""premium"": 10}}"
46.946459,start,w0!w000158__premium,premium,4,420,plb_nclass,own_pool,premium,premium,under_theta,"{""enterprise"": 3, ""freemium"": 3, ""mixed"": 0, ""premium"": 2}","{""0"": 8, ""1"": 9, ""2"": 8, ""3"": 8, ""4"": 10, ""5"": 8, ""6"": 7, ""7"": 10}","{""0"": {""enterprise"": 8}, ""1"": {""premium"": 3, ""freemium"": 6}, ""2"": {""freemium"": 8}, ""3"": {""freemium"": 8}, ""4"": {""enterprise"": 4, ""freemium"": 3, ""premium"": 3}, ""5"": {""premium"": 2, ""enterprise"": 6}, ""6"": {""enterprise"": 7}, ""7"": {""premium"": 10}}"
47.211147,finish,w0!w000071__enterprise,enterprise,6,606,plb_nclass,finish,,,,"{""enterprise"": 3, ""freemium"": 3, ""mixed"": 0, ""premium"": 2}","{""0"": 8, ""1"": 9, ""2"": 8, ""3"": 8, ""4"": 10, ""5"": 8, ""6"": 6, ""7"": 10}","{""0"": {""enterprise"": 8}, ""1"": {""premium"": 3, ""freemium"": 6}, ""2"": {""freemium"": 8}, ""3"": {""freemium"": 8}, ""4"": {""enterprise"": 4, ""freemium"": 3, ""premium"": 3}, ""5"": {""premium"": 2, ""enterprise"": 6}, ""6"": {""enterprise"": 6}, ""7"": {""premium"": 10}}"
47.84014,start,w0!w000159__enterprise,enterprise,6,616,plb_nclass,own_pool,enterprise,enterprise,under_theta,"{""enterprise"": 3, ""freemium"": 3, ""mixed"": 0, ""premium"": 2}","{""0"": 8, ""1"": 9, ""2"": 8, ""3"": 8, ""4"": 10, ""5"": 8, ""6"": 7, ""7"": 10}","{""0"": {""enterprise"": 8}, ""1"": {""premium"": 3, ""freemium"": 6}, ""2"": {""freemium"": 8}, ""3"": {""freemium"": 8}, ""4"": {""enterprise"": 4, ""freemium"": 3, ""premium"": 3}, ""5"": {""premium"": 2, ""enterprise"": 6}, ""6"": {""enterprise"": 7}, ""7"": {""premium"": 10}}"
48.01677,finish,w0!w000077__premium,premium,7,707,plb_nclass,finish,,,,"{""enterprise"": 3, ""freemium"": 3, ""mixed"": 0, ""premium"": 2}","{""0"": 8, ""1"": 9, ""2"": 8, ""3"": 8, ""4"": 10, ""5"": 8, ""6"": 7, ""7"": 9}","{""0"": {""enterprise"": 8}, ""1"": {""premium"": 3, ""freemium"": 6}, ""2"": {""freemium"": 8}, ""3"": {""freemium"": 8}, ""4"": {""enterprise"": 4, ""freemium"": 3, ""premium"": 3}, ""5"": {""premium"": 2, ""enterprise"": 6}, ""6"": {""enterprise"": 7}, ""7"": {""premium"": 9}}"
48.206663,start,w0!w000160__freemium,freemium,2,224,plb_nclass,own_pool,freemium,freemium,under_theta,"{""enterprise"": 3, ""freemium"": 3, ""mixed"": 0, ""premium"": 2}","{""0"": 8, ""1"": 9, ""2"": 9, ""3"": 8, ""4"": 10, ""5"": 8, ""6"": 7, ""7"": 9}","{""0"": {""enterprise"": 8}, ""1"": {""premium"": 3, ""freemium"": 6}, ""2"": {""freemium"": 9}, ""3"": {""freemium"": 8}, ""4"": {""enterprise"": 4, ""freemium"": 3, ""premium"": 3}, ""5"": {""premium"": 2, ""enterprise"": 6}, ""6"": {""enterprise"": 7}, ""7"": {""premium"": 9}}"
48.30203,finish,w0!w000119__enterprise,enterprise,4,412,plb_nclass,finish,,,,"{""enterprise"": 3, ""freemium"": 3, ""mixed"": 0, ""premium"": 2}","{""0"": 8, ""1"": 9, ""2"": 9, ""3"": 8, ""4"": 9, ""5"": 8, ""6"": 7, ""7"": 9}","{""0"": {""enterprise"": 8}, ""1"": {""premium"": 3, ""freemium"": 6}, ""2"": {""freemium"": 9}, ""3"": {""freemium"": 8}, ""4"": {""enterprise"": 3, ""freemium"": 3, ""premium"": 3}, ""5"": {""premium"": 2, ""enterprise"": 6}, ""6"": {""enterprise"": 7}, ""7"": {""premium"": 9}}"
48.363965,finish,w0!w000101__enterprise,enterprise,0,16,plb_nclass,finish,,,,"{""enterprise"": 3, ""freemium"": 3, ""mixed"": 0, ""premium"": 2}","{""0"": 7, ""1"": 9, ""2"": 9, ""3"": 8, ""4"": 9, ""5"": 8, ""6"": 7, ""7"": 9}","{""0"": {""enterprise"": 7}, ""1"": {""premium"": 3, ""freemium"": 6}, ""2"": {""freemium"": 9}, ""3"": {""freemium"": 8}, ""4"": {""enterprise"": 3, ""freemium"": 3, ""premium"": 3}, ""5"": {""premium"": 2, ""enterprise"": 6}, ""6"": {""enterprise"": 7}, ""7"": {""premium"": 9}}"
48.408389,finish,w0!w000097__enterprise,enterprise,0,15,plb_nclass,finish,,,,"{""enterprise"": 3, ""freemium"": 3, ""mixed"": 0, ""premium"": 2}","{""0"": 6, ""1"": 9, ""2"": 9, ""3"": 8, ""4"": 9, ""5"": 8, ""6"": 7, ""7"": 9}","{""0"": {""enterprise"": 6}, ""1"": {""premium"": 3, ""freemium"": 6}, ""2"": {""freemium"": 9}, ""3"": {""freemium"": 8}, ""4"": {""enterprise"": 3, ""freemium"": 3, ""premium"": 3}, ""5"": {""premium"": 2, ""enterprise"": 6}, ""6"": {""enterprise"": 7}, ""7"": {""premium"": 9}}"
48.568822,start,w0!w000161__enterprise,enterprise,0,22,plb_nclass,own_pool,enterprise,enterprise,under_theta,"{""enterprise"": 3, ""freemium"": 3, ""mixed"": 0, ""premium"": 2}","{""0"": 7, ""1"": 9, ""2"": 9, ""3"": 8, ""4"": 9, ""5"": 8, ""6"": 7, ""7"": 9}","{""0"": {""enterprise"": 7}, ""1"": {""premium"": 3, ""freemium"": 6}, ""2"": {""freemium"": 9}, ""3"": {""freemium"": 8}, ""4"": {""enterprise"": 3, ""freemium"": 3, ""premium"": 3}, ""5"": {""premium"": 2, ""enterprise"": 6}, ""6"": {""enterprise"": 7}, ""7"": {""premium"": 9}}"
48.602833,finish,w0!w000115__enterprise,enterprise,5,513,plb_nclass,finish,,,,"{""enterprise"": 3, ""freemium"": 3, ""mixed"": 0, ""premium"": 2}","{""0"": 7, ""1"": 9, ""2"": 9, ""3"": 8, ""4"": 9, ""5"": 7, ""6"": 7, ""7"": 9}","{""0"": {""enterprise"": 7}, ""1"": {""premium"": 3, ""freemium"": 6}, ""2"": {""freemium"": 9}, ""3"": {""freemium"": 8}, ""4"": {""enterprise"": 3, ""freemium"": 3, ""premium"": 3}, ""5"": {""premium"": 2, ""enterprise"": 5}, ""6"": {""enterprise"": 7}, ""7"": {""premium"": 9}}"
48.605634,start,w0!w000162__premium,premium,4,421,plb_nclass,own_pool,premium,premium,under_theta,"{""enterprise"": 3, ""freemium"": 3, ""mixed"": 0, ""premium"": 2}","{""0"": 7, ""1"": 9, ""2"": 9, ""3"": 8, ""4"": 10, ""5"": 7, ""6"": 7, ""7"": 9}","{""0"": {""enterprise"": 7}, ""1"": {""premium"": 3, ""freemium"": 6}, ""2"": {""freemium"": 9}, ""3"": {""freemium"": 8}, ""4"": {""enterprise"": 3, ""freemium"": 3, ""premium"": 4}, ""5"": {""premium"": 2, ""enterprise"": 5}, ""6"": {""enterprise"": 7}, ""7"": {""premium"": 9}}"
48.682779,finish,w0!w000078__enterprise,enterprise,0,10,plb_nclass,finish,,,,"{""enterprise"": 3, ""freemium"": 3, ""mixed"": 0, ""premium"": 2}","{""0"": 6, ""1"": 9, ""2"": 9, ""3"": 8, ""4"": 10, ""5"": 7, ""6"": 7, ""7"": 9}","{""0"": {""enterprise"": 6}, ""1"": {""premium"": 3, ""freemium"": 6}, ""2"": {""freemium"": 9}, ""3"": {""freemium"": 8}, ""4"": {""enterprise"": 3, ""freemium"": 3, ""premium"": 4}, ""5"": {""premium"": 2, ""enterprise"": 5}, ""6"": {""enterprise"": 7}, ""7"": {""premium"": 9}}"
48.702486,start,w0!w000163__premium,premium,7,717,plb_nclass,own_pool,premium,premium,under_theta,"{""enterprise"": 3, ""freemium"": 3, ""mixed"": 0, ""premium"": 2}","{""0"": 6, ""1"": 9, ""2"": 9, ""3"": 8, ""4"": 10, ""5"": 7, ""6"": 7, ""7"": 10}","{""0"": {""enterprise"": 6}, ""1"": {""premium"": 3, ""freemium"": 6}, ""2"": {""freemium"": 9}, ""3"": {""freemium"": 8}, ""4"": {""enterprise"": 3, ""freemium"": 3, ""premium"": 4}, ""5"": {""premium"": 2, ""enterprise"": 5}, ""6"": {""enterprise"": 7}, ""7"": {""premium"": 10}}"
48.806913,start,w0!w000164__freemium,freemium,3,318,plb_nclass,own_pool,freemium,freemium,under_theta,"{""enterprise"": 3, ""freemium"": 3, ""mixed"": 0, ""premium"": 2}","{""0"": 6, ""1"": 9, ""2"": 9, ""3"": 9, ""4"": 10, ""5"": 7, ""6"": 7, ""7"": 10}","{""0"": {""enterprise"": 6}, ""1"": {""premium"": 3, ""freemium"": 6}, ""2"": {""freemium"": 9}, ""3"": {""freemium"": 9}, ""4"": {""enterprise"": 3, ""freemium"": 3, ""premium"": 4}, ""5"": {""premium"": 2, ""enterprise"": 5}, ""6"": {""enterprise"": 7}, ""7"": {""premium"": 10}}"
48.867887,start,w0!w000165__premium,premium,1,123,plb_nclass,borrow_lower,freemium,premium,load_first,"{""enterprise"": 3, ""freemium"": 2, ""mixed"": 0, ""premium"": 3}","{""0"": 6, ""1"": 10, ""2"": 9, ""3"": 9, ""4"": 10, ""5"": 7, ""6"": 7, ""7"": 10}","{""0"": {""enterprise"": 6}, ""1"": {""premium"": 4, ""freemium"": 6}, ""2"": {""freemium"": 9}, ""3"": {""freemium"": 9}, ""4"": {""enterprise"": 3, ""freemium"": 3, ""premium"": 4}, ""5"": {""premium"": 2, ""enterprise"": 5}, ""6"": {""enterprise"": 7}, ""7"": {""premium"": 10}}"
48.99913,start,w0!w000166__premium,premium,2,225,plb_nclass,borrow_lower,freemium,premium,load_first,"{""enterprise"": 3, ""freemium"": 1, ""mixed"": 0, ""premium"": 4}","{""0"": 6, ""1"": 10, ""2"": 10, ""3"": 9, ""4"": 10, ""5"": 7, ""6"": 7, ""7"": 10}","{""0"": {""enterprise"": 6}, ""1"": {""premium"": 4, ""freemium"": 6}, ""2"": {""freemium"": 9, ""premium"": 1}, ""3"": {""freemium"": 9}, ""4"": {""enterprise"": 3, ""freemium"": 3, ""premium"": 4}, ""5"": {""premium"": 2, ""enterprise"": 5}, ""6"": {""enterprise"": 7}, ""7"": {""premium"": 10}}"
49.280963,start,w0!w000167__enterprise,enterprise,0,23,plb_nclass,own_pool,enterprise,enterprise,under_theta,"{""enterprise"": 3, ""freemium"": 1, ""mixed"": 0, ""premium"": 4}","{""0"": 7, ""1"": 10, ""2"": 10, ""3"": 9, ""4"": 10, ""5"": 7, ""6"": 7, ""7"": 10}","{""0"": {""enterprise"": 7}, ""1"": {""premium"": 4, ""freemium"": 6}, ""2"": {""freemium"": 9, ""premium"": 1}, ""3"": {""freemium"": 9}, ""4"": {""enterprise"": 3, ""freemium"": 3, ""premium"": 4}, ""5"": {""premium"": 2, ""enterprise"": 5}, ""6"": {""enterprise"": 7}, ""7"": {""premium"": 10}}"
49.295908,finish,w0!w000130__freemium,freemium,1,120,plb_nclass,finish,,,,"{""enterprise"": 3, ""freemium"": 1, ""mixed"": 0, ""premium"": 4}","{""0"": 7, ""1"": 9, ""2"": 10, ""3"": 9, ""4"": 10, ""5"": 7, ""6"": 7, ""7"": 10}","{""0"": {""enterprise"": 7}, ""1"": {""premium"": 4, ""freemium"": 5}, ""2"": {""freemium"": 9, ""premium"": 1}, ""3"": {""freemium"": 9}, ""4"": {""enterprise"": 3, ""freemium"": 3, ""premium"": 4}, ""5"": {""premium"": 2, ""enterprise"": 5}, ""6"": {""enterprise"": 7}, ""7"": {""premium"": 10}}"
49.426746,start,w0!w000168__freemium,freemium,3,319,plb_nclass,own_pool,freemium,freemium,under_theta,"{""enterprise"": 3, ""freemium"": 1, ""mixed"": 0, ""premium"": 4}","{""0"": 7, ""1"": 9, ""2"": 10, ""3"": 10, ""4"": 10, ""5"": 7, ""6"": 7, ""7"": 10}","{""0"": {""enterprise"": 7}, ""1"": {""premium"": 4, ""freemium"": 5}, ""2"": {""freemium"": 9, ""premium"": 1}, ""3"": {""freemium"": 10}, ""4"": {""enterprise"": 3, ""freemium"": 3, ""premium"": 4}, ""5"": {""premium"": 2, ""enterprise"": 5}, ""6"": {""enterprise"": 7}, ""7"": {""premium"": 10}}"
49.591792,finish,w0!w000085__premium,premium,1,112,plb_nclass,finish,,,,"{""enterprise"": 3, ""freemium"": 1, ""mixed"": 0, ""premium"": 4}","{""0"": 7, ""1"": 8, ""2"": 10, ""3"": 10, ""4"": 10, ""5"": 7, ""6"": 7, ""7"": 10}","{""0"": {""enterprise"": 7}, ""1"": {""premium"": 3, ""freemium"": 5}, ""2"": {""freemium"": 9, ""premium"": 1}, ""3"": {""freemium"": 10}, ""4"": {""enterprise"": 3, ""freemium"": 3, ""premium"": 4}, ""5"": {""premium"": 2, ""enterprise"": 5}, ""6"": {""enterprise"": 7}, ""7"": {""premium"": 10}}"
49.6774,start,w0!w000169__freemium,freemium,1,124,plb_nclass,borrow_higher_surplus,premium,freemium,safe_surplus,"{""enterprise"": 3, ""freemium"": 2, ""mixed"": 0, ""premium"": 3}","{""0"": 7, ""1"": 9, ""2"": 10, ""3"": 10, ""4"": 10, ""5"": 7, ""6"": 7, ""7"": 10}","{""0"": {""enterprise"": 7}, ""1"": {""premium"": 3, ""freemium"": 6}, ""2"": {""freemium"": 9, ""premium"": 1}, ""3"": {""freemium"": 10}, ""4"": {""enterprise"": 3, ""freemium"": 3, ""premium"": 4}, ""5"": {""premium"": 2, ""enterprise"": 5}, ""6"": {""enterprise"": 7}, ""7"": {""premium"": 10}}"
49.687541,finish,w0!w000099__freemium,freemium,2,217,plb_nclass,finish,,,,"{""enterprise"": 3, ""freemium"": 2, ""mixed"": 0, ""premium"": 3}","{""0"": 7, ""1"": 9, ""2"": 9, ""3"": 10, ""4"": 10, ""5"": 7, ""6"": 7, ""7"": 10}","{""0"": {""enterprise"": 7}, ""1"": {""premium"": 3, ""freemium"": 6}, ""2"": {""freemium"": 8, ""premium"": 1}, ""3"": {""freemium"": 10}, ""4"": {""enterprise"": 3, ""freemium"": 3, ""premium"": 4}, ""5"": {""premium"": 2, ""enterprise"": 5}, ""6"": {""enterprise"": 7}, ""7"": {""premium"": 10}}"
49.703262,start,w0!w000170__freemium,freemium,1,125,plb_nclass,own_pool,freemium,freemium,under_theta,"{""enterprise"": 3, ""freemium"": 2, ""mixed"": 0, ""premium"": 3}","{""0"": 7, ""1"": 10, ""2"": 9, ""3"": 10, ""4"": 10, ""5"": 7, ""6"": 7, ""7"": 10}","{""0"": {""enterprise"": 7}, ""1"": {""premium"": 3, ""freemium"": 7}, ""2"": {""freemium"": 8, ""premium"": 1}, ""3"": {""freemium"": 10}, ""4"": {""enterprise"": 3, ""freemium"": 3, ""premium"": 4}, ""5"": {""premium"": 2, ""enterprise"": 5}, ""6"": {""enterprise"": 7}, ""7"": {""premium"": 10}}"
49.912208,start,w0!w000171__premium,premium,2,226,plb_nclass,own_pool,premium,premium,under_theta,"{""enterprise"": 3, ""freemium"": 2, ""mixed"": 0, ""premium"": 3}","{""0"": 7, ""1"": 10, ""2"": 10, ""3"": 10, ""4"": 10, ""5"": 7, ""6"": 7, ""7"": 10}","{""0"": {""enterprise"": 7}, ""1"": {""premium"": 3, ""freemium"": 7}, ""2"": {""freemium"": 8, ""premium"": 2}, ""3"": {""freemium"": 10}, ""4"": {""enterprise"": 3, ""freemium"": 3, ""premium"": 4}, ""5"": {""premium"": 2, ""enterprise"": 5}, ""6"": {""enterprise"": 7}, ""7"": {""premium"": 10}}"
49.921591,finish,w0!w000126__freemium,freemium,1,119,plb_nclass,finish,,,,"{""enterprise"": 3, ""freemium"": 2, ""mixed"": 0, ""premium"": 3}","{""0"": 7, ""1"": 9, ""2"": 10, ""3"": 10, ""4"": 10, ""5"": 7, ""6"": 7, ""7"": 10}","{""0"": {""enterprise"": 7}, ""1"": {""premium"": 3, ""freemium"": 6}, ""2"": {""freemium"": 8, ""premium"": 2}, ""3"": {""freemium"": 10}, ""4"": {""enterprise"": 3, ""freemium"": 3, ""premium"": 4}, ""5"": {""premium"": 2, ""enterprise"": 5}, ""6"": {""enterprise"": 7}, ""7"": {""premium"": 10}}"
50.625752,start,w0!w000172__premium,premium,1,126,plb_nclass,borrow_lower,freemium,premium,load_first,"{""enterprise"": 3, ""freemium"": 1, ""mixed"": 0, ""premium"": 4}","{""0"": 7, ""1"": 10, ""2"": 10, ""3"": 10, ""4"": 10, ""5"": 7, ""6"": 7, ""7"": 10}","{""0"": {""enterprise"": 7}, ""1"": {""premium"": 4, ""freemium"": 6}, ""2"": {""freemium"": 8, ""premium"": 2}, ""3"": {""freemium"": 10}, ""4"": {""enterprise"": 3, ""freemium"": 3, ""premium"": 4}, ""5"": {""premium"": 2, ""enterprise"": 5}, ""6"": {""enterprise"": 7}, ""7"": {""premium"": 10}}"
50.83798,start,w0!w000173__freemium,freemium,0,24,plb_nclass,borrow_higher_surplus,enterprise,freemium,safe_surplus,"{""enterprise"": 2, ""freemium"": 2, ""mixed"": 0, ""premium"": 4}","{""0"": 8, ""1"": 10, ""2"": 10, ""3"": 10, ""4"": 10, ""5"": 7, ""6"": 7, ""7"": 10}","{""0"": {""enterprise"": 7, ""freemium"": 1}, ""1"": {""premium"": 4, ""freemium"": 6}, ""2"": {""freemium"": 8, ""premium"": 2}, ""3"": {""freemium"": 10}, ""4"": {""enterprise"": 3, ""freemium"": 3, ""premium"": 4}, ""5"": {""premium"": 2, ""enterprise"": 5}, ""6"": {""enterprise"": 7}, ""7"": {""premium"": 10}}"
50.932672,finish,w0!w000118__freemium,freemium,1,117,plb_nclass,finish,,,,"{""enterprise"": 2, ""freemium"": 2, ""mixed"": 0, ""premium"": 4}","{""0"": 8, ""1"": 9, ""2"": 10, ""3"": 10, ""4"": 10, ""5"": 7, ""6"": 7, ""7"": 10}","{""0"": {""enterprise"": 7, ""freemium"": 1}, ""1"": {""premium"": 4, ""freemium"": 5}, ""2"": {""freemium"": 8, ""premium"": 2}, ""3"": {""freemium"": 10}, ""4"": {""enterprise"": 3, ""freemium"": 3, ""premium"": 4}, ""5"": {""premium"": 2, ""enterprise"": 5}, ""6"": {""enterprise"": 7}, ""7"": {""premium"": 10}}"
51.14191,finish,w0!w000137__freemium,freemium,1,121,plb_nclass,finish,,,,"{""enterprise"": 2, ""freemium"": 2, ""mixed"": 0, ""premium"": 4}","{""0"": 8, ""1"": 8, ""2"": 10, ""3"": 10, ""4"": 10, ""5"": 7, ""6"": 7, ""7"": 10}","{""0"": {""enterprise"": 7, ""freemium"": 1}, ""1"": {""premium"": 4, ""freemium"": 4}, ""2"": {""freemium"": 8, ""premium"": 2}, ""3"": {""freemium"": 10}, ""4"": {""enterprise"": 3, ""freemium"": 3, ""premium"": 4}, ""5"": {""premium"": 2, ""enterprise"": 5}, ""6"": {""enterprise"": 7}, ""7"": {""premium"": 10}}"
51.185328,finish,w0!w000084__enterprise,enterprise,0,13,plb_nclass,finish,,,,"{""enterprise"": 2, ""freemium"": 2, ""mixed"": 0, ""premium"": 4}","{""0"": 7, ""1"": 8, ""2"": 10, ""3"": 10, ""4"": 10, ""5"": 7, ""6"": 7, ""7"": 10}","{""0"": {""enterprise"": 6, ""freemium"": 1}, ""1"": {""premium"": 4, ""freemium"": 4}, ""2"": {""freemium"": 8, ""premium"": 2}, ""3"": {""freemium"": 10}, ""4"": {""enterprise"": 3, ""freemium"": 3, ""premium"": 4}, ""5"": {""premium"": 2, ""enterprise"": 5}, ""6"": {""enterprise"": 7}, ""7"": {""premium"": 10}}"
51.618407,finish,w0!w000139__freemium,freemium,2,221,plb_nclass,finish,,,,"{""enterprise"": 2, ""freemium"": 2, ""mixed"": 0, ""premium"": 4}","{""0"": 7, ""1"": 8, ""2"": 9, ""3"": 10, ""4"": 10, ""5"": 7, ""6"": 7, ""7"": 10}","{""0"": {""enterprise"": 6, ""freemium"": 1}, ""1"": {""premium"": 4, ""freemium"": 4}, ""2"": {""freemium"": 7, ""premium"": 2}, ""3"": {""freemium"": 10}, ""4"": {""enterprise"": 3, ""freemium"": 3, ""premium"": 4}, ""5"": {""premium"": 2, ""enterprise"": 5}, ""6"": {""enterprise"": 7}, ""7"": {""premium"": 10}}"
51.668446,start,w0!w000174__freemium,freemium,0,25,plb_nclass,own_pool,freemium,freemium,under_theta,"{""enterprise"": 2, ""freemium"": 2, ""mixed"": 0, ""premium"": 4}","{""0"": 8, ""1"": 8, ""2"": 9, ""3"": 10, ""4"": 10, ""5"": 7, ""6"": 7, ""7"": 10}","{""0"": {""enterprise"": 6, ""freemium"": 2}, ""1"": {""premium"": 4, ""freemium"": 4}, ""2"": {""freemium"": 7, ""premium"": 2}, ""3"": {""freemium"": 10}, ""4"": {""enterprise"": 3, ""freemium"": 3, ""premium"": 4}, ""5"": {""premium"": 2, ""enterprise"": 5}, ""6"": {""enterprise"": 7}, ""7"": {""premium"": 10}}"
52.067566,finish,w0!w000124__freemium,freemium,2,219,plb_nclass,finish,,,,"{""enterprise"": 2, ""freemium"": 2, ""mixed"": 0, ""premium"": 4}","{""0"": 8, ""1"": 8, ""2"": 8, ""3"": 10, ""4"": 10, ""5"": 7, ""6"": 7, ""7"": 10}","{""0"": {""enterprise"": 6, ""freemium"": 2}, ""1"": {""premium"": 4, ""freemium"": 4}, ""2"": {""freemium"": 6, ""premium"": 2}, ""3"": {""freemium"": 10}, ""4"": {""enterprise"": 3, ""freemium"": 3, ""premium"": 4}, ""5"": {""premium"": 2, ""enterprise"": 5}, ""6"": {""enterprise"": 7}, ""7"": {""premium"": 10}}"
52.095836,finish,w0!w000109__premium,premium,5,511,plb_nclass,finish,,,,"{""enterprise"": 2, ""freemium"": 2, ""mixed"": 0, ""premium"": 4}","{""0"": 8, ""1"": 8, ""2"": 8, ""3"": 10, ""4"": 10, ""5"": 6, ""6"": 7, ""7"": 10}","{""0"": {""enterprise"": 6, ""freemium"": 2}, ""1"": {""premium"": 4, ""freemium"": 4}, ""2"": {""freemium"": 6, ""premium"": 2}, ""3"": {""freemium"": 10}, ""4"": {""enterprise"": 3, ""freemium"": 3, ""premium"": 4}, ""5"": {""premium"": 1, ""enterprise"": 5}, ""6"": {""enterprise"": 7}, ""7"": {""premium"": 10}}"
52.782324,finish,w0!w000132__freemium,freemium,3,317,plb_nclass,finish,,,,"{""enterprise"": 2, ""freemium"": 2, ""mixed"": 0, ""premium"": 4}","{""0"": 8, ""1"": 8, ""2"": 8, ""3"": 9, ""4"": 10, ""5"": 6, ""6"": 7, ""7"": 10}","{""0"": {""enterprise"": 6, ""freemium"": 2}, ""1"": {""premium"": 4, ""freemium"": 4}, ""2"": {""freemium"": 6, ""premium"": 2}, ""3"": {""freemium"": 9}, ""4"": {""enterprise"": 3, ""freemium"": 3, ""premium"": 4}, ""5"": {""premium"": 1, ""enterprise"": 5}, ""6"": {""enterprise"": 7}, ""7"": {""premium"": 10}}"
53.278345,finish,w0!w000094__freemium,freemium,2,216,plb_nclass,finish,,,,"{""enterprise"": 2, ""freemium"": 2, ""mixed"": 0, ""premium"": 4}","{""0"": 8, ""1"": 8, ""2"": 7, ""3"": 9, ""4"": 10, ""5"": 6, ""6"": 7, ""7"": 10}","{""0"": {""enterprise"": 6, ""freemium"": 2}, ""1"": {""premium"": 4, ""freemium"": 4}, ""2"": {""freemium"": 5, ""premium"": 2}, ""3"": {""freemium"": 9}, ""4"": {""enterprise"": 3, ""freemium"": 3, ""premium"": 4}, ""5"": {""premium"": 1, ""enterprise"": 5}, ""6"": {""enterprise"": 7}, ""7"": {""premium"": 10}}"
53.319111,finish,w0!w000095__freemium,freemium,3,311,plb_nclass,finish,,,,"{""enterprise"": 2, ""freemium"": 2, ""mixed"": 0, ""premium"": 4}","{""0"": 8, ""1"": 8, ""2"": 7, ""3"": 8, ""4"": 10, ""5"": 6, ""6"": 7, ""7"": 10}","{""0"": {""enterprise"": 6, ""freemium"": 2}, ""1"": {""premium"": 4, ""freemium"": 4}, ""2"": {""freemium"": 5, ""premium"": 2}, ""3"": {""freemium"": 8}, ""4"": {""enterprise"": 3, ""freemium"": 3, ""premium"": 4}, ""5"": {""premium"": 1, ""enterprise"": 5}, ""6"": {""enterprise"": 7}, ""7"": {""premium"": 10}}"
53.342993,finish,w0!w000136__premium,premium,7,711,plb_nclass,finish,,,,"{""enterprise"": 2, ""freemium"": 2, ""mixed"": 0, ""premium"": 4}","{""0"": 8, ""1"": 8, ""2"": 7, ""3"": 8, ""4"": 10, ""5"": 6, ""6"": 7, ""7"": 9}","{""0"": {""enterprise"": 6, ""freemium"": 2}, ""1"": {""premium"": 4, ""freemium"": 4}, ""2"": {""freemium"": 5, ""premium"": 2}, ""3"": {""freemium"": 8}, ""4"": {""enterprise"": 3, ""freemium"": 3, ""premium"": 4}, ""5"": {""premium"": 1, ""enterprise"": 5}, ""6"": {""enterprise"": 7}, ""7"": {""premium"": 9}}"
53.573188,start,w0!w000175__premium,premium,2,227,plb_nclass,own_pool,premium,premium,under_theta,"{""enterprise"": 2, ""freemium"": 2, ""mixed"": 0, ""premium"": 4}","{""0"": 8, ""1"": 8, ""2"": 8, ""3"": 8, ""4"": 10, ""5"": 6, ""6"": 7, ""7"": 9}","{""0"": {""enterprise"": 6, ""freemium"": 2}, ""1"": {""premium"": 4, ""freemium"": 4}, ""2"": {""freemium"": 5, ""premium"": 3}, ""3"": {""freemium"": 8}, ""4"": {""enterprise"": 3, ""freemium"": 3, ""premium"": 4}, ""5"": {""premium"": 1, ""enterprise"": 5}, ""6"": {""enterprise"": 7}, ""7"": {""premium"": 9}}"
53.613066,start,w0!w000176__premium,premium,1,127,plb_nclass,own_pool,premium,premium,under_theta,"{""enterprise"": 2, ""freemium"": 2, ""mixed"": 0, ""premium"": 4}","{""0"": 8, ""1"": 9, ""2"": 8, ""3"": 8, ""4"": 10, ""5"": 6, ""6"": 7, ""7"": 9}","{""0"": {""enterprise"": 6, ""freemium"": 2}, ""1"": {""premium"": 5, ""freemium"": 4}, ""2"": {""freemium"": 5, ""premium"": 3}, ""3"": {""freemium"": 8}, ""4"": {""enterprise"": 3, ""freemium"": 3, ""premium"": 4}, ""5"": {""premium"": 1, ""enterprise"": 5}, ""6"": {""enterprise"": 7}, ""7"": {""premium"": 9}}"
53.697215,finish,w0!w000086__freemium,freemium,2,213,plb_nclass,finish,,,,"{""enterprise"": 2, ""freemium"": 2, ""mixed"": 0, ""premium"": 4}","{""0"": 8, ""1"": 9, ""2"": 7, ""3"": 8, ""4"": 10, ""5"": 6, ""6"": 7, ""7"": 9}","{""0"": {""enterprise"": 6, ""freemium"": 2}, ""1"": {""premium"": 5, ""freemium"": 4}, ""2"": {""freemium"": 4, ""premium"": 3}, ""3"": {""freemium"": 8}, ""4"": {""enterprise"": 3, ""freemium"": 3, ""premium"": 4}, ""5"": {""premium"": 1, ""enterprise"": 5}, ""6"": {""enterprise"": 7}, ""7"": {""premium"": 9}}"
53.936754,finish,w0!w000140__premium,premium,7,712,plb_nclass,finish,,,,"{""enterprise"": 2, ""freemium"": 2, ""mixed"": 0, ""premium"": 4}","{""0"": 8, ""1"": 9, ""2"": 7, ""3"": 8, ""4"": 10, ""5"": 6, ""6"": 7, ""7"": 8}","{""0"": {""enterprise"": 6, ""freemium"": 2}, ""1"": {""premium"": 5, ""freemium"": 4}, ""2"": {""freemium"": 4, ""premium"": 3}, ""3"": {""freemium"": 8}, ""4"": {""enterprise"": 3, ""freemium"": 3, ""premium"": 4}, ""5"": {""premium"": 1, ""enterprise"": 5}, ""6"": {""enterprise"": 7}, ""7"": {""premium"": 8}}"
54.169553,finish,w0!w000144__freemium,freemium,4,417,plb_nclass,finish,,,,"{""enterprise"": 2, ""freemium"": 2, ""mixed"": 0, ""premium"": 4}","{""0"": 8, ""1"": 9, ""2"": 7, ""3"": 8, ""4"": 9, ""5"": 6, ""6"": 7, ""7"": 8}","{""0"": {""enterprise"": 6, ""freemium"": 2}, ""1"": {""premium"": 5, ""freemium"": 4}, ""2"": {""freemium"": 4, ""premium"": 3}, ""3"": {""freemium"": 8}, ""4"": {""enterprise"": 3, ""freemium"": 2, ""premium"": 4}, ""5"": {""premium"": 1, ""enterprise"": 5}, ""6"": {""enterprise"": 7}, ""7"": {""premium"": 8}}"
54.442826,start,w0!w000177__enterprise,enterprise,5,518,plb_nclass,own_pool,enterprise,enterprise,under_theta,"{""enterprise"": 2, ""freemium"": 2, ""mixed"": 0, ""premium"": 4}","{""0"": 8, ""1"": 9, ""2"": 7, ""3"": 8, ""4"": 9, ""5"": 7, ""6"": 7, ""7"": 8}","{""0"": {""enterprise"": 6, ""freemium"": 2}, ""1"": {""premium"": 5, ""freemium"": 4}, ""2"": {""freemium"": 4, ""premium"": 3}, ""3"": {""freemium"": 8}, ""4"": {""enterprise"": 3, ""freemium"": 2, ""premium"": 4}, ""5"": {""premium"": 1, ""enterprise"": 6}, ""6"": {""enterprise"": 7}, ""7"": {""premium"": 8}}"
54.818758,finish,w0!w000111__enterprise,enterprise,4,411,plb_nclass,finish,,,,"{""enterprise"": 2, ""freemium"": 2, ""mixed"": 0, ""premium"": 4}","{""0"": 8, ""1"": 9, ""2"": 7, ""3"": 8, ""4"": 8, ""5"": 7, ""6"": 7, ""7"": 8}","{""0"": {""enterprise"": 6, ""freemium"": 2}, ""1"": {""premium"": 5, ""freemium"": 4}, ""2"": {""freemium"": 4, ""premium"": 3}, ""3"": {""freemium"": 8}, ""4"": {""enterprise"": 2, ""freemium"": 2, ""premium"": 4}, ""5"": {""premium"": 1, ""enterprise"": 6}, ""6"": {""enterprise"": 7}, ""7"": {""premium"": 8}}"
54.839072,finish,w0!w000128__freemium,freemium,3,316,plb_nclass,finish,,,,"{""enterprise"": 2, ""freemium"": 2, ""mixed"": 0, ""premium"": 4}","{""0"": 8, ""1"": 9, ""2"": 7, ""3"": 7, ""4"": 8, ""5"": 7, ""6"": 7, ""7"": 8}","{""0"": {""enterprise"": 6, ""freemium"": 2}, ""1"": {""premium"": 5, ""freemium"": 4}, ""2"": {""freemium"": 4, ""premium"": 3}, ""3"": {""freemium"": 7}, ""4"": {""enterprise"": 2, ""freemium"": 2, ""premium"": 4}, ""5"": {""premium"": 1, ""enterprise"": 6}, ""6"": {""enterprise"": 7}, ""7"": {""premium"": 8}}"
55.184336,start,w0!w000178__freemium,freemium,3,320,plb_nclass,own_pool,freemium,freemium,under_theta,"{""enterprise"": 2, ""freemium"": 2, ""mixed"": 0, ""premium"": 4}","{""0"": 8, ""1"": 9, ""2"": 7, ""3"": 8, ""4"": 8, ""5"": 7, ""6"": 7, ""7"": 8}","{""0"": {""enterprise"": 6, ""freemium"": 2}, ""1"": {""premium"": 5, ""freemium"": 4}, ""2"": {""freemium"": 4, ""premium"": 3}, ""3"": {""freemium"": 8}, ""4"": {""enterprise"": 2, ""freemium"": 2, ""premium"": 4}, ""5"": {""premium"": 1, ""enterprise"": 6}, ""6"": {""enterprise"": 7}, ""7"": {""premium"": 8}}"
55.242885,start,w0!w000179__premium,premium,2,228,plb_nclass,own_pool,premium,premium,under_theta,"{""enterprise"": 2, ""freemium"": 2, ""mixed"": 0, ""premium"": 4}","{""0"": 8, ""1"": 9, ""2"": 8, ""3"": 8, ""4"": 8, ""5"": 7, ""6"": 7, ""7"": 8}","{""0"": {""enterprise"": 6, ""freemium"": 2}, ""1"": {""premium"": 5, ""freemium"": 4}, ""2"": {""freemium"": 4, ""premium"": 4}, ""3"": {""freemium"": 8}, ""4"": {""enterprise"": 2, ""freemium"": 2, ""premium"": 4}, ""5"": {""premium"": 1, ""enterprise"": 6}, ""6"": {""enterprise"": 7}, ""7"": {""premium"": 8}}"
55.273989,finish,w0!w000091__freemium,freemium,3,310,plb_nclass,finish,,,,"{""enterprise"": 2, ""freemium"": 2, ""mixed"": 0, ""premium"": 4}","{""0"": 8, ""1"": 9, ""2"": 8, ""3"": 7, ""4"": 8, ""5"": 7, ""6"": 7, ""7"": 8}","{""0"": {""enterprise"": 6, ""freemium"": 2}, ""1"": {""premium"": 5, ""freemium"": 4}, ""2"": {""freemium"": 4, ""premium"": 4}, ""3"": {""freemium"": 7}, ""4"": {""enterprise"": 2, ""freemium"": 2, ""premium"": 4}, ""5"": {""premium"": 1, ""enterprise"": 6}, ""6"": {""enterprise"": 7}, ""7"": {""premium"": 8}}"
55.435182,finish,w0!w000106__enterprise,enterprise,0,18,plb_nclass,finish,,,,"{""enterprise"": 2, ""freemium"": 2, ""mixed"": 0, ""premium"": 4}","{""0"": 7, ""1"": 9, ""2"": 8, ""3"": 7, ""4"": 8, ""5"": 7, ""6"": 7, ""7"": 8}","{""0"": {""enterprise"": 5, ""freemium"": 2}, ""1"": {""premium"": 5, ""freemium"": 4}, ""2"": {""freemium"": 4, ""premium"": 4}, ""3"": {""freemium"": 7}, ""4"": {""enterprise"": 2, ""freemium"": 2, ""premium"": 4}, ""5"": {""premium"": 1, ""enterprise"": 6}, ""6"": {""enterprise"": 7}, ""7"": {""premium"": 8}}"
55.609023,start,w0!w000180__freemium,freemium,0,26,plb_nclass,own_pool,freemium,freemium,under_theta,"{""enterprise"": 2, ""freemium"": 2, ""mixed"": 0, ""premium"": 4}","{""0"": 8, ""1"": 9, ""2"": 8, ""3"": 7, ""4"": 8, ""5"": 7, ""6"": 7, ""7"": 8}","{""0"": {""enterprise"": 5, ""freemium"": 3}, ""1"": {""premium"": 5, ""freemium"": 4}, ""2"": {""freemium"": 4, ""premium"": 4}, ""3"": {""freemium"": 7}, ""4"": {""enterprise"": 2, ""freemium"": 2, ""premium"": 4}, ""5"": {""premium"": 1, ""enterprise"": 6}, ""6"": {""enterprise"": 7}, ""7"": {""premium"": 8}}"
55.718091,start,w0!w000181__enterprise,enterprise,5,519,plb_nclass,own_pool,enterprise,enterprise,under_theta,"{""enterprise"": 2, ""freemium"": 2, ""mixed"": 0, ""premium"": 4}","{""0"": 8, ""1"": 9, ""2"": 8, ""3"": 7, ""4"": 8, ""5"": 8, ""6"": 7, ""7"": 8}","{""0"": {""enterprise"": 5, ""freemium"": 3}, ""1"": {""premium"": 5, ""freemium"": 4}, ""2"": {""freemium"": 4, ""premium"": 4}, ""3"": {""freemium"": 7}, ""4"": {""enterprise"": 2, ""freemium"": 2, ""premium"": 4}, ""5"": {""premium"": 1, ""enterprise"": 7}, ""6"": {""enterprise"": 7}, ""7"": {""premium"": 8}}"
55.891998,finish,w0!w000122__enterprise,enterprise,5,514,plb_nclass,finish,,,,"{""enterprise"": 2, ""freemium"": 2, ""mixed"": 0, ""premium"": 4}","{""0"": 8, ""1"": 9, ""2"": 8, ""3"": 7, ""4"": 8, ""5"": 7, ""6"": 7, ""7"": 8}","{""0"": {""enterprise"": 5, ""freemium"": 3}, ""1"": {""premium"": 5, ""freemium"": 4}, ""2"": {""freemium"": 4, ""premium"": 4}, ""3"": {""freemium"": 7}, ""4"": {""enterprise"": 2, ""freemium"": 2, ""premium"": 4}, ""5"": {""premium"": 1, ""enterprise"": 6}, ""6"": {""enterprise"": 7}, ""7"": {""premium"": 8}}"
55.969303,start,w0!w000182__enterprise,enterprise,5,520,plb_nclass,own_pool,enterprise,enterprise,under_theta,"{""enterprise"": 2, ""freemium"": 2, ""mixed"": 0, ""premium"": 4}","{""0"": 8, ""1"": 9, ""2"": 8, ""3"": 7, ""4"": 8, ""5"": 8, ""6"": 7, ""7"": 8}","{""0"": {""enterprise"": 5, ""freemium"": 3}, ""1"": {""premium"": 5, ""freemium"": 4}, ""2"": {""freemium"": 4, ""premium"": 4}, ""3"": {""freemium"": 7}, ""4"": {""enterprise"": 2, ""freemium"": 2, ""premium"": 4}, ""5"": {""premium"": 1, ""enterprise"": 7}, ""6"": {""enterprise"": 7}, ""7"": {""premium"": 8}}"
55.978564,start,w0!w000183__enterprise,enterprise,6,617,plb_nclass,own_pool,enterprise,enterprise,under_theta,"{""enterprise"": 2, ""freemium"": 2, ""mixed"": 0, ""premium"": 4}","{""0"": 8, ""1"": 9, ""2"": 8, ""3"": 7, ""4"": 8, ""5"": 8, ""6"": 8, ""7"": 8}","{""0"": {""enterprise"": 5, ""freemium"": 3}, ""1"": {""premium"": 5, ""freemium"": 4}, ""2"": {""freemium"": 4, ""premium"": 4}, ""3"": {""freemium"": 7}, ""4"": {""enterprise"": 2, ""freemium"": 2, ""premium"": 4}, ""5"": {""premium"": 1, ""enterprise"": 7}, ""6"": {""enterprise"": 8}, ""7"": {""premium"": 8}}"
56.011086,finish,w0!w000133__enterprise,enterprise,5,516,plb_nclass,finish,,,,"{""enterprise"": 2, ""freemium"": 2, ""mixed"": 0, ""premium"": 4}","{""0"": 8, ""1"": 9, ""2"": 8, ""3"": 7, ""4"": 8, ""5"": 7, ""6"": 8, ""7"": 8}","{""0"": {""enterprise"": 5, ""freemium"": 3}, ""1"": {""premium"": 5, ""freemium"": 4}, ""2"": {""freemium"": 4, ""premium"": 4}, ""3"": {""freemium"": 7}, ""4"": {""enterprise"": 2, ""freemium"": 2, ""premium"": 4}, ""5"": {""premium"": 1, ""enterprise"": 6}, ""6"": {""enterprise"": 8}, ""7"": {""premium"": 8}}"
56.073671,start,w0!w000184__enterprise,enterprise,5,521,plb_nclass,own_pool,enterprise,enterprise,under_theta,"{""enterprise"": 2, ""freemium"": 2, ""mixed"": 0, ""premium"": 4}","{""0"": 8, ""1"": 9, ""2"": 8, ""3"": 7, ""4"": 8, ""5"": 8, ""6"": 8, ""7"": 8}","{""0"": {""enterprise"": 5, ""freemium"": 3}, ""1"": {""premium"": 5, ""freemium"": 4}, ""2"": {""freemium"": 4, ""premium"": 4}, ""3"": {""freemium"": 7}, ""4"": {""enterprise"": 2, ""freemium"": 2, ""premium"": 4}, ""5"": {""premium"": 1, ""enterprise"": 7}, ""6"": {""enterprise"": 8}, ""7"": {""premium"": 8}}"
56.152608,start,w0!w000185__freemium,freemium,3,321,plb_nclass,own_pool,freemium,freemium,under_theta,"{""enterprise"": 2, ""freemium"": 2, ""mixed"": 0, ""premium"": 4}","{""0"": 8, ""1"": 9, ""2"": 8, ""3"": 8, ""4"": 8, ""5"": 8, ""6"": 8, ""7"": 8}","{""0"": {""enterprise"": 5, ""freemium"": 3}, ""1"": {""premium"": 5, ""freemium"": 4}, ""2"": {""freemium"": 4, ""premium"": 4}, ""3"": {""freemium"": 8}, ""4"": {""enterprise"": 2, ""freemium"": 2, ""premium"": 4}, ""5"": {""premium"": 1, ""enterprise"": 7}, ""6"": {""enterprise"": 8}, ""7"": {""premium"": 8}}"
56.803118,start,w0!w000186__premium,premium,2,229,plb_nclass,own_pool,premium,premium,under_theta,"{""enterprise"": 2, ""freemium"": 2, ""mixed"": 0, ""premium"": 4}","{""0"": 8, ""1"": 9, ""2"": 9, ""3"": 8, ""4"": 8, ""5"": 8, ""6"": 8, ""7"": 8}","{""0"": {""enterprise"": 5, ""freemium"": 3}, ""1"": {""premium"": 5, ""freemium"": 4}, ""2"": {""freemium"": 4, ""premium"": 5}, ""3"": {""freemium"": 8}, ""4"": {""enterprise"": 2, ""freemium"": 2, ""premium"": 4}, ""5"": {""premium"": 1, ""enterprise"": 7}, ""6"": {""enterprise"": 8}, ""7"": {""premium"": 8}}"
56.949874,finish,w0!w000148__premium,premium,7,716,plb_nclass,finish,,,,"{""enterprise"": 2, ""freemium"": 2, ""mixed"": 0, ""premium"": 4}","{""0"": 8, ""1"": 9, ""2"": 9, ""3"": 8, ""4"": 8, ""5"": 8, ""6"": 8, ""7"": 7}","{""0"": {""enterprise"": 5, ""freemium"": 3}, ""1"": {""premium"": 5, ""freemium"": 4}, ""2"": {""freemium"": 4, ""premium"": 5}, ""3"": {""freemium"": 8}, ""4"": {""enterprise"": 2, ""freemium"": 2, ""premium"": 4}, ""5"": {""premium"": 1, ""enterprise"": 7}, ""6"": {""enterprise"": 8}, ""7"": {""premium"": 7}}"
57.018747,start,w0!w000187__premium,premium,7,718,plb_nclass,own_pool,premium,premium,under_theta,"{""enterprise"": 2, ""freemium"": 2, ""mixed"": 0, ""premium"": 4}","{""0"": 8, ""1"": 9, ""2"": 9, ""3"": 8, ""4"": 8, ""5"": 8, ""6"": 8, ""7"": 8}","{""0"": {""enterprise"": 5, ""freemium"": 3}, ""1"": {""premium"": 5, ""freemium"": 4}, ""2"": {""freemium"": 4, ""premium"": 5}, ""3"": {""freemium"": 8}, ""4"": {""enterprise"": 2, ""freemium"": 2, ""premium"": 4}, ""5"": {""premium"": 1, ""enterprise"": 7}, ""6"": {""enterprise"": 8}, ""7"": {""premium"": 8}}"
57.121162,start,w0!w000188__enterprise,enterprise,5,522,plb_nclass,own_pool,enterprise,enterprise,under_theta,"{""enterprise"": 2, ""freemium"": 2, ""mixed"": 0, ""premium"": 4}","{""0"": 8, ""1"": 9, ""2"": 9, ""3"": 8, ""4"": 8, ""5"": 9, ""6"": 8, ""7"": 8}","{""0"": {""enterprise"": 5, ""freemium"": 3}, ""1"": {""premium"": 5, ""freemium"": 4}, ""2"": {""freemium"": 4, ""premium"": 5}, ""3"": {""freemium"": 8}, ""4"": {""enterprise"": 2, ""freemium"": 2, ""premium"": 4}, ""5"": {""premium"": 1, ""enterprise"": 8}, ""6"": {""enterprise"": 8}, ""7"": {""premium"": 8}}"
57.226356,start,w0!w000189__premium,premium,4,422,plb_nclass,own_pool,premium,premium,under_theta,"{""enterprise"": 2, ""freemium"": 2, ""mixed"": 0, ""premium"": 4}","{""0"": 8, ""1"": 9, ""2"": 9, ""3"": 8, ""4"": 9, ""5"": 9, ""6"": 8, ""7"": 8}","{""0"": {""enterprise"": 5, ""freemium"": 3}, ""1"": {""premium"": 5, ""freemium"": 4}, ""2"": {""freemium"": 4, ""premium"": 5}, ""3"": {""freemium"": 8}, ""4"": {""enterprise"": 2, ""freemium"": 2, ""premium"": 5}, ""5"": {""premium"": 1, ""enterprise"": 8}, ""6"": {""enterprise"": 8}, ""7"": {""premium"": 8}}"
57.307446,finish,w0!w000105__freemium,freemium,3,314,plb_nclass,finish,,,,"{""enterprise"": 2, ""freemium"": 2, ""mixed"": 0, ""premium"": 4}","{""0"": 8, ""1"": 9, ""2"": 9, ""3"": 7, ""4"": 9, ""5"": 9, ""6"": 8, ""7"": 8}","{""0"": {""enterprise"": 5, ""freemium"": 3}, ""1"": {""premium"": 5, ""freemium"": 4}, ""2"": {""freemium"": 4, ""premium"": 5}, ""3"": {""freemium"": 7}, ""4"": {""enterprise"": 2, ""freemium"": 2, ""premium"": 5}, ""5"": {""premium"": 1, ""enterprise"": 8}, ""6"": {""enterprise"": 8}, ""7"": {""premium"": 8}}"
57.49613,finish,w0!w000098__premium,premium,1,114,plb_nclass,finish,,,,"{""enterprise"": 2, ""freemium"": 2, ""mixed"": 0, ""premium"": 4}","{""0"": 8, ""1"": 8, ""2"": 9, ""3"": 7, ""4"": 9, ""5"": 9, ""6"": 8, ""7"": 8}","{""0"": {""enterprise"": 5, ""freemium"": 3}, ""1"": {""premium"": 4, ""freemium"": 4}, ""2"": {""freemium"": 4, ""premium"": 5}, ""3"": {""freemium"": 7}, ""4"": {""enterprise"": 2, ""freemium"": 2, ""premium"": 5}, ""5"": {""premium"": 1, ""enterprise"": 8}, ""6"": {""enterprise"": 8}, ""7"": {""premium"": 8}}"
57.591669,finish,w0!w000117__premium,premium,7,708,plb_nclass,finish,,,,"{""enterprise"": 2, ""freemium"": 2, ""mixed"": 0, ""premium"": 4}","{""0"": 8, ""1"": 8, ""2"": 9, ""3"": 7, ""4"": 9, ""5"": 9, ""6"": 8, ""7"": 7}","{""0"": {""enterprise"": 5, ""freemium"": 3}, ""1"": {""premium"": 4, ""freemium"": 4}, ""2"": {""freemium"": 4, ""premium"": 5}, ""3"": {""freemium"": 7}, ""4"": {""enterprise"": 2, ""freemium"": 2, ""premium"": 5}, ""5"": {""premium"": 1, ""enterprise"": 8}, ""6"": {""enterprise"": 8}, ""7"": {""premium"": 7}}"
57.614977,start,w0!w000190__freemium,freemium,3,322,plb_nclass,own_pool,freemium,freemium,under_theta,"{""enterprise"": 2, ""freemium"": 2, ""mixed"": 0, ""premium"": 4}","{""0"": 8, ""1"": 8, ""2"": 9, ""3"": 8, ""4"": 9, ""5"": 9, ""6"": 8, ""7"": 7}","{""0"": {""enterprise"": 5, ""freemium"": 3}, ""1"": {""premium"": 4, ""freemium"": 4}, ""2"": {""freemium"": 4, ""premium"": 5}, ""3"": {""freemium"": 8}, ""4"": {""enterprise"": 2, ""freemium"": 2, ""premium"": 5}, ""5"": {""premium"": 1, ""enterprise"": 8}, ""6"": {""enterprise"": 8}, ""7"": {""premium"": 7}}"
57.715935,start,w0!w000191__enterprise,enterprise,6,618,plb_nclass,own_pool,enterprise,enterprise,under_theta,"{""enterprise"": 2, ""freemium"": 2, ""mixed"": 0, ""premium"": 4}","{""0"": 8, ""1"": 8, ""2"": 9, ""3"": 8, ""4"": 9, ""5"": 9, ""6"": 9, ""7"": 7}","{""0"": {""enterprise"": 5, ""freemium"": 3}, ""1"": {""premium"": 4, ""freemium"": 4}, ""2"": {""freemium"": 4, ""premium"": 5}, ""3"": {""freemium"": 8}, ""4"": {""enterprise"": 2, ""freemium"": 2, ""premium"": 5}, ""5"": {""premium"": 1, ""enterprise"": 8}, ""6"": {""enterprise"": 9}, ""7"": {""premium"": 7}}"
57.911946,start,w0!w000192__premium,premium,7,719,plb_nclass,own_pool,premium,premium,under_theta,"{""enterprise"": 2, ""freemium"": 2, ""mixed"": 0, ""premium"": 4}","{""0"": 8, ""1"": 8, ""2"": 9, ""3"": 8, ""4"": 9, ""5"": 9, ""6"": 9, ""7"": 8}","{""0"": {""enterprise"": 5, ""freemium"": 3}, ""1"": {""premium"": 4, ""freemium"": 4}, ""2"": {""freemium"": 4, ""premium"": 5}, ""3"": {""freemium"": 8}, ""4"": {""enterprise"": 2, ""freemium"": 2, ""premium"": 5}, ""5"": {""premium"": 1, ""enterprise"": 8}, ""6"": {""enterprise"": 9}, ""7"": {""premium"": 8}}"
58.374871,start,w0!w000193__enterprise,enterprise,5,523,plb_nclass,own_pool,enterprise,enterprise,under_theta,"{""enterprise"": 2, ""freemium"": 2, ""mixed"": 0, ""premium"": 4}","{""0"": 8, ""1"": 8, ""2"": 9, ""3"": 8, ""4"": 9, ""5"": 10, ""6"": 9, ""7"": 8}","{""0"": {""enterprise"": 5, ""freemium"": 3}, ""1"": {""premium"": 4, ""freemium"": 4}, ""2"": {""freemium"": 4, ""premium"": 5}, ""3"": {""freemium"": 8}, ""4"": {""enterprise"": 2, ""freemium"": 2, ""premium"": 5}, ""5"": {""premium"": 1, ""enterprise"": 9}, ""6"": {""enterprise"": 9}, ""7"": {""premium"": 8}}"
58.724558,finish,w0!w000141__premium,premium,7,713,plb_nclass,finish,,,,"{""enterprise"": 2, ""freemium"": 2, ""mixed"": 0, ""premium"": 4}","{""0"": 8, ""1"": 8, ""2"": 9, ""3"": 8, ""4"": 9, ""5"": 10, ""6"": 9, ""7"": 7}","{""0"": {""enterprise"": 5, ""freemium"": 3}, ""1"": {""premium"": 4, ""freemium"": 4}, ""2"": {""freemium"": 4, ""premium"": 5}, ""3"": {""freemium"": 8}, ""4"": {""enterprise"": 2, ""freemium"": 2, ""premium"": 5}, ""5"": {""premium"": 1, ""enterprise"": 9}, ""6"": {""enterprise"": 9}, ""7"": {""premium"": 7}}"
58.747834,start,w0!w000194__enterprise,enterprise,6,619,plb_nclass,own_pool,enterprise,enterprise,under_theta,"{""enterprise"": 2, ""freemium"": 2, ""mixed"": 0, ""premium"": 4}","{""0"": 8, ""1"": 8, ""2"": 9, ""3"": 8, ""4"": 9, ""5"": 10, ""6"": 10, ""7"": 7}","{""0"": {""enterprise"": 5, ""freemium"": 3}, ""1"": {""premium"": 4, ""freemium"": 4}, ""2"": {""freemium"": 4, ""premium"": 5}, ""3"": {""freemium"": 8}, ""4"": {""enterprise"": 2, ""freemium"": 2, ""premium"": 5}, ""5"": {""premium"": 1, ""enterprise"": 9}, ""6"": {""enterprise"": 10}, ""7"": {""premium"": 7}}"
58.830066,finish,w0!w000096__freemium,freemium,3,312,plb_nclass,finish,,,,"{""enterprise"": 2, ""freemium"": 2, ""mixed"": 0, ""premium"": 4}","{""0"": 8, ""1"": 8, ""2"": 9, ""3"": 7, ""4"": 9, ""5"": 10, ""6"": 10, ""7"": 7}","{""0"": {""enterprise"": 5, ""freemium"": 3}, ""1"": {""premium"": 4, ""freemium"": 4}, ""2"": {""freemium"": 4, ""premium"": 5}, ""3"": {""freemium"": 7}, ""4"": {""enterprise"": 2, ""freemium"": 2, ""premium"": 5}, ""5"": {""premium"": 1, ""enterprise"": 9}, ""6"": {""enterprise"": 10}, ""7"": {""premium"": 7}}"
58.855231,finish,w0!w000107__enterprise,enterprise,0,19,plb_nclass,finish,,,,"{""enterprise"": 2, ""freemium"": 2, ""mixed"": 0, ""premium"": 4}","{""0"": 7, ""1"": 8, ""2"": 9, ""3"": 7, ""4"": 9, ""5"": 10, ""6"": 10, ""7"": 7}","{""0"": {""enterprise"": 4, ""freemium"": 3}, ""1"": {""premium"": 4, ""freemium"": 4}, ""2"": {""freemium"": 4, ""premium"": 5}, ""3"": {""freemium"": 7}, ""4"": {""enterprise"": 2, ""freemium"": 2, ""premium"": 5}, ""5"": {""premium"": 1, ""enterprise"": 9}, ""6"": {""enterprise"": 10}, ""7"": {""premium"": 7}}"
58.874449,finish,w0!w000116__freemium,freemium,3,315,plb_nclass,finish,,,,"{""enterprise"": 2, ""freemium"": 2, ""mixed"": 0, ""premium"": 4}","{""0"": 7, ""1"": 8, ""2"": 9, ""3"": 6, ""4"": 9, ""5"": 10, ""6"": 10, ""7"": 7}","{""0"": {""enterprise"": 4, ""freemium"": 3}, ""1"": {""premium"": 4, ""freemium"": 4}, ""2"": {""freemium"": 4, ""premium"": 5}, ""3"": {""freemium"": 6}, ""4"": {""enterprise"": 2, ""freemium"": 2, ""premium"": 5}, ""5"": {""premium"": 1, ""enterprise"": 9}, ""6"": {""enterprise"": 10}, ""7"": {""premium"": 7}}"
59.033789,start,w0!w000195__premium,premium,7,720,plb_nclass,own_pool,premium,premium,under_theta,"{""enterprise"": 2, ""freemium"": 2, ""mixed"": 0, ""premium"": 4}","{""0"": 7, ""1"": 8, ""2"": 9, ""3"": 6, ""4"": 9, ""5"": 10, ""6"": 10, ""7"": 8}","{""0"": {""enterprise"": 4, ""freemium"": 3}, ""1"": {""premium"": 4, ""freemium"": 4}, ""2"": {""freemium"": 4, ""premium"": 5}, ""3"": {""freemium"": 6}, ""4"": {""enterprise"": 2, ""freemium"": 2, ""premium"": 5}, ""5"": {""premium"": 1, ""enterprise"": 9}, ""6"": {""enterprise"": 10}, ""7"": {""premium"": 8}}"
59.511747,finish,w0!w000102__freemium,freemium,3,313,plb_nclass,finish,,,,"{""enterprise"": 2, ""freemium"": 2, ""mixed"": 0, ""premium"": 4}","{""0"": 7, ""1"": 8, ""2"": 9, ""3"": 5, ""4"": 9, ""5"": 10, ""6"": 10, ""7"": 8}","{""0"": {""enterprise"": 4, ""freemium"": 3}, ""1"": {""premium"": 4, ""freemium"": 4}, ""2"": {""freemium"": 4, ""premium"": 5}, ""3"": {""freemium"": 5}, ""4"": {""enterprise"": 2, ""freemium"": 2, ""premium"": 5}, ""5"": {""premium"": 1, ""enterprise"": 9}, ""6"": {""enterprise"": 10}, ""7"": {""premium"": 8}}"
59.796422,start,w0!w000196__enterprise,enterprise,3,323,plb_nclass,borrow_lower,freemium,enterprise,load_first,"{""enterprise"": 3, ""freemium"": 1, ""mixed"": 0, ""premium"": 4}","{""0"": 7, ""1"": 8, ""2"": 9, ""3"": 6, ""4"": 9, ""5"": 10, ""6"": 10, ""7"": 8}","{""0"": {""enterprise"": 4, ""freemium"": 3}, ""1"": {""premium"": 4, ""freemium"": 4}, ""2"": {""freemium"": 4, ""premium"": 5}, ""3"": {""freemium"": 5, ""enterprise"": 1}, ""4"": {""enterprise"": 2, ""freemium"": 2, ""premium"": 5}, ""5"": {""premium"": 1, ""enterprise"": 9}, ""6"": {""enterprise"": 10}, ""7"": {""premium"": 8}}"
59.862445,start,w0!w000197__premium,premium,1,128,plb_nclass,own_pool,premium,premium,under_theta,"{""enterprise"": 3, ""freemium"": 1, ""mixed"": 0, ""premium"": 4}","{""0"": 7, ""1"": 9, ""2"": 9, ""3"": 6, ""4"": 9, ""5"": 10, ""6"": 10, ""7"": 8}","{""0"": {""enterprise"": 4, ""freemium"": 3}, ""1"": {""premium"": 5, ""freemium"": 4}, ""2"": {""freemium"": 4, ""premium"": 5}, ""3"": {""freemium"": 5, ""enterprise"": 1}, ""4"": {""enterprise"": 2, ""freemium"": 2, ""premium"": 5}, ""5"": {""premium"": 1, ""enterprise"": 9}, ""6"": {""enterprise"": 10}, ""7"": {""premium"": 8}}"
59.885167,finish,w0!w000127__freemium,freemium,2,220,plb_nclass,finish,,,,"{""enterprise"": 3, ""freemium"": 1, ""mixed"": 0, ""premium"": 4}","{""0"": 7, ""1"": 9, ""2"": 8, ""3"": 6, ""4"": 9, ""5"": 10, ""6"": 10, ""7"": 8}","{""0"": {""enterprise"": 4, ""freemium"": 3}, ""1"": {""premium"": 5, ""freemium"": 4}, ""2"": {""freemium"": 3, ""premium"": 5}, ""3"": {""freemium"": 5, ""enterprise"": 1}, ""4"": {""enterprise"": 2, ""freemium"": 2, ""premium"": 5}, ""5"": {""premium"": 1, ""enterprise"": 9}, ""6"": {""enterprise"": 10}, ""7"": {""premium"": 8}}"
60.081288,finish,w0!w000131__enterprise,enterprise,4,414,plb_nclass,finish,,,,"{""enterprise"": 3, ""freemium"": 1, ""mixed"": 0, ""premium"": 4}","{""0"": 7, ""1"": 9, ""2"": 8, ""3"": 6, ""4"": 8, ""5"": 10, ""6"": 10, ""7"": 8}","{""0"": {""enterprise"": 4, ""freemium"": 3}, ""1"": {""premium"": 5, ""freemium"": 4}, ""2"": {""freemium"": 3, ""premium"": 5}, ""3"": {""freemium"": 5, ""enterprise"": 1}, ""4"": {""enterprise"": 1, ""freemium"": 2, ""premium"": 5}, ""5"": {""premium"": 1, ""enterprise"": 9}, ""6"": {""enterprise"": 10}, ""7"": {""premium"": 8}}"
60.137241,start,w0!w000198__freemium,freemium,0,27,plb_nclass,own_pool,freemium,freemium,under_theta,"{""enterprise"": 3, ""freemium"": 1, ""mixed"": 0, ""premium"": 4}","{""0"": 8, ""1"": 9, ""2"": 8, ""3"": 6, ""4"": 8, ""5"": 10, ""6"": 10, ""7"": 8}","{""0"": {""enterprise"": 4, ""freemium"": 4}, ""1"": {""premium"": 5, ""freemium"": 4}, ""2"": {""freemium"": 3, ""premium"": 5}, ""3"": {""freemium"": 5, ""enterprise"": 1}, ""4"": {""enterprise"": 1, ""freemium"": 2, ""premium"": 5}, ""5"": {""premium"": 1, ""enterprise"": 9}, ""6"": {""enterprise"": 10}, ""7"": {""premium"": 8}}"
60.141646,start,w0!w000199__freemium,freemium,0,28,plb_nclass,own_pool,freemium,freemium,under_theta,"{""enterprise"": 3, ""freemium"": 1, ""mixed"": 0, ""premium"": 4}","{""0"": 9, ""1"": 9, ""2"": 8, ""3"": 6, ""4"": 8, ""5"": 10, ""6"": 10, ""7"": 8}","{""0"": {""enterprise"": 4, ""freemium"": 5}, ""1"": {""premium"": 5, ""freemium"": 4}, ""2"": {""freemium"": 3, ""premium"": 5}, ""3"": {""freemium"": 5, ""enterprise"": 1}, ""4"": {""enterprise"": 1, ""freemium"": 2, ""premium"": 5}, ""5"": {""premium"": 1, ""enterprise"": 9}, ""6"": {""enterprise"": 10}, ""7"": {""premium"": 8}}"
60.296111,start,w0!w000200__premium,premium,2,230,plb_nclass,own_pool,premium,premium,under_theta,"{""enterprise"": 3, ""freemium"": 1, ""mixed"": 0, ""premium"": 4}","{""0"": 9, ""1"": 9, ""2"": 9, ""3"": 6, ""4"": 8, ""5"": 10, ""6"": 10, ""7"": 8}","{""0"": {""enterprise"": 4, ""freemium"": 5}, ""1"": {""premium"": 5, ""freemium"": 4}, ""2"": {""freemium"": 3, ""premium"": 6}, ""3"": {""freemium"": 5, ""enterprise"": 1}, ""4"": {""enterprise"": 1, ""freemium"": 2, ""premium"": 5}, ""5"": {""premium"": 1, ""enterprise"": 9}, ""6"": {""enterprise"": 10}, ""7"": {""premium"": 8}}"
60.358998,finish,w0!w000168__freemium,freemium,3,319,plb_nclass,finish,,,,"{""enterprise"": 3, ""freemium"": 1, ""mixed"": 0, ""premium"": 4}","{""0"": 9, ""1"": 9, ""2"": 9, ""3"": 5, ""4"": 8, ""5"": 10, ""6"": 10, ""7"": 8}","{""0"": {""enterprise"": 4, ""freemium"": 5}, ""1"": {""premium"": 5, ""freemium"": 4}, ""2"": {""freemium"": 3, ""premium"": 6}, ""3"": {""freemium"": 4, ""enterprise"": 1}, ""4"": {""enterprise"": 1, ""freemium"": 2, ""premium"": 5}, ""5"": {""premium"": 1, ""enterprise"": 9}, ""6"": {""enterprise"": 10}, ""7"": {""premium"": 8}}"
60.464231,finish,w0!w000114__enterprise,enterprise,5,512,plb_nclass,finish,,,,"{""enterprise"": 3, ""freemium"": 1, ""mixed"": 0, ""premium"": 4}","{""0"": 9, ""1"": 9, ""2"": 9, ""3"": 5, ""4"": 8, ""5"": 9, ""6"": 10, ""7"": 8}","{""0"": {""enterprise"": 4, ""freemium"": 5}, ""1"": {""premium"": 5, ""freemium"": 4}, ""2"": {""freemium"": 3, ""premium"": 6}, ""3"": {""freemium"": 4, ""enterprise"": 1}, ""4"": {""enterprise"": 1, ""freemium"": 2, ""premium"": 5}, ""5"": {""premium"": 1, ""enterprise"": 8}, ""6"": {""enterprise"": 10}, ""7"": {""premium"": 8}}"
60.473188,finish,w0!w000112__enterprise,enterprise,6,609,plb_nclass,finish,,,,"{""enterprise"": 3, ""freemium"": 1, ""mixed"": 0, ""premium"": 4}","{""0"": 9, ""1"": 9, ""2"": 9, ""3"": 5, ""4"": 8, ""5"": 9, ""6"": 9, ""7"": 8}","{""0"": {""enterprise"": 4, ""freemium"": 5}, ""1"": {""premium"": 5, ""freemium"": 4}, ""2"": {""freemium"": 3, ""premium"": 6}, ""3"": {""freemium"": 4, ""enterprise"": 1}, ""4"": {""enterprise"": 1, ""freemium"": 2, ""premium"": 5}, ""5"": {""premium"": 1, ""enterprise"": 8}, ""6"": {""enterprise"": 9}, ""7"": {""premium"": 8}}"
60.72229,finish,w0!w000121__freemium,freemium,1,118,plb_nclass,finish,,,,"{""enterprise"": 3, ""freemium"": 1, ""mixed"": 0, ""premium"": 4}","{""0"": 9, ""1"": 8, ""2"": 9, ""3"": 5, ""4"": 8, ""5"": 9, ""6"": 9, ""7"": 8}","{""0"": {""enterprise"": 4, ""freemium"": 5}, ""1"": {""premium"": 5, ""freemium"": 3}, ""2"": {""freemium"": 3, ""premium"": 6}, ""3"": {""freemium"": 4, ""enterprise"": 1}, ""4"": {""enterprise"": 1, ""freemium"": 2, ""premium"": 5}, ""5"": {""premium"": 1, ""enterprise"": 8}, ""6"": {""enterprise"": 9}, ""7"": {""premium"": 8}}"
60.782476,finish,w0!w000166__premium,premium,2,225,plb_nclass,finish,,,,"{""enterprise"": 3, ""freemium"": 1, ""mixed"": 0, ""premium"": 4}","{""0"": 9, ""1"": 8, ""2"": 8, ""3"": 5, ""4"": 8, ""5"": 9, ""6"": 9, ""7"": 8}","{""0"": {""enterprise"": 4, ""freemium"": 5}, ""1"": {""premium"": 5, ""freemium"": 3}, ""2"": {""freemium"": 3, ""premium"": 5}, ""3"": {""freemium"": 4, ""enterprise"": 1}, ""4"": {""enterprise"": 1, ""freemium"": 2, ""premium"": 5}, ""5"": {""premium"": 1, ""enterprise"": 8}, ""6"": {""enterprise"": 9}, ""7"": {""premium"": 8}}"
61.025429,finish,w0!w000108__premium,premium,5,510,plb_nclass,finish,,,,"{""enterprise"": 3, ""freemium"": 1, ""mixed"": 0, ""premium"": 4}","{""0"": 9, ""1"": 8, ""2"": 8, ""3"": 5, ""4"": 8, ""5"": 8, ""6"": 9, ""7"": 8}","{""0"": {""enterprise"": 4, ""freemium"": 5}, ""1"": {""premium"": 5, ""freemium"": 3}, ""2"": {""freemium"": 3, ""premium"": 5}, ""3"": {""freemium"": 4, ""enterprise"": 1}, ""4"": {""enterprise"": 1, ""freemium"": 2, ""premium"": 5}, ""5"": {""premium"": 0, ""enterprise"": 8}, ""6"": {""enterprise"": 9}, ""7"": {""premium"": 8}}"
61.089797,start,w0!w000201__premium,premium,1,129,plb_nclass,own_pool,premium,premium,under_theta,"{""enterprise"": 3, ""freemium"": 1, ""mixed"": 0, ""premium"": 4}","{""0"": 9, ""1"": 9, ""2"": 8, ""3"": 5, ""4"": 8, ""5"": 8, ""6"": 9, ""7"": 8}","{""0"": {""enterprise"": 4, ""freemium"": 5}, ""1"": {""premium"": 6, ""freemium"": 3}, ""2"": {""freemium"": 3, ""premium"": 5}, ""3"": {""freemium"": 4, ""enterprise"": 1}, ""4"": {""enterprise"": 1, ""freemium"": 2, ""premium"": 5}, ""5"": {""premium"": 0, ""enterprise"": 8}, ""6"": {""enterprise"": 9}, ""7"": {""premium"": 8}}"
61.134534,finish,w0!w000154__enterprise,enterprise,6,614,plb_nclass,finish,,,,"{""enterprise"": 3, ""freemium"": 1, ""mixed"": 0, ""premium"": 4}","{""0"": 9, ""1"": 9, ""2"": 8, ""3"": 5, ""4"": 8, ""5"": 8, ""6"": 8, ""7"": 8}","{""0"": {""enterprise"": 4, ""freemium"": 5}, ""1"": {""premium"": 6, ""freemium"": 3}, ""2"": {""freemium"": 3, ""premium"": 5}, ""3"": {""freemium"": 4, ""enterprise"": 1}, ""4"": {""enterprise"": 1, ""freemium"": 2, ""premium"": 5}, ""5"": {""premium"": 0, ""enterprise"": 8}, ""6"": {""enterprise"": 8}, ""7"": {""premium"": 8}}"
61.27077,finish,w0!w000156__freemium,freemium,1,122,plb_nclass,finish,,,,"{""enterprise"": 3, ""freemium"": 1, ""mixed"": 0, ""premium"": 4}","{""0"": 9, ""1"": 8, ""2"": 8, ""3"": 5, ""4"": 8, ""5"": 8, ""6"": 8, ""7"": 8}","{""0"": {""enterprise"": 4, ""freemium"": 5}, ""1"": {""premium"": 6, ""freemium"": 2}, ""2"": {""freemium"": 3, ""premium"": 5}, ""3"": {""freemium"": 4, ""enterprise"": 1}, ""4"": {""enterprise"": 1, ""freemium"": 2, ""premium"": 5}, ""5"": {""premium"": 0, ""enterprise"": 8}, ""6"": {""enterprise"": 8}, ""7"": {""premium"": 8}}"
61.410018,finish,w0!w000110__premium,premium,1,116,plb_nclass,finish,,,,"{""enterprise"": 3, ""freemium"": 1, ""mixed"": 0, ""premium"": 4}","{""0"": 9, ""1"": 7, ""2"": 8, ""3"": 5, ""4"": 8, ""5"": 8, ""6"": 8, ""7"": 8}","{""0"": {""enterprise"": 4, ""freemium"": 5}, ""1"": {""premium"": 5, ""freemium"": 2}, ""2"": {""freemium"": 3, ""premium"": 5}, ""3"": {""freemium"": 4, ""enterprise"": 1}, ""4"": {""enterprise"": 1, ""freemium"": 2, ""premium"": 5}, ""5"": {""premium"": 0, ""enterprise"": 8}, ""6"": {""enterprise"": 8}, ""7"": {""premium"": 8}}"
61.416829,start,w0!w000202__premium,premium,1,130,plb_nclass,own_pool,premium,premium,under_theta,"{""enterprise"": 3, ""freemium"": 1, ""mixed"": 0, ""premium"": 4}","{""0"": 9, ""1"": 8, ""2"": 8, ""3"": 5, ""4"": 8, ""5"": 8, ""6"": 8, ""7"": 8}","{""0"": {""enterprise"": 4, ""freemium"": 5}, ""1"": {""premium"": 6, ""freemium"": 2}, ""2"": {""freemium"": 3, ""premium"": 5}, ""3"": {""freemium"": 4, ""enterprise"": 1}, ""4"": {""enterprise"": 1, ""freemium"": 2, ""premium"": 5}, ""5"": {""premium"": 0, ""enterprise"": 8}, ""6"": {""enterprise"": 8}, ""7"": {""premium"": 8}}"
61.562946,start,w0!w000203__premium,premium,1,131,plb_nclass,own_pool,premium,premium,under_theta,"{""enterprise"": 3, ""freemium"": 1, ""mixed"": 0, ""premium"": 4}","{""0"": 9, ""1"": 9, ""2"": 8, ""3"": 5, ""4"": 8, ""5"": 8, ""6"": 8, ""7"": 8}","{""0"": {""enterprise"": 4, ""freemium"": 5}, ""1"": {""premium"": 7, ""freemium"": 2}, ""2"": {""freemium"": 3, ""premium"": 5}, ""3"": {""freemium"": 4, ""enterprise"": 1}, ""4"": {""enterprise"": 1, ""freemium"": 2, ""premium"": 5}, ""5"": {""premium"": 0, ""enterprise"": 8}, ""6"": {""enterprise"": 8}, ""7"": {""premium"": 8}}"
61.618326,finish,w0!w000120__premium,premium,7,709,plb_nclass,finish,,,,"{""enterprise"": 3, ""freemium"": 1, ""mixed"": 0, ""premium"": 4}","{""0"": 9, ""1"": 9, ""2"": 8, ""3"": 5, ""4"": 8, ""5"": 8, ""6"": 8, ""7"": 7}","{""0"": {""enterprise"": 4, ""freemium"": 5}, ""1"": {""premium"": 7, ""freemium"": 2}, ""2"": {""freemium"": 3, ""premium"": 5}, ""3"": {""freemium"": 4, ""enterprise"": 1}, ""4"": {""enterprise"": 1, ""freemium"": 2, ""premium"": 5}, ""5"": {""premium"": 0, ""enterprise"": 8}, ""6"": {""enterprise"": 8}, ""7"": {""premium"": 7}}"
61.640801,start,w0!w000204__enterprise,enterprise,3,324,plb_nclass,own_pool,enterprise,enterprise,under_theta,"{""enterprise"": 3, ""freemium"": 1, ""mixed"": 0, ""premium"": 4}","{""0"": 9, ""1"": 9, ""2"": 8, ""3"": 6, ""4"": 8, ""5"": 8, ""6"": 8, ""7"": 7}","{""0"": {""enterprise"": 4, ""freemium"": 5}, ""1"": {""premium"": 7, ""freemium"": 2}, ""2"": {""freemium"": 3, ""premium"": 5}, ""3"": {""freemium"": 4, ""enterprise"": 2}, ""4"": {""enterprise"": 1, ""freemium"": 2, ""premium"": 5}, ""5"": {""premium"": 0, ""enterprise"": 8}, ""6"": {""enterprise"": 8}, ""7"": {""premium"": 7}}"
62.106925,start,w0!w000205__enterprise,enterprise,3,325,plb_nclass,own_pool,enterprise,enterprise,under_theta,"{""enterprise"": 3, ""freemium"": 1, ""mixed"": 0, ""premium"": 4}","{""0"": 9, ""1"": 9, ""2"": 8, ""3"": 7, ""4"": 8, ""5"": 8, ""6"": 8, ""7"": 7}","{""0"": {""enterprise"": 4, ""freemium"": 5}, ""1"": {""premium"": 7, ""freemium"": 2}, ""2"": {""freemium"": 3, ""premium"": 5}, ""3"": {""freemium"": 4, ""enterprise"": 3}, ""4"": {""enterprise"": 1, ""freemium"": 2, ""premium"": 5}, ""5"": {""premium"": 0, ""enterprise"": 8}, ""6"": {""enterprise"": 8}, ""7"": {""premium"": 7}}"
62.179892,start,w0!w000206__premium,premium,7,721,plb_nclass,own_pool,premium,premium,under_theta,"{""enterprise"": 3, ""freemium"": 1, ""mixed"": 0, ""premium"": 4}","{""0"": 9, ""1"": 9, ""2"": 8, ""3"": 7, ""4"": 8, ""5"": 8, ""6"": 8, ""7"": 8}","{""0"": {""enterprise"": 4, ""freemium"": 5}, ""1"": {""premium"": 7, ""freemium"": 2}, ""2"": {""freemium"": 3, ""premium"": 5}, ""3"": {""freemium"": 4, ""enterprise"": 3}, ""4"": {""enterprise"": 1, ""freemium"": 2, ""premium"": 5}, ""5"": {""premium"": 0, ""enterprise"": 8}, ""6"": {""enterprise"": 8}, ""7"": {""premium"": 8}}"
62.574574,start,w0!w000207__enterprise,enterprise,3,326,plb_nclass,own_pool,enterprise,enterprise,under_theta,"{""enterprise"": 3, ""freemium"": 1, ""mixed"": 0, ""premium"": 4}","{""0"": 9, ""1"": 9, ""2"": 8, ""3"": 8, ""4"": 8, ""5"": 8, ""6"": 8, ""7"": 8}","{""0"": {""enterprise"": 4, ""freemium"": 5}, ""1"": {""premium"": 7, ""freemium"": 2}, ""2"": {""freemium"": 3, ""premium"": 5}, ""3"": {""freemium"": 4, ""enterprise"": 4}, ""4"": {""enterprise"": 1, ""freemium"": 2, ""premium"": 5}, ""5"": {""premium"": 0, ""enterprise"": 8}, ""6"": {""enterprise"": 8}, ""7"": {""premium"": 8}}"
62.647265,finish,w0!w000123__premium,premium,7,710,plb_nclass,finish,,,,"{""enterprise"": 3, ""freemium"": 1, ""mixed"": 0, ""premium"": 4}","{""0"": 9, ""1"": 9, ""2"": 8, ""3"": 8, ""4"": 8, ""5"": 8, ""6"": 8, ""7"": 7}","{""0"": {""enterprise"": 4, ""freemium"": 5}, ""1"": {""premium"": 7, ""freemium"": 2}, ""2"": {""freemium"": 3, ""premium"": 5}, ""3"": {""freemium"": 4, ""enterprise"": 4}, ""4"": {""enterprise"": 1, ""freemium"": 2, ""premium"": 5}, ""5"": {""premium"": 0, ""enterprise"": 8}, ""6"": {""enterprise"": 8}, ""7"": {""premium"": 7}}"
62.712237,start,w0!w000208__freemium,freemium,0,29,plb_nclass,own_pool,freemium,freemium,under_theta,"{""enterprise"": 3, ""freemium"": 1, ""mixed"": 0, ""premium"": 4}","{""0"": 10, ""1"": 9, ""2"": 8, ""3"": 8, ""4"": 8, ""5"": 8, ""6"": 8, ""7"": 7}","{""0"": {""enterprise"": 4, ""freemium"": 6}, ""1"": {""premium"": 7, ""freemium"": 2}, ""2"": {""freemium"": 3, ""premium"": 5}, ""3"": {""freemium"": 4, ""enterprise"": 4}, ""4"": {""enterprise"": 1, ""freemium"": 2, ""premium"": 5}, ""5"": {""premium"": 0, ""enterprise"": 8}, ""6"": {""enterprise"": 8}, ""7"": {""premium"": 7}}"
62.777539,start,w0!w000209__enterprise,enterprise,3,327,plb_nclass,own_pool,enterprise,enterprise,under_theta,"{""enterprise"": 3, ""freemium"": 1, ""mixed"": 0, ""premium"": 4}","{""0"": 10, ""1"": 9, ""2"": 8, ""3"": 9, ""4"": 8, ""5"": 8, ""6"": 8, ""7"": 7}","{""0"": {""enterprise"": 4, ""freemium"": 6}, ""1"": {""premium"": 7, ""freemium"": 2}, ""2"": {""freemium"": 3, ""premium"": 5}, ""3"": {""freemium"": 4, ""enterprise"": 5}, ""4"": {""enterprise"": 1, ""freemium"": 2, ""premium"": 5}, ""5"": {""premium"": 0, ""enterprise"": 8}, ""6"": {""enterprise"": 8}, ""7"": {""premium"": 7}}"
62.82481,finish,w0!w000125__enterprise,enterprise,5,515,plb_nclass,finish,,,,"{""enterprise"": 3, ""freemium"": 1, ""mixed"": 0, ""premium"": 4}","{""0"": 10, ""1"": 9, ""2"": 8, ""3"": 9, ""4"": 8, ""5"": 7, ""6"": 8, ""7"": 7}","{""0"": {""enterprise"": 4, ""freemium"": 6}, ""1"": {""premium"": 7, ""freemium"": 2}, ""2"": {""freemium"": 3, ""premium"": 5}, ""3"": {""freemium"": 4, ""enterprise"": 5}, ""4"": {""enterprise"": 1, ""freemium"": 2, ""premium"": 5}, ""5"": {""premium"": 0, ""enterprise"": 7}, ""6"": {""enterprise"": 8}, ""7"": {""premium"": 7}}"
62.961346,finish,w0!w000146__enterprise,enterprise,6,612,plb_nclass,finish,,,,"{""enterprise"": 3, ""freemium"": 1, ""mixed"": 0, ""premium"": 4}","{""0"": 10, ""1"": 9, ""2"": 8, ""3"": 9, ""4"": 8, ""5"": 7, ""6"": 7, ""7"": 7}","{""0"": {""enterprise"": 4, ""freemium"": 6}, ""1"": {""premium"": 7, ""freemium"": 2}, ""2"": {""freemium"": 3, ""premium"": 5}, ""3"": {""freemium"": 4, ""enterprise"": 5}, ""4"": {""enterprise"": 1, ""freemium"": 2, ""premium"": 5}, ""5"": {""premium"": 0, ""enterprise"": 7}, ""6"": {""enterprise"": 7}, ""7"": {""premium"": 7}}"
63.037638,start,w0!w000210__freemium,freemium,7,722,plb_nclass,borrow_higher_surplus,premium,freemium,safe_surplus,"{""enterprise"": 3, ""freemium"": 2, ""mixed"": 0, ""premium"": 3}","{""0"": 10, ""1"": 9, ""2"": 8, ""3"": 9, ""4"": 8, ""5"": 7, ""6"": 7, ""7"": 8}","{""0"": {""enterprise"": 4, ""freemium"": 6}, ""1"": {""premium"": 7, ""freemium"": 2}, ""2"": {""freemium"": 3, ""premium"": 5}, ""3"": {""freemium"": 4, ""enterprise"": 5}, ""4"": {""enterprise"": 1, ""freemium"": 2, ""premium"": 5}, ""5"": {""premium"": 0, ""enterprise"": 7}, ""6"": {""enterprise"": 7}, ""7"": {""premium"": 7, ""freemium"": 1}}"
63.299744,finish,w0!w000162__premium,premium,4,421,plb_nclass,finish,,,,"{""enterprise"": 3, ""freemium"": 2, ""mixed"": 0, ""premium"": 3}","{""0"": 10, ""1"": 9, ""2"": 8, ""3"": 9, ""4"": 7, ""5"": 7, ""6"": 7, ""7"": 8}","{""0"": {""enterprise"": 4, ""freemium"": 6}, ""1"": {""premium"": 7, ""freemium"": 2}, ""2"": {""freemium"": 3, ""premium"": 5}, ""3"": {""freemium"": 4, ""enterprise"": 5}, ""4"": {""enterprise"": 1, ""freemium"": 2, ""premium"": 4}, ""5"": {""premium"": 0, ""enterprise"": 7}, ""6"": {""enterprise"": 7}, ""7"": {""premium"": 7, ""freemium"": 1}}"
63.532305,start,w0!w000211__premium,premium,4,423,plb_nclass,own_pool,premium,premium,under_theta,"{""enterprise"": 3, ""freemium"": 2, ""mixed"": 0, ""premium"": 3}","{""0"": 10, ""1"": 9, ""2"": 8, ""3"": 9, ""4"": 8, ""5"": 7, ""6"": 7, ""7"": 8}","{""0"": {""enterprise"": 4, ""freemium"": 6}, ""1"": {""premium"": 7, ""freemium"": 2}, ""2"": {""freemium"": 3, ""premium"": 5}, ""3"": {""freemium"": 4, ""enterprise"": 5}, ""4"": {""enterprise"": 1, ""freemium"": 2, ""premium"": 5}, ""5"": {""premium"": 0, ""enterprise"": 7}, ""6"": {""enterprise"": 7}, ""7"": {""premium"": 7, ""freemium"": 1}}"
63.637259,finish,w0!w000134__freemium,freemium,4,415,plb_nclass,finish,,,,"{""enterprise"": 3, ""freemium"": 2, ""mixed"": 0, ""premium"": 3}","{""0"": 10, ""1"": 9, ""2"": 8, ""3"": 9, ""4"": 7, ""5"": 7, ""6"": 7, ""7"": 8}","{""0"": {""enterprise"": 4, ""freemium"": 6}, ""1"": {""premium"": 7, ""freemium"": 2}, ""2"": {""freemium"": 3, ""premium"": 5}, ""3"": {""freemium"": 4, ""enterprise"": 5}, ""4"": {""enterprise"": 1, ""freemium"": 1, ""premium"": 5}, ""5"": {""premium"": 0, ""enterprise"": 7}, ""6"": {""enterprise"": 7}, ""7"": {""premium"": 7, ""freemium"": 1}}"
63.695083,start,w0!w000212__freemium,freemium,7,723,plb_nclass,own_pool,freemium,freemium,under_theta,"{""enterprise"": 3, ""freemium"": 2, ""mixed"": 0, ""premium"": 3}","{""0"": 10, ""1"": 9, ""2"": 8, ""3"": 9, ""4"": 7, ""5"": 7, ""6"": 7, ""7"": 9}","{""0"": {""enterprise"": 4, ""freemium"": 6}, ""1"": {""premium"": 7, ""freemium"": 2}, ""2"": {""freemium"": 3, ""premium"": 5}, ""3"": {""freemium"": 4, ""enterprise"": 5}, ""4"": {""enterprise"": 1, ""freemium"": 1, ""premium"": 5}, ""5"": {""premium"": 0, ""enterprise"": 7}, ""6"": {""enterprise"": 7}, ""7"": {""premium"": 7, ""freemium"": 2}}"
63.721538,finish,w0!w000163__premium,premium,7,717,plb_nclass,finish,,,,"{""enterprise"": 3, ""freemium"": 2, ""mixed"": 0, ""premium"": 3}","{""0"": 10, ""1"": 9, ""2"": 8, ""3"": 9, ""4"": 7, ""5"": 7, ""6"": 7, ""7"": 8}","{""0"": {""enterprise"": 4, ""freemium"": 6}, ""1"": {""premium"": 7, ""freemium"": 2}, ""2"": {""freemium"": 3, ""premium"": 5}, ""3"": {""freemium"": 4, ""enterprise"": 5}, ""4"": {""enterprise"": 1, ""freemium"": 1, ""premium"": 5}, ""5"": {""premium"": 0, ""enterprise"": 7}, ""6"": {""enterprise"": 7}, ""7"": {""premium"": 6, ""freemium"": 2}}"
63.974761,start,w0!w000213__freemium,freemium,7,724,plb_nclass,own_pool,freemium,freemium,under_theta,"{""enterprise"": 3, ""freemium"": 2, ""mixed"": 0, ""premium"": 3}","{""0"": 10, ""1"": 9, ""2"": 8, ""3"": 9, ""4"": 7, ""5"": 7, ""6"": 7, ""7"": 9}","{""0"": {""enterprise"": 4, ""freemium"": 6}, ""1"": {""premium"": 7, ""freemium"": 2}, ""2"": {""freemium"": 3, ""premium"": 5}, ""3"": {""freemium"": 4, ""enterprise"": 5}, ""4"": {""enterprise"": 1, ""freemium"": 1, ""premium"": 5}, ""5"": {""premium"": 0, ""enterprise"": 7}, ""6"": {""enterprise"": 7}, ""7"": {""premium"": 6, ""freemium"": 3}}"
64.261527,finish,w0!w000151__premium,premium,4,418,plb_nclass,finish,,,,"{""enterprise"": 3, ""freemium"": 2, ""mixed"": 0, ""premium"": 3}","{""0"": 10, ""1"": 9, ""2"": 8, ""3"": 9, ""4"": 6, ""5"": 7, ""6"": 7, ""7"": 9}","{""0"": {""enterprise"": 4, ""freemium"": 6}, ""1"": {""premium"": 7, ""freemium"": 2}, ""2"": {""freemium"": 3, ""premium"": 5}, ""3"": {""freemium"": 4, ""enterprise"": 5}, ""4"": {""enterprise"": 1, ""freemium"": 1, ""premium"": 4}, ""5"": {""premium"": 0, ""enterprise"": 7}, ""6"": {""enterprise"": 7}, ""7"": {""premium"": 6, ""freemium"": 3}}"
64.323712,finish,w0!w000176__premium,premium,1,127,plb_nclass,finish,,,,"{""enterprise"": 3, ""freemium"": 2, ""mixed"": 0, ""premium"": 3}","{""0"": 10, ""1"": 8, ""2"": 8, ""3"": 9, ""4"": 6, ""5"": 7, ""6"": 7, ""7"": 9}","{""0"": {""enterprise"": 4, ""freemium"": 6}, ""1"": {""premium"": 6, ""freemium"": 2}, ""2"": {""freemium"": 3, ""premium"": 5}, ""3"": {""freemium"": 4, ""enterprise"": 5}, ""4"": {""enterprise"": 1, ""freemium"": 1, ""premium"": 4}, ""5"": {""premium"": 0, ""enterprise"": 7}, ""6"": {""enterprise"": 7}, ""7"": {""premium"": 6, ""freemium"": 3}}"
64.880935,start,w0!w000214__premium,premium,4,424,plb_nclass,own_pool,premium,premium,under_theta,"{""enterprise"": 3, ""freemium"": 2, ""mixed"": 0, ""premium"": 3}","{""0"": 10, ""1"": 8, ""2"": 8, ""3"": 9, ""4"": 7, ""5"": 7, ""6"": 7, ""7"": 9}","{""0"": {""enterprise"": 4, ""freemium"": 6}, ""1"": {""premium"": 6, ""freemium"": 2}, ""2"": {""freemium"": 3, ""premium"": 5}, ""3"": {""freemium"": 4, ""enterprise"": 5}, ""4"": {""enterprise"": 1, ""freemium"": 1, ""premium"": 5}, ""5"": {""premium"": 0, ""enterprise"": 7}, ""6"": {""enterprise"": 7}, ""7"": {""premium"": 6, ""freemium"": 3}}"
64.965731,finish,w0!w000175__premium,premium,2,227,plb_nclass,finish,,,,"{""enterprise"": 3, ""freemium"": 2, ""mixed"": 0, ""premium"": 3}","{""0"": 10, ""1"": 8, ""2"": 7, ""3"": 9, ""4"": 7, ""5"": 7, ""6"": 7, ""7"": 9}","{""0"": {""enterprise"": 4, ""freemium"": 6}, ""1"": {""premium"": 6, ""freemium"": 2}, ""2"": {""freemium"": 3, ""premium"": 4}, ""3"": {""freemium"": 4, ""enterprise"": 5}, ""4"": {""enterprise"": 1, ""freemium"": 1, ""premium"": 5}, ""5"": {""premium"": 0, ""enterprise"": 7}, ""6"": {""enterprise"": 7}, ""7"": {""premium"": 6, ""freemium"": 3}}"
64.971361,finish,w0!w000149__freemium,freemium,2,222,plb_nclass,finish,,,,"{""enterprise"": 3, ""freemium"": 2, ""mixed"": 0, ""premium"": 3}","{""0"": 10, ""1"": 8, ""2"": 6, ""3"": 9, ""4"": 7, ""5"": 7, ""6"": 7, ""7"": 9}","{""0"": {""enterprise"": 4, ""freemium"": 6}, ""1"": {""premium"": 6, ""freemium"": 2}, ""2"": {""freemium"": 2, ""premium"": 4}, ""3"": {""freemium"": 4, ""enterprise"": 5}, ""4"": {""enterprise"": 1, ""freemium"": 1, ""premium"": 5}, ""5"": {""premium"": 0, ""enterprise"": 7}, ""6"": {""enterprise"": 7}, ""7"": {""premium"": 6, ""freemium"": 3}}"
65.319274,start,w0!w000215__enterprise,enterprise,5,524,plb_nclass,own_pool,enterprise,enterprise,under_theta,"{""enterprise"": 3, ""freemium"": 2, ""mixed"": 0, ""premium"": 3}","{""0"": 10, ""1"": 8, ""2"": 6, ""3"": 9, ""4"": 7, ""5"": 8, ""6"": 7, ""7"": 9}","{""0"": {""enterprise"": 4, ""freemium"": 6}, ""1"": {""premium"": 6, ""freemium"": 2}, ""2"": {""freemium"": 2, ""premium"": 4}, ""3"": {""freemium"": 4, ""enterprise"": 5}, ""4"": {""enterprise"": 1, ""freemium"": 1, ""premium"": 5}, ""5"": {""premium"": 0, ""enterprise"": 8}, ""6"": {""enterprise"": 7}, ""7"": {""premium"": 6, ""freemium"": 3}}"
65.373866,finish,w0!w000129__enterprise,enterprise,4,413,plb_nclass,finish,,,,"{""enterprise"": 3, ""freemium"": 2, ""mixed"": 0, ""premium"": 3}","{""0"": 10, ""1"": 8, ""2"": 6, ""3"": 9, ""4"": 6, ""5"": 8, ""6"": 7, ""7"": 9}","{""0"": {""enterprise"": 4, ""freemium"": 6}, ""1"": {""premium"": 6, ""freemium"": 2}, ""2"": {""freemium"": 2, ""premium"": 4}, ""3"": {""freemium"": 4, ""enterprise"": 5}, ""4"": {""enterprise"": 0, ""freemium"": 1, ""premium"": 5}, ""5"": {""premium"": 0, ""enterprise"": 8}, ""6"": {""enterprise"": 7}, ""7"": {""premium"": 6, ""freemium"": 3}}"
65.439382,start,w0!w000216__freemium,freemium,7,725,plb_nclass,own_pool,freemium,freemium,under_theta,"{""enterprise"": 3, ""freemium"": 2, ""mixed"": 0, ""premium"": 3}","{""0"": 10, ""1"": 8, ""2"": 6, ""3"": 9, ""4"": 6, ""5"": 8, ""6"": 7, ""7"": 10}","{""0"": {""enterprise"": 4, ""freemium"": 6}, ""1"": {""premium"": 6, ""freemium"": 2}, ""2"": {""freemium"": 2, ""premium"": 4}, ""3"": {""freemium"": 4, ""enterprise"": 5}, ""4"": {""enterprise"": 0, ""freemium"": 1, ""premium"": 5}, ""5"": {""premium"": 0, ""enterprise"": 8}, ""6"": {""enterprise"": 7}, ""7"": {""premium"": 6, ""freemium"": 4}}"
65.552463,start,w0!w000217__freemium,freemium,2,231,plb_nclass,borrow_higher_surplus,premium,freemium,safe_surplus,"{""enterprise"": 3, ""freemium"": 3, ""mixed"": 0, ""premium"": 2}","{""0"": 10, ""1"": 8, ""2"": 7, ""3"": 9, ""4"": 6, ""5"": 8, ""6"": 7, ""7"": 10}","{""0"": {""enterprise"": 4, ""freemium"": 6}, ""1"": {""premium"": 6, ""freemium"": 2}, ""2"": {""freemium"": 3, ""premium"": 4}, ""3"": {""freemium"": 4, ""enterprise"": 5}, ""4"": {""enterprise"": 0, ""freemium"": 1, ""premium"": 5}, ""5"": {""premium"": 0, ""enterprise"": 8}, ""6"": {""enterprise"": 7}, ""7"": {""premium"": 6, ""freemium"": 4}}"
65.849648,finish,w0!w000145__premium,premium,7,715,plb_nclass,finish,,,,"{""enterprise"": 3, ""freemium"": 3, ""mixed"": 0, ""premium"": 2}","{""0"": 10, ""1"": 8, ""2"": 7, ""3"": 9, ""4"": 6, ""5"": 8, ""6"": 7, ""7"": 9}","{""0"": {""enterprise"": 4, ""freemium"": 6}, ""1"": {""premium"": 6, ""freemium"": 2}, ""2"": {""freemium"": 3, ""premium"": 4}, ""3"": {""freemium"": 4, ""enterprise"": 5}, ""4"": {""enterprise"": 0, ""freemium"": 1, ""premium"": 5}, ""5"": {""premium"": 0, ""enterprise"": 8}, ""6"": {""enterprise"": 7}, ""7"": {""premium"": 5, ""freemium"": 4}}"
65.880227,start,w0!w000218__freemium,freemium,2,232,plb_nclass,own_pool,freemium,freemium,under_theta,"{""enterprise"": 3, ""freemium"": 3, ""mixed"": 0, ""premium"": 2}","{""0"": 10, ""1"": 8, ""2"": 8, ""3"": 9, ""4"": 6, ""5"": 8, ""6"": 7, ""7"": 9}","{""0"": {""enterprise"": 4, ""freemium"": 6}, ""1"": {""premium"": 6, ""freemium"": 2}, ""2"": {""freemium"": 4, ""premium"": 4}, ""3"": {""freemium"": 4, ""enterprise"": 5}, ""4"": {""enterprise"": 0, ""freemium"": 1, ""premium"": 5}, ""5"": {""premium"": 0, ""enterprise"": 8}, ""6"": {""enterprise"": 7}, ""7"": {""premium"": 5, ""freemium"": 4}}"
65.912925,finish,w0!w000164__freemium,freemium,3,318,plb_nclass,finish,,,,"{""enterprise"": 3, ""freemium"": 3, ""mixed"": 0, ""premium"": 2}","{""0"": 10, ""1"": 8, ""2"": 8, ""3"": 8, ""4"": 6, ""5"": 8, ""6"": 7, ""7"": 9}","{""0"": {""enterprise"": 4, ""freemium"": 6}, ""1"": {""premium"": 6, ""freemium"": 2}, ""2"": {""freemium"": 4, ""premium"": 4}, ""3"": {""freemium"": 3, ""enterprise"": 5}, ""4"": {""enterprise"": 0, ""freemium"": 1, ""premium"": 5}, ""5"": {""premium"": 0, ""enterprise"": 8}, ""6"": {""enterprise"": 7}, ""7"": {""premium"": 5, ""freemium"": 4}}"
66.073804,start,w0!w000219__enterprise,enterprise,6,620,plb_nclass,own_pool,enterprise,enterprise,under_theta,"{""enterprise"": 3, ""freemium"": 3, ""mixed"": 0, ""premium"": 2}","{""0"": 10, ""1"": 8, ""2"": 8, ""3"": 8, ""4"": 6, ""5"": 8, ""6"": 8, ""7"": 9}","{""0"": {""enterprise"": 4, ""freemium"": 6}, ""1"": {""premium"": 6, ""freemium"": 2}, ""2"": {""freemium"": 4, ""premium"": 4}, ""3"": {""freemium"": 3, ""enterprise"": 5}, ""4"": {""enterprise"": 0, ""freemium"": 1, ""premium"": 5}, ""5"": {""premium"": 0, ""enterprise"": 8}, ""6"": {""enterprise"": 8}, ""7"": {""premium"": 5, ""freemium"": 4}}"
66.074809,finish,w0!w000138__enterprise,enterprise,6,611,plb_nclass,finish,,,,"{""enterprise"": 3, ""freemium"": 3, ""mixed"": 0, ""premium"": 2}","{""0"": 10, ""1"": 8, ""2"": 8, ""3"": 8, ""4"": 6, ""5"": 8, ""6"": 7, ""7"": 9}","{""0"": {""enterprise"": 4, ""freemium"": 6}, ""1"": {""premium"": 6, ""freemium"": 2}, ""2"": {""freemium"": 4, ""premium"": 4}, ""3"": {""freemium"": 3, ""enterprise"": 5}, ""4"": {""enterprise"": 0, ""freemium"": 1, ""premium"": 5}, ""5"": {""premium"": 0, ""enterprise"": 8}, ""6"": {""enterprise"": 7}, ""7"": {""premium"": 5, ""freemium"": 4}}"
66.384132,start,w0!w000220__enterprise,enterprise,6,621,plb_nclass,own_pool,enterprise,enterprise,under_theta,"{""enterprise"": 3, ""freemium"": 3, ""mixed"": 0, ""premium"": 2}","{""0"": 10, ""1"": 8, ""2"": 8, ""3"": 8, ""4"": 6, ""5"": 8, ""6"": 8, ""7"": 9}","{""0"": {""enterprise"": 4, ""freemium"": 6}, ""1"": {""premium"": 6, ""freemium"": 2}, ""2"": {""freemium"": 4, ""premium"": 4}, ""3"": {""freemium"": 3, ""enterprise"": 5}, ""4"": {""enterprise"": 0, ""freemium"": 1, ""premium"": 5}, ""5"": {""premium"": 0, ""enterprise"": 8}, ""6"": {""enterprise"": 8}, ""7"": {""premium"": 5, ""freemium"": 4}}"
66.39668,finish,w0!w000153__premium,premium,4,419,plb_nclass,finish,,,,"{""enterprise"": 3, ""freemium"": 3, ""mixed"": 0, ""premium"": 2}","{""0"": 10, ""1"": 8, ""2"": 8, ""3"": 8, ""4"": 5, ""5"": 8, ""6"": 8, ""7"": 9}","{""0"": {""enterprise"": 4, ""freemium"": 6}, ""1"": {""premium"": 6, ""freemium"": 2}, ""2"": {""freemium"": 4, ""premium"": 4}, ""3"": {""freemium"": 3, ""enterprise"": 5}, ""4"": {""enterprise"": 0, ""freemium"": 1, ""premium"": 4}, ""5"": {""premium"": 0, ""enterprise"": 8}, ""6"": {""enterprise"": 8}, ""7"": {""premium"": 5, ""freemium"": 4}}"
66.399329,finish,w0!w000179__premium,premium,2,228,plb_nclass,finish,,,,"{""enterprise"": 3, ""freemium"": 3, ""mixed"": 0, ""premium"": 2}","{""0"": 10, ""1"": 8, ""2"": 7, ""3"": 8, ""4"": 5, ""5"": 8, ""6"": 8, ""7"": 9}","{""0"": {""enterprise"": 4, ""freemium"": 6}, ""1"": {""premium"": 6, ""freemium"": 2}, ""2"": {""freemium"": 4, ""premium"": 3}, ""3"": {""freemium"": 3, ""enterprise"": 5}, ""4"": {""enterprise"": 0, ""freemium"": 1, ""premium"": 4}, ""5"": {""premium"": 0, ""enterprise"": 8}, ""6"": {""enterprise"": 8}, ""7"": {""premium"": 5, ""freemium"": 4}}"
66.930252,start,w0!w000221__premium,premium,4,425,plb_nclass,own_pool,premium,premium,under_theta,"{""enterprise"": 3, ""freemium"": 3, ""mixed"": 0, ""premium"": 2}","{""0"": 10, ""1"": 8, ""2"": 7, ""3"": 8, ""4"": 6, ""5"": 8, ""6"": 8, ""7"": 9}","{""0"": {""enterprise"": 4, ""freemium"": 6}, ""1"": {""premium"": 6, ""freemium"": 2}, ""2"": {""freemium"": 4, ""premium"": 3}, ""3"": {""freemium"": 3, ""enterprise"": 5}, ""4"": {""enterprise"": 0, ""freemium"": 1, ""premium"": 5}, ""5"": {""premium"": 0, ""enterprise"": 8}, ""6"": {""enterprise"": 8}, ""7"": {""premium"": 5, ""freemium"": 4}}"
67.180328,start,w0!w000222__freemium,freemium,2,233,plb_nclass,own_pool,freemium,freemium,under_theta,"{""enterprise"": 3, ""freemium"": 3, ""mixed"": 0, ""premium"": 2}","{""0"": 10, ""1"": 8, ""2"": 8, ""3"": 8, ""4"": 6, ""5"": 8, ""6"": 8, ""7"": 9}","{""0"": {""enterprise"": 4, ""freemium"": 6}, ""1"": {""premium"": 6, ""freemium"": 2}, ""2"": {""freemium"": 5, ""premium"": 3}, ""3"": {""freemium"": 3, ""enterprise"": 5}, ""4"": {""enterprise"": 0, ""freemium"": 1, ""premium"": 5}, ""5"": {""premium"": 0, ""enterprise"": 8}, ""6"": {""enterprise"": 8}, ""7"": {""premium"": 5, ""freemium"": 4}}"
67.393228,start,w0!w000223__freemium,freemium,2,234,plb_nclass,own_pool,freemium,freemium,under_theta,"{""enterprise"": 3, ""freemium"": 3, ""mixed"": 0, ""premium"": 2}","{""0"": 10, ""1"": 8, ""2"": 9, ""3"": 8, ""4"": 6, ""5"": 8, ""6"": 8, ""7"": 9}","{""0"": {""enterprise"": 4, ""freemium"": 6}, ""1"": {""premium"": 6, ""freemium"": 2}, ""2"": {""freemium"": 6, ""premium"": 3}, ""3"": {""freemium"": 3, ""enterprise"": 5}, ""4"": {""enterprise"": 0, ""freemium"": 1, ""premium"": 5}, ""5"": {""premium"": 0, ""enterprise"": 8}, ""6"": {""enterprise"": 8}, ""7"": {""premium"": 5, ""freemium"": 4}}"
67.4456,finish,w0!w000152__enterprise,enterprise,6,613,plb_nclass,finish,,,,"{""enterprise"": 3, ""freemium"": 3, ""mixed"": 0, ""premium"": 2}","{""0"": 10, ""1"": 8, ""2"": 9, ""3"": 8, ""4"": 6, ""5"": 8, ""6"": 7, ""7"": 9}","{""0"": {""enterprise"": 4, ""freemium"": 6}, ""1"": {""premium"": 6, ""freemium"": 2}, ""2"": {""freemium"": 6, ""premium"": 3}, ""3"": {""freemium"": 3, ""enterprise"": 5}, ""4"": {""enterprise"": 0, ""freemium"": 1, ""premium"": 5}, ""5"": {""premium"": 0, ""enterprise"": 8}, ""6"": {""enterprise"": 7}, ""7"": {""premium"": 5, ""freemium"": 4}}"
67.560145,finish,w0!w000142__premium,premium,7,714,plb_nclass,finish,,,,"{""enterprise"": 3, ""freemium"": 3, ""mixed"": 0, ""premium"": 2}","{""0"": 10, ""1"": 8, ""2"": 9, ""3"": 8, ""4"": 6, ""5"": 8, ""6"": 7, ""7"": 8}","{""0"": {""enterprise"": 4, ""freemium"": 6}, ""1"": {""premium"": 6, ""freemium"": 2}, ""2"": {""freemium"": 6, ""premium"": 3}, ""3"": {""freemium"": 3, ""enterprise"": 5}, ""4"": {""enterprise"": 0, ""freemium"": 1, ""premium"": 5}, ""5"": {""premium"": 0, ""enterprise"": 8}, ""6"": {""enterprise"": 7}, ""7"": {""premium"": 4, ""freemium"": 4}}"
67.710755,finish,w0!w000170__freemium,freemium,1,125,plb_nclass,finish,,,,"{""enterprise"": 3, ""freemium"": 3, ""mixed"": 0, ""premium"": 2}","{""0"": 10, ""1"": 7, ""2"": 9, ""3"": 8, ""4"": 6, ""5"": 8, ""6"": 7, ""7"": 8}","{""0"": {""enterprise"": 4, ""freemium"": 6}, ""1"": {""premium"": 6, ""freemium"": 1}, ""2"": {""freemium"": 6, ""premium"": 3}, ""3"": {""freemium"": 3, ""enterprise"": 5}, ""4"": {""enterprise"": 0, ""freemium"": 1, ""premium"": 5}, ""5"": {""premium"": 0, ""enterprise"": 8}, ""6"": {""enterprise"": 7}, ""7"": {""premium"": 4, ""freemium"": 4}}"
67.801884,start,w0!w000224__enterprise,enterprise,6,622,plb_nclass,own_pool,enterprise,enterprise,under_theta,"{""enterprise"": 3, ""freemium"": 3, ""mixed"": 0, ""premium"": 2}","{""0"": 10, ""1"": 7, ""2"": 9, ""3"": 8, ""4"": 6, ""5"": 8, ""6"": 8, ""7"": 8}","{""0"": {""enterprise"": 4, ""freemium"": 6}, ""1"": {""premium"": 6, ""freemium"": 1}, ""2"": {""freemium"": 6, ""premium"": 3}, ""3"": {""freemium"": 3, ""enterprise"": 5}, ""4"": {""enterprise"": 0, ""freemium"": 1, ""premium"": 5}, ""5"": {""premium"": 0, ""enterprise"": 8}, ""6"": {""enterprise"": 8}, ""7"": {""premium"": 4, ""freemium"": 4}}"
67.83487,finish,w0!w000159__enterprise,enterprise,6,616,plb_nclass,finish,,,,"{""enterprise"": 3, ""freemium"": 3, ""mixed"": 0, ""premium"": 2}","{""0"": 10, ""1"": 7, ""2"": 9, ""3"": 8, ""4"": 6, ""5"": 8, ""6"": 7, ""7"": 8}","{""0"": {""enterprise"": 4, ""freemium"": 6}, ""1"": {""premium"": 6, ""freemium"": 1}, ""2"": {""freemium"": 6, ""premium"": 3}, ""3"": {""freemium"": 3, ""enterprise"": 5}, ""4"": {""enterprise"": 0, ""freemium"": 1, ""premium"": 5}, ""5"": {""premium"": 0, ""enterprise"": 8}, ""6"": {""enterprise"": 7}, ""7"": {""premium"": 4, ""freemium"": 4}}"
67.946281,start,w0!w000225__premium,premium,4,426,plb_nclass,own_pool,premium,premium,under_theta,"{""enterprise"": 3, ""freemium"": 3, ""mixed"": 0, ""premium"": 2}","{""0"": 10, ""1"": 7, ""2"": 9, ""3"": 8, ""4"": 7, ""5"": 8, ""6"": 7, ""7"": 8}","{""0"": {""enterprise"": 4, ""freemium"": 6}, ""1"": {""premium"": 6, ""freemium"": 1}, ""2"": {""freemium"": 6, ""premium"": 3}, ""3"": {""freemium"": 3, ""enterprise"": 5}, ""4"": {""enterprise"": 0, ""freemium"": 1, ""premium"": 6}, ""5"": {""premium"": 0, ""enterprise"": 8}, ""6"": {""enterprise"": 7}, ""7"": {""premium"": 4, ""freemium"": 4}}"
68.08217,start,w0!w000226__freemium,freemium,7,726,plb_nclass,own_pool,freemium,freemium,under_theta,"{""enterprise"": 3, ""freemium"": 3, ""mixed"": 0, ""premium"": 2}","{""0"": 10, ""1"": 7, ""2"": 9, ""3"": 8, ""4"": 7, ""5"": 8, ""6"": 7, ""7"": 9}","{""0"": {""enterprise"": 4, ""freemium"": 6}, ""1"": {""premium"": 6, ""freemium"": 1}, ""2"": {""freemium"": 6, ""premium"": 3}, ""3"": {""freemium"": 3, ""enterprise"": 5}, ""4"": {""enterprise"": 0, ""freemium"": 1, ""premium"": 6}, ""5"": {""premium"": 0, ""enterprise"": 8}, ""6"": {""enterprise"": 7}, ""7"": {""premium"": 4, ""freemium"": 5}}"
68.094721,start,w0!w000227__freemium,freemium,2,235,plb_nclass,own_pool,freemium,freemium,under_theta,"{""enterprise"": 3, ""freemium"": 3, ""mixed"": 0, ""premium"": 2}","{""0"": 10, ""1"": 7, ""2"": 10, ""3"": 8, ""4"": 7, ""5"": 8, ""6"": 7, ""7"": 9}","{""0"": {""enterprise"": 4, ""freemium"": 6}, ""1"": {""premium"": 6, ""freemium"": 1}, ""2"": {""freemium"": 7, ""premium"": 3}, ""3"": {""freemium"": 3, ""enterprise"": 5}, ""4"": {""enterprise"": 0, ""freemium"": 1, ""premium"": 6}, ""5"": {""premium"": 0, ""enterprise"": 8}, ""6"": {""enterprise"": 7}, ""7"": {""premium"": 4, ""freemium"": 5}}"
68.190135,finish,w0!w000172__premium,premium,1,126,plb_nclass,finish,,,,"{""enterprise"": 3, ""freemium"": 3, ""mixed"": 0, ""premium"": 2}","{""0"": 10, ""1"": 6, ""2"": 10, ""3"": 8, ""4"": 7, ""5"": 8, ""6"": 7, ""7"": 9}","{""0"": {""enterprise"": 4, ""freemium"": 6}, ""1"": {""premium"": 5, ""freemium"": 1}, ""2"": {""freemium"": 7, ""premium"": 3}, ""3"": {""freemium"": 3, ""enterprise"": 5}, ""4"": {""enterprise"": 0, ""freemium"": 1, ""premium"": 6}, ""5"": {""premium"": 0, ""enterprise"": 8}, ""6"": {""enterprise"": 7}, ""7"": {""premium"": 4, ""freemium"": 5}}"
68.347474,start,w0!w000228__premium,premium,1,132,plb_nclass,own_pool,premium,premium,under_theta,"{""enterprise"": 3, ""freemium"": 3, ""mixed"": 0, ""premium"": 2}","{""0"": 10, ""1"": 7, ""2"": 10, ""3"": 8, ""4"": 7, ""5"": 8, ""6"": 7, ""7"": 9}","{""0"": {""enterprise"": 4, ""freemium"": 6}, ""1"": {""premium"": 6, ""freemium"": 1}, ""2"": {""freemium"": 7, ""premium"": 3}, ""3"": {""freemium"": 3, ""enterprise"": 5}, ""4"": {""enterprise"": 0, ""freemium"": 1, ""premium"": 6}, ""5"": {""premium"": 0, ""enterprise"": 8}, ""6"": {""enterprise"": 7}, ""7"": {""premium"": 4, ""freemium"": 5}}"
68.667169,start,w0!w000229__enterprise,enterprise,6,623,plb_nclass,own_pool,enterprise,enterprise,under_theta,"{""enterprise"": 3, ""freemium"": 3, ""mixed"": 0, ""premium"": 2}","{""0"": 10, ""1"": 7, ""2"": 10, ""3"": 8, ""4"": 7, ""5"": 8, ""6"": 8, ""7"": 9}","{""0"": {""enterprise"": 4, ""freemium"": 6}, ""1"": {""premium"": 6, ""freemium"": 1}, ""2"": {""freemium"": 7, ""premium"": 3}, ""3"": {""freemium"": 3, ""enterprise"": 5}, ""4"": {""enterprise"": 0, ""freemium"": 1, ""premium"": 6}, ""5"": {""premium"": 0, ""enterprise"": 8}, ""6"": {""enterprise"": 8}, ""7"": {""premium"": 4, ""freemium"": 5}}"
69.100119,finish,w0!w000165__premium,premium,1,123,plb_nclass,finish,,,,"{""enterprise"": 3, ""freemium"": 3, ""mixed"": 0, ""premium"": 2}","{""0"": 10, ""1"": 6, ""2"": 10, ""3"": 8, ""4"": 7, ""5"": 8, ""6"": 8, ""7"": 9}","{""0"": {""enterprise"": 4, ""freemium"": 6}, ""1"": {""premium"": 5, ""freemium"": 1}, ""2"": {""freemium"": 7, ""premium"": 3}, ""3"": {""freemium"": 3, ""enterprise"": 5}, ""4"": {""enterprise"": 0, ""freemium"": 1, ""premium"": 6}, ""5"": {""premium"": 0, ""enterprise"": 8}, ""6"": {""enterprise"": 8}, ""7"": {""premium"": 4, ""freemium"": 5}}"
69.1085,start,w0!w000230__enterprise,enterprise,3,328,plb_nclass,own_pool,enterprise,enterprise,under_theta,"{""enterprise"": 3, ""freemium"": 3, ""mixed"": 0, ""premium"": 2}","{""0"": 10, ""1"": 6, ""2"": 10, ""3"": 9, ""4"": 7, ""5"": 8, ""6"": 8, ""7"": 9}","{""0"": {""enterprise"": 4, ""freemium"": 6}, ""1"": {""premium"": 5, ""freemium"": 1}, ""2"": {""freemium"": 7, ""premium"": 3}, ""3"": {""freemium"": 3, ""enterprise"": 6}, ""4"": {""enterprise"": 0, ""freemium"": 1, ""premium"": 6}, ""5"": {""premium"": 0, ""enterprise"": 8}, ""6"": {""enterprise"": 8}, ""7"": {""premium"": 4, ""freemium"": 5}}"
69.108561,finish,w0!w000173__freemium,freemium,0,24,plb_nclass,finish,,,,"{""enterprise"": 3, ""freemium"": 3, ""mixed"": 0, ""premium"": 2}","{""0"": 9, ""1"": 6, ""2"": 10, ""3"": 9, ""4"": 7, ""5"": 8, ""6"": 8, ""7"": 9}","{""0"": {""enterprise"": 4, ""freemium"": 5}, ""1"": {""premium"": 5, ""freemium"": 1}, ""2"": {""freemium"": 7, ""premium"": 3}, ""3"": {""freemium"": 3, ""enterprise"": 6}, ""4"": {""enterprise"": 0, ""freemium"": 1, ""premium"": 6}, ""5"": {""premium"": 0, ""enterprise"": 8}, ""6"": {""enterprise"": 8}, ""7"": {""premium"": 4, ""freemium"": 5}}"
69.297249,finish,w0!w000135__freemium,freemium,4,416,plb_nclass,finish,,,,"{""enterprise"": 3, ""freemium"": 3, ""mixed"": 0, ""premium"": 2}","{""0"": 9, ""1"": 6, ""2"": 10, ""3"": 9, ""4"": 6, ""5"": 8, ""6"": 8, ""7"": 9}","{""0"": {""enterprise"": 4, ""freemium"": 5}, ""1"": {""premium"": 5, ""freemium"": 1}, ""2"": {""freemium"": 7, ""premium"": 3}, ""3"": {""freemium"": 3, ""enterprise"": 6}, ""4"": {""enterprise"": 0, ""freemium"": 0, ""premium"": 6}, ""5"": {""premium"": 0, ""enterprise"": 8}, ""6"": {""enterprise"": 8}, ""7"": {""premium"": 4, ""freemium"": 5}}"
69.520379,start,w0!w000231__freemium,freemium,0,30,plb_nclass,own_pool,freemium,freemium,under_theta,"{""enterprise"": 3, ""freemium"": 3, ""mixed"": 0, ""premium"": 2}","{""0"": 10, ""1"": 6, ""2"": 10, ""3"": 9, ""4"": 6, ""5"": 8, ""6"": 8, ""7"": 9}","{""0"": {""enterprise"": 4, ""freemium"": 6}, ""1"": {""premium"": 5, ""freemium"": 1}, ""2"": {""freemium"": 7, ""premium"": 3}, ""3"": {""freemium"": 3, ""enterprise"": 6}, ""4"": {""enterprise"": 0, ""freemium"": 0, ""premium"": 6}, ""5"": {""premium"": 0, ""enterprise"": 8}, ""6"": {""enterprise"": 8}, ""7"": {""premium"": 4, ""freemium"": 5}}"
69.620275,start,w0!w000232__enterprise,enterprise,5,525,plb_nclass,own_pool,enterprise,enterprise,under_theta,"{""enterprise"": 3, ""freemium"": 3, ""mixed"": 0, ""premium"": 2}","{""0"": 10, ""1"": 6, ""2"": 10, ""3"": 9, ""4"": 6, ""5"": 9, ""6"": 8, ""7"": 9}","{""0"": {""enterprise"": 4, ""freemium"": 6}, ""1"": {""premium"": 5, ""freemium"": 1}, ""2"": {""freemium"": 7, ""premium"": 3}, ""3"": {""freemium"": 3, ""enterprise"": 6}, ""4"": {""enterprise"": 0, ""freemium"": 0, ""premium"": 6}, ""5"": {""premium"": 0, ""enterprise"": 9}, ""6"": {""enterprise"": 8}, ""7"": {""premium"": 4, ""freemium"": 5}}"
69.715241,start,w0!w000233__premium,premium,1,133,plb_nclass,own_pool,premium,premium,under_theta,"{""enterprise"": 3, ""freemium"": 3, ""mixed"": 0, ""premium"": 2}","{""0"": 10, ""1"": 7, ""2"": 10, ""3"": 9, ""4"": 6, ""5"": 9, ""6"": 8, ""7"": 9}","{""0"": {""enterprise"": 4, ""freemium"": 6}, ""1"": {""premium"": 6, ""freemium"": 1}, ""2"": {""freemium"": 7, ""premium"": 3}, ""3"": {""freemium"": 3, ""enterprise"": 6}, ""4"": {""enterprise"": 0, ""freemium"": 0, ""premium"": 6}, ""5"": {""premium"": 0, ""enterprise"": 9}, ""6"": {""enterprise"": 8}, ""7"": {""premium"": 4, ""freemium"": 5}}"
69.809435,start,w0!w000234__freemium,freemium,7,727,plb_nclass,own_pool,freemium,freemium,under_theta,"{""enterprise"": 3, ""freemium"": 3, ""mixed"": 0, ""premium"": 2}","{""0"": 10, ""1"": 7, ""2"": 10, ""3"": 9, ""4"": 6, ""5"": 9, ""6"": 8, ""7"": 10}","{""0"": {""enterprise"": 4, ""freemium"": 6}, ""1"": {""premium"": 6, ""freemium"": 1}, ""2"": {""freemium"": 7, ""premium"": 3}, ""3"": {""freemium"": 3, ""enterprise"": 6}, ""4"": {""enterprise"": 0, ""freemium"": 0, ""premium"": 6}, ""5"": {""premium"": 0, ""enterprise"": 9}, ""6"": {""enterprise"": 8}, ""7"": {""premium"": 4, ""freemium"": 6}}"
69.858415,start,w0!w000235__freemium,freemium,4,427,plb_nclass,borrow_higher_surplus,premium,freemium,safe_surplus,"{""enterprise"": 3, ""freemium"": 4, ""mixed"": 0, ""premium"": 1}","{""0"": 10, ""1"": 7, ""2"": 10, ""3"": 9, ""4"": 7, ""5"": 9, ""6"": 8, ""7"": 10}","{""0"": {""enterprise"": 4, ""freemium"": 6}, ""1"": {""premium"": 6, ""freemium"": 1}, ""2"": {""freemium"": 7, ""premium"": 3}, ""3"": {""freemium"": 3, ""enterprise"": 6}, ""4"": {""enterprise"": 0, ""freemium"": 1, ""premium"": 6}, ""5"": {""premium"": 0, ""enterprise"": 9}, ""6"": {""enterprise"": 8}, ""7"": {""premium"": 4, ""freemium"": 6}}"
70.154496,start,w0!w000236__freemium,freemium,4,428,plb_nclass,own_pool,freemium,freemium,under_theta,"{""enterprise"": 3, ""freemium"": 4, ""mixed"": 0, ""premium"": 1}","{""0"": 10, ""1"": 7, ""2"": 10, ""3"": 9, ""4"": 8, ""5"": 9, ""6"": 8, ""7"": 10}","{""0"": {""enterprise"": 4, ""freemium"": 6}, ""1"": {""premium"": 6, ""freemium"": 1}, ""2"": {""freemium"": 7, ""premium"": 3}, ""3"": {""freemium"": 3, ""enterprise"": 6}, ""4"": {""enterprise"": 0, ""freemium"": 2, ""premium"": 6}, ""5"": {""premium"": 0, ""enterprise"": 9}, ""6"": {""enterprise"": 8}, ""7"": {""premium"": 4, ""freemium"": 6}}"
70.166498,start,w0!w000237__enterprise,enterprise,6,624,plb_nclass,own_pool,enterprise,enterprise,under_theta,"{""enterprise"": 3, ""freemium"": 4, ""mixed"": 0, ""premium"": 1}","{""0"": 10, ""1"": 7, ""2"": 10, ""3"": 9, ""4"": 8, ""5"": 9, ""6"": 9, ""7"": 10}","{""0"": {""enterprise"": 4, ""freemium"": 6}, ""1"": {""premium"": 6, ""freemium"": 1}, ""2"": {""freemium"": 7, ""premium"": 3}, ""3"": {""freemium"": 3, ""enterprise"": 6}, ""4"": {""enterprise"": 0, ""freemium"": 2, ""premium"": 6}, ""5"": {""premium"": 0, ""enterprise"": 9}, ""6"": {""enterprise"": 9}, ""7"": {""premium"": 4, ""freemium"": 6}}"
70.242701,start,w0!w000238__enterprise,enterprise,3,329,plb_nclass,own_pool,enterprise,enterprise,under_theta,"{""enterprise"": 3, ""freemium"": 4, ""mixed"": 0, ""premium"": 1}","{""0"": 10, ""1"": 7, ""2"": 10, ""3"": 10, ""4"": 8, ""5"": 9, ""6"": 9, ""7"": 10}","{""0"": {""enterprise"": 4, ""freemium"": 6}, ""1"": {""premium"": 6, ""freemium"": 1}, ""2"": {""freemium"": 7, ""premium"": 3}, ""3"": {""freemium"": 3, ""enterprise"": 7}, ""4"": {""enterprise"": 0, ""freemium"": 2, ""premium"": 6}, ""5"": {""premium"": 0, ""enterprise"": 9}, ""6"": {""enterprise"": 9}, ""7"": {""premium"": 4, ""freemium"": 6}}"
70.316063,start,w0!w000239__premium,premium,1,134,plb_nclass,own_pool,premium,premium,under_theta,"{""enterprise"": 3, ""freemium"": 4, ""mixed"": 0, ""premium"": 1}","{""0"": 10, ""1"": 8, ""2"": 10, ""3"": 10, ""4"": 8, ""5"": 9, ""6"": 9, ""7"": 10}","{""0"": {""enterprise"": 4, ""freemium"": 6}, ""1"": {""premium"": 7, ""freemium"": 1}, ""2"": {""freemium"": 7, ""premium"": 3}, ""3"": {""freemium"": 3, ""enterprise"": 7}, ""4"": {""enterprise"": 0, ""freemium"": 2, ""premium"": 6}, ""5"": {""premium"": 0, ""enterprise"": 9}, ""6"": {""enterprise"": 9}, ""7"": {""premium"": 4, ""freemium"": 6}}"
70.569549,finish,w0!w000143__enterprise,enterprise,5,517,plb_nclass,finish,,,,"{""enterprise"": 3, ""freemium"": 4, ""mixed"": 0, ""premium"": 1}","{""0"": 10, ""1"": 8, ""2"": 10, ""3"": 10, ""4"": 8, ""5"": 8, ""6"": 9, ""7"": 10}","{""0"": {""enterprise"": 4, ""freemium"": 6}, ""1"": {""premium"": 7, ""freemium"": 1}, ""2"": {""freemium"": 7, ""premium"": 3}, ""3"": {""freemium"": 3, ""enterprise"": 7}, ""4"": {""enterprise"": 0, ""freemium"": 2, ""premium"": 6}, ""5"": {""premium"": 0, ""enterprise"": 8}, ""6"": {""enterprise"": 9}, ""7"": {""premium"": 4, ""freemium"": 6}}"
70.605182,start,w0!w000240__premium,premium,1,135,plb_nclass,own_pool,premium,premium,under_theta,"{""enterprise"": 3, ""freemium"": 4, ""mixed"": 0, ""premium"": 1}","{""0"": 10, ""1"": 9, ""2"": 10, ""3"": 10, ""4"": 8, ""5"": 8, ""6"": 9, ""7"": 10}","{""0"": {""enterprise"": 4, ""freemium"": 6}, ""1"": {""premium"": 8, ""freemium"": 1}, ""2"": {""freemium"": 7, ""premium"": 3}, ""3"": {""freemium"": 3, ""enterprise"": 7}, ""4"": {""enterprise"": 0, ""freemium"": 2, ""premium"": 6}, ""5"": {""premium"": 0, ""enterprise"": 8}, ""6"": {""enterprise"": 9}, ""7"": {""premium"": 4, ""freemium"": 6}}"
70.779167,finish,w0!w000171__premium,premium,2,226,plb_nclass,finish,,,,"{""enterprise"": 3, ""freemium"": 4, ""mixed"": 0, ""premium"": 1}","{""0"": 10, ""1"": 9, ""2"": 9, ""3"": 10, ""4"": 8, ""5"": 8, ""6"": 9, ""7"": 10}","{""0"": {""enterprise"": 4, ""freemium"": 6}, ""1"": {""premium"": 8, ""freemium"": 1}, ""2"": {""freemium"": 7, ""premium"": 2}, ""3"": {""freemium"": 3, ""enterprise"": 7}, ""4"": {""enterprise"": 0, ""freemium"": 2, ""premium"": 6}, ""5"": {""premium"": 0, ""enterprise"": 8}, ""6"": {""enterprise"": 9}, ""7"": {""premium"": 4, ""freemium"": 6}}"
70.782445,start,w0!w000241__premium,premium,1,136,plb_nclass,own_pool,premium,premium,under_theta,"{""enterprise"": 3, ""freemium"": 4, ""mixed"": 0, ""premium"": 1}","{""0"": 10, ""1"": 10, ""2"": 9, ""3"": 10, ""4"": 8, ""5"": 8, ""6"": 9, ""7"": 10}","{""0"": {""enterprise"": 4, ""freemium"": 6}, ""1"": {""premium"": 9, ""freemium"": 1}, ""2"": {""freemium"": 7, ""premium"": 2}, ""3"": {""freemium"": 3, ""enterprise"": 7}, ""4"": {""enterprise"": 0, ""freemium"": 2, ""premium"": 6}, ""5"": {""premium"": 0, ""enterprise"": 8}, ""6"": {""enterprise"": 9}, ""7"": {""premium"": 4, ""freemium"": 6}}"
70.972781,finish,w0!w000147__enterprise,enterprise,0,20,plb_nclass,finish,,,,"{""enterprise"": 3, ""freemium"": 4, ""mixed"": 0, ""premium"": 1}","{""0"": 9, ""1"": 10, ""2"": 9, ""3"": 10, ""4"": 8, ""5"": 8, ""6"": 9, ""7"": 10}","{""0"": {""enterprise"": 3, ""freemium"": 6}, ""1"": {""premium"": 9, ""freemium"": 1}, ""2"": {""freemium"": 7, ""premium"": 2}, ""3"": {""freemium"": 3, ""enterprise"": 7}, ""4"": {""enterprise"": 0, ""freemium"": 2, ""premium"": 6}, ""5"": {""premium"": 0, ""enterprise"": 8}, ""6"": {""enterprise"": 9}, ""7"": {""premium"": 4, ""freemium"": 6}}"
71.00224,start,w0!w000242__premium,premium,4,429,plb_nclass,borrow_lower,freemium,premium,load_first,"{""enterprise"": 3, ""freemium"": 3, ""mixed"": 0, ""premium"": 2}","{""0"": 9, ""1"": 10, ""2"": 9, ""3"": 10, ""4"": 9, ""5"": 8, ""6"": 9, ""7"": 10}","{""0"": {""enterprise"": 3, ""freemium"": 6}, ""1"": {""premium"": 9, ""freemium"": 1}, ""2"": {""freemium"": 7, ""premium"": 2}, ""3"": {""freemium"": 3, ""enterprise"": 7}, ""4"": {""enterprise"": 0, ""freemium"": 2, ""premium"": 7}, ""5"": {""premium"": 0, ""enterprise"": 8}, ""6"": {""enterprise"": 9}, ""7"": {""premium"": 4, ""freemium"": 6}}"
71.005342,start,w0!w000243__freemium,freemium,0,31,plb_nclass,own_pool,freemium,freemium,under_theta,"{""enterprise"": 3, ""freemium"": 3, ""mixed"": 0, ""premium"": 2}","{""0"": 10, ""1"": 10, ""2"": 9, ""3"": 10, ""4"": 9, ""5"": 8, ""6"": 9, ""7"": 10}","{""0"": {""enterprise"": 3, ""freemium"": 7}, ""1"": {""premium"": 9, ""freemium"": 1}, ""2"": {""freemium"": 7, ""premium"": 2}, ""3"": {""freemium"": 3, ""enterprise"": 7}, ""4"": {""enterprise"": 0, ""freemium"": 2, ""premium"": 7}, ""5"": {""premium"": 0, ""enterprise"": 8}, ""6"": {""enterprise"": 9}, ""7"": {""premium"": 4, ""freemium"": 6}}"
71.819713,finish,w0!w000184__enterprise,enterprise,5,521,plb_nclass,finish,,,,"{""enterprise"": 3, ""freemium"": 3, ""mixed"": 0, ""premium"": 2}","{""0"": 10, ""1"": 10, ""2"": 9, ""3"": 10, ""4"": 9, ""5"": 7, ""6"": 9, ""7"": 10}","{""0"": {""enterprise"": 3, ""freemium"": 7}, ""1"": {""premium"": 9, ""freemium"": 1}, ""2"": {""freemium"": 7, ""premium"": 2}, ""3"": {""freemium"": 3, ""enterprise"": 7}, ""4"": {""enterprise"": 0, ""freemium"": 2, ""premium"": 7}, ""5"": {""premium"": 0, ""enterprise"": 7}, ""6"": {""enterprise"": 9}, ""7"": {""premium"": 4, ""freemium"": 6}}"
71.999489,start,w0!w000244__premium,premium,4,430,plb_nclass,own_pool,premium,premium,under_theta,"{""enterprise"": 3, ""freemium"": 3, ""mixed"": 0, ""premium"": 2}","{""0"": 10, ""1"": 10, ""2"": 9, ""3"": 10, ""4"": 10, ""5"": 7, ""6"": 9, ""7"": 10}","{""0"": {""enterprise"": 3, ""freemium"": 7}, ""1"": {""premium"": 9, ""freemium"": 1}, ""2"": {""freemium"": 7, ""premium"": 2}, ""3"": {""freemium"": 3, ""enterprise"": 7}, ""4"": {""enterprise"": 0, ""freemium"": 2, ""premium"": 8}, ""5"": {""premium"": 0, ""enterprise"": 7}, ""6"": {""enterprise"": 9}, ""7"": {""premium"": 4, ""freemium"": 6}}"
72.138033,finish,w0!w000202__premium,premium,1,130,plb_nclass,finish,,,,"{""enterprise"": 3, ""freemium"": 3, ""mixed"": 0, ""premium"": 2}","{""0"": 10, ""1"": 9, ""2"": 9, ""3"": 10, ""4"": 10, ""5"": 7, ""6"": 9, ""7"": 10}","{""0"": {""enterprise"": 3, ""freemium"": 7}, ""1"": {""premium"": 8, ""freemium"": 1}, ""2"": {""freemium"": 7, ""premium"": 2}, ""3"": {""freemium"": 3, ""enterprise"": 7}, ""4"": {""enterprise"": 0, ""freemium"": 2, ""premium"": 8}, ""5"": {""premium"": 0, ""enterprise"": 7}, ""6"": {""enterprise"": 9}, ""7"": {""premium"": 4, ""freemium"": 6}}"
72.156099,finish,w0!w000186__premium,premium,2,229,plb_nclass,finish,,,,"{""enterprise"": 3, ""freemium"": 3, ""mixed"": 0, ""premium"": 2}","{""0"": 10, ""1"": 9, ""2"": 8, ""3"": 10, ""4"": 10, ""5"": 7, ""6"": 9, ""7"": 10}","{""0"": {""enterprise"": 3, ""freemium"": 7}, ""1"": {""premium"": 8, ""freemium"": 1}, ""2"": {""freemium"": 7, ""premium"": 1}, ""3"": {""freemium"": 3, ""enterprise"": 7}, ""4"": {""enterprise"": 0, ""freemium"": 2, ""premium"": 8}, ""5"": {""premium"": 0, ""enterprise"": 7}, ""6"": {""enterprise"": 9}, ""7"": {""premium"": 4, ""freemium"": 6}}"
72.306634,start,w0!w000245__freemium,freemium,2,236,plb_nclass,own_pool,freemium,freemium,under_theta,"{""enterprise"": 3, ""freemium"": 3, ""mixed"": 0, ""premium"": 2}","{""0"": 10, ""1"": 9, ""2"": 9, ""3"": 10, ""4"": 10, ""5"": 7, ""6"": 9, ""7"": 10}","{""0"": {""enterprise"": 3, ""freemium"": 7}, ""1"": {""premium"": 8, ""freemium"": 1}, ""2"": {""freemium"": 8, ""premium"": 1}, ""3"": {""freemium"": 3, ""enterprise"": 7}, ""4"": {""enterprise"": 0, ""freemium"": 2, ""premium"": 8}, ""5"": {""premium"": 0, ""enterprise"": 7}, ""6"": {""enterprise"": 9}, ""7"": {""premium"": 4, ""freemium"": 6}}"
72.364797,start,w0!w000246__freemium,freemium,2,237,plb_nclass,own_pool,freemium,freemium,under_theta,"{""enterprise"": 3, ""freemium"": 3, ""mixed"": 0, ""premium"": 2}","{""0"": 10, ""1"": 9, ""2"": 10, ""3"": 10, ""4"": 10, ""5"": 7, ""6"": 9, ""7"": 10}","{""0"": {""enterprise"": 3, ""freemium"": 7}, ""1"": {""premium"": 8, ""freemium"": 1}, ""2"": {""freemium"": 9, ""premium"": 1}, ""3"": {""freemium"": 3, ""enterprise"": 7}, ""4"": {""enterprise"": 0, ""freemium"": 2, ""premium"": 8}, ""5"": {""premium"": 0, ""enterprise"": 7}, ""6"": {""enterprise"": 9}, ""7"": {""premium"": 4, ""freemium"": 6}}"
72.463593,finish,w0!w000169__freemium,freemium,1,124,plb_nclass,finish,,,,"{""enterprise"": 3, ""freemium"": 3, ""mixed"": 0, ""premium"": 2}","{""0"": 10, ""1"": 8, ""2"": 10, ""3"": 10, ""4"": 10, ""5"": 7, ""6"": 9, ""7"": 10}","{""0"": {""enterprise"": 3, ""freemium"": 7}, ""1"": {""premium"": 8, ""freemium"": 0}, ""2"": {""freemium"": 9, ""premium"": 1}, ""3"": {""freemium"": 3, ""enterprise"": 7}, ""4"": {""enterprise"": 0, ""freemium"": 2, ""premium"": 8}, ""5"": {""premium"": 0, ""enterprise"": 7}, ""6"": {""enterprise"": 9}, ""7"": {""premium"": 4, ""freemium"": 6}}"
72.635487,start,w0!w000247__enterprise,enterprise,5,526,plb_nclass,own_pool,enterprise,enterprise,under_theta,"{""enterprise"": 3, ""freemium"": 3, ""mixed"": 0, ""premium"": 2}","{""0"": 10, ""1"": 8, ""2"": 10, ""3"": 10, ""4"": 10, ""5"": 8, ""6"": 9, ""7"": 10}","{""0"": {""enterprise"": 3, ""freemium"": 7}, ""1"": {""premium"": 8, ""freemium"": 0}, ""2"": {""freemium"": 9, ""premium"": 1}, ""3"": {""freemium"": 3, ""enterprise"": 7}, ""4"": {""enterprise"": 0, ""freemium"": 2, ""premium"": 8}, ""5"": {""premium"": 0, ""enterprise"": 8}, ""6"": {""enterprise"": 9}, ""7"": {""premium"": 4, ""freemium"": 6}}"
72.713098,start,w0!w000248__premium,premium,1,137,plb_nclass,own_pool,premium,premium,under_theta,"{""enterprise"": 3, ""freemium"": 3, ""mixed"": 0, ""premium"": 2}","{""0"": 10, ""1"": 9, ""2"": 10, ""3"": 10, ""4"": 10, ""5"": 8, ""6"": 9, ""7"": 10}","{""0"": {""enterprise"": 3, ""freemium"": 7}, ""1"": {""premium"": 9, ""freemium"": 0}, ""2"": {""freemium"": 9, ""premium"": 1}, ""3"": {""freemium"": 3, ""enterprise"": 7}, ""4"": {""enterprise"": 0, ""freemium"": 2, ""premium"": 8}, ""5"": {""premium"": 0, ""enterprise"": 8}, ""6"": {""enterprise"": 9}, ""7"": {""premium"": 4, ""freemium"": 6}}"
72.770647,finish,w0!w000150__freemium,freemium,2,223,plb_nclass,finish,,,,"{""enterprise"": 3, ""freemium"": 3, ""mixed"": 0, ""premium"": 2}","{""0"": 10, ""1"": 9, ""2"": 9, ""3"": 10, ""4"": 10, ""5"": 8, ""6"": 9, ""7"": 10}","{""0"": {""enterprise"": 3, ""freemium"": 7}, ""1"": {""premium"": 9, ""freemium"": 0}, ""2"": {""freemium"": 8, ""premium"": 1}, ""3"": {""freemium"": 3, ""enterprise"": 7}, ""4"": {""enterprise"": 0, ""freemium"": 2, ""premium"": 8}, ""5"": {""premium"": 0, ""enterprise"": 8}, ""6"": {""enterprise"": 9}, ""7"": {""premium"": 4, ""freemium"": 6}}"
73.04563,start,w0!w000249__enterprise,enterprise,5,527,plb_nclass,own_pool,enterprise,enterprise,under_theta,"{""enterprise"": 3, ""freemium"": 3, ""mixed"": 0, ""premium"": 2}","{""0"": 10, ""1"": 9, ""2"": 9, ""3"": 10, ""4"": 10, ""5"": 9, ""6"": 9, ""7"": 10}","{""0"": {""enterprise"": 3, ""freemium"": 7}, ""1"": {""premium"": 9, ""freemium"": 0}, ""2"": {""freemium"": 8, ""premium"": 1}, ""3"": {""freemium"": 3, ""enterprise"": 7}, ""4"": {""enterprise"": 0, ""freemium"": 2, ""premium"": 8}, ""5"": {""premium"": 0, ""enterprise"": 9}, ""6"": {""enterprise"": 9}, ""7"": {""premium"": 4, ""freemium"": 6}}"
73.150374,finish,w0!w000200__premium,premium,2,230,plb_nclass,finish,,,,"{""enterprise"": 3, ""freemium"": 3, ""mixed"": 0, ""premium"": 2}","{""0"": 10, ""1"": 9, ""2"": 8, ""3"": 10, ""4"": 10, ""5"": 9, ""6"": 9, ""7"": 10}","{""0"": {""enterprise"": 3, ""freemium"": 7}, ""1"": {""premium"": 9, ""freemium"": 0}, ""2"": {""freemium"": 8, ""premium"": 0}, ""3"": {""freemium"": 3, ""enterprise"": 7}, ""4"": {""enterprise"": 0, ""freemium"": 2, ""premium"": 8}, ""5"": {""premium"": 0, ""enterprise"": 9}, ""6"": {""enterprise"": 9}, ""7"": {""premium"": 4, ""freemium"": 6}}"
73.181071,start,w0!w000250__premium,premium,1,138,plb_nclass,own_pool,premium,premium,under_theta,"{""enterprise"": 3, ""freemium"": 3, ""mixed"": 0, ""premium"": 2}","{""0"": 10, ""1"": 10, ""2"": 8, ""3"": 10, ""4"": 10, ""5"": 9, ""6"": 9, ""7"": 10}","{""0"": {""enterprise"": 3, ""freemium"": 7}, ""1"": {""premium"": 10, ""freemium"": 0}, ""2"": {""freemium"": 8, ""premium"": 0}, ""3"": {""freemium"": 3, ""enterprise"": 7}, ""4"": {""enterprise"": 0, ""freemium"": 2, ""premium"": 8}, ""5"": {""premium"": 0, ""enterprise"": 9}, ""6"": {""enterprise"": 9}, ""7"": {""premium"": 4, ""freemium"": 6}}"
73.23713,finish,w0!w000195__premium,premium,7,720,plb_nclass,finish,,,,"{""enterprise"": 3, ""freemium"": 3, ""mixed"": 0, ""premium"": 2}","{""0"": 10, ""1"": 10, ""2"": 8, ""3"": 10, ""4"": 10, ""5"": 9, ""6"": 9, ""7"": 9}","{""0"": {""enterprise"": 3, ""freemium"": 7}, ""1"": {""premium"": 10, ""freemium"": 0}, ""2"": {""freemium"": 8, ""premium"": 0}, ""3"": {""freemium"": 3, ""enterprise"": 7}, ""4"": {""enterprise"": 0, ""freemium"": 2, ""premium"": 8}, ""5"": {""premium"": 0, ""enterprise"": 9}, ""6"": {""enterprise"": 9}, ""7"": {""premium"": 3, ""freemium"": 6}}"
73.444871,finish,w0!w000210__freemium,freemium,7,722,plb_nclass,finish,,,,"{""enterprise"": 3, ""freemium"": 3, ""mixed"": 0, ""premium"": 2}","{""0"": 10, ""1"": 10, ""2"": 8, ""3"": 10, ""4"": 10, ""5"": 9, ""6"": 9, ""7"": 8}","{""0"": {""enterprise"": 3, ""freemium"": 7}, ""1"": {""premium"": 10, ""freemium"": 0}, ""2"": {""freemium"": 8, ""premium"": 0}, ""3"": {""freemium"": 3, ""enterprise"": 7}, ""4"": {""enterprise"": 0, ""freemium"": 2, ""premium"": 8}, ""5"": {""premium"": 0, ""enterprise"": 9}, ""6"": {""enterprise"": 9}, ""7"": {""premium"": 3, ""freemium"": 5}}"
73.51915,start,w0!w000251__premium,premium,2,238,plb_nclass,borrow_lower,freemium,premium,load_first,"{""enterprise"": 3, ""freemium"": 2, ""mixed"": 0, ""premium"": 3}","{""0"": 10, ""1"": 10, ""2"": 9, ""3"": 10, ""4"": 10, ""5"": 9, ""6"": 9, ""7"": 8}","{""0"": {""enterprise"": 3, ""freemium"": 7}, ""1"": {""premium"": 10, ""freemium"": 0}, ""2"": {""freemium"": 8, ""premium"": 1}, ""3"": {""freemium"": 3, ""enterprise"": 7}, ""4"": {""enterprise"": 0, ""freemium"": 2, ""premium"": 8}, ""5"": {""premium"": 0, ""enterprise"": 9}, ""6"": {""enterprise"": 9}, ""7"": {""premium"": 3, ""freemium"": 5}}"
73.689333,start,w0!w000252__enterprise,enterprise,5,528,plb_nclass,own_pool,enterprise,enterprise,under_theta,"{""enterprise"": 3, ""freemium"": 2, ""mixed"": 0, ""premium"": 3}","{""0"": 10, ""1"": 10, ""2"": 9, ""3"": 10, ""4"": 10, ""5"": 10, ""6"": 9, ""7"": 8}","{""0"": {""enterprise"": 3, ""freemium"": 7}, ""1"": {""premium"": 10, ""freemium"": 0}, ""2"": {""freemium"": 8, ""premium"": 1}, ""3"": {""freemium"": 3, ""enterprise"": 7}, ""4"": {""enterprise"": 0, ""freemium"": 2, ""premium"": 8}, ""5"": {""premium"": 0, ""enterprise"": 10}, ""6"": {""enterprise"": 9}, ""7"": {""premium"": 3, ""freemium"": 5}}"
73.863159,start,w0!w000253__premium,premium,2,239,plb_nclass,own_pool,premium,premium,under_theta,"{""enterprise"": 3, ""freemium"": 2, ""mixed"": 0, ""premium"": 3}","{""0"": 10, ""1"": 10, ""2"": 10, ""3"": 10, ""4"": 10, ""5"": 10, ""6"": 9, ""7"": 8}","{""0"": {""enterprise"": 3, ""freemium"": 7}, ""1"": {""premium"": 10, ""freemium"": 0}, ""2"": {""freemium"": 8, ""premium"": 2}, ""3"": {""freemium"": 3, ""enterprise"": 7}, ""4"": {""enterprise"": 0, ""freemium"": 2, ""premium"": 8}, ""5"": {""premium"": 0, ""enterprise"": 10}, ""6"": {""enterprise"": 9}, ""7"": {""premium"": 3, ""freemium"": 5}}"
73.871861,start,w0!w000254__enterprise,enterprise,6,625,plb_nclass,own_pool,enterprise,enterprise,under_theta,"{""enterprise"": 3, ""freemium"": 2, ""mixed"": 0, ""premium"": 3}","{""0"": 10, ""1"": 10, ""2"": 10, ""3"": 10, ""4"": 10, ""5"": 10, ""6"": 10, ""7"": 8}","{""0"": {""enterprise"": 3, ""freemium"": 7}, ""1"": {""premium"": 10, ""freemium"": 0}, ""2"": {""freemium"": 8, ""premium"": 2}, ""3"": {""freemium"": 3, ""enterprise"": 7}, ""4"": {""enterprise"": 0, ""freemium"": 2, ""premium"": 8}, ""5"": {""premium"": 0, ""enterprise"": 10}, ""6"": {""enterprise"": 10}, ""7"": {""premium"": 3, ""freemium"": 5}}"
73.90892,finish,w0!w000180__freemium,freemium,0,26,plb_nclass,finish,,,,"{""enterprise"": 3, ""freemium"": 2, ""mixed"": 0, ""premium"": 3}","{""0"": 9, ""1"": 10, ""2"": 10, ""3"": 10, ""4"": 10, ""5"": 10, ""6"": 10, ""7"": 8}","{""0"": {""enterprise"": 3, ""freemium"": 6}, ""1"": {""premium"": 10, ""freemium"": 0}, ""2"": {""freemium"": 8, ""premium"": 2}, ""3"": {""freemium"": 3, ""enterprise"": 7}, ""4"": {""enterprise"": 0, ""freemium"": 2, ""premium"": 8}, ""5"": {""premium"": 0, ""enterprise"": 10}, ""6"": {""enterprise"": 10}, ""7"": {""premium"": 3, ""freemium"": 5}}"
73.978823,finish,w0!w000188__enterprise,enterprise,5,522,plb_nclass,finish,,,,"{""enterprise"": 3, ""freemium"": 2, ""mixed"": 0, ""premium"": 3}","{""0"": 9, ""1"": 10, ""2"": 10, ""3"": 10, ""4"": 10, ""5"": 9, ""6"": 10, ""7"": 8}","{""0"": {""enterprise"": 3, ""freemium"": 6}, ""1"": {""premium"": 10, ""freemium"": 0}, ""2"": {""freemium"": 8, ""premium"": 2}, ""3"": {""freemium"": 3, ""enterprise"": 7}, ""4"": {""enterprise"": 0, ""freemium"": 2, ""premium"": 8}, ""5"": {""premium"": 0, ""enterprise"": 9}, ""6"": {""enterprise"": 10}, ""7"": {""premium"": 3, ""freemium"": 5}}"
74.221341,finish,w0!w000158__premium,premium,4,420,plb_nclass,finish,,,,"{""enterprise"": 3, ""freemium"": 2, ""mixed"": 0, ""premium"": 3}","{""0"": 9, ""1"": 10, ""2"": 10, ""3"": 10, ""4"": 9, ""5"": 9, ""6"": 10, ""7"": 8}","{""0"": {""enterprise"": 3, ""freemium"": 6}, ""1"": {""premium"": 10, ""freemium"": 0}, ""2"": {""freemium"": 8, ""premium"": 2}, ""3"": {""freemium"": 3, ""enterprise"": 7}, ""4"": {""enterprise"": 0, ""freemium"": 2, ""premium"": 7}, ""5"": {""premium"": 0, ""enterprise"": 9}, ""6"": {""enterprise"": 10}, ""7"": {""premium"": 3, ""freemium"": 5}}"
74.414201,finish,w0!w000190__freemium,freemium,3,322,plb_nclass,finish,,,,"{""enterprise"": 3, ""freemium"": 2, ""mixed"": 0, ""premium"": 3}","{""0"": 9, ""1"": 10, ""2"": 10, ""3"": 9, ""4"": 9, ""5"": 9, ""6"": 10, ""7"": 8}","{""0"": {""enterprise"": 3, ""freemium"": 6}, ""1"": {""premium"": 10, ""freemium"": 0}, ""2"": {""freemium"": 8, ""premium"": 2}, ""3"": {""freemium"": 2, ""enterprise"": 7}, ""4"": {""enterprise"": 0, ""freemium"": 2, ""premium"": 7}, ""5"": {""premium"": 0, ""enterprise"": 9}, ""6"": {""enterprise"": 10}, ""7"": {""premium"": 3, ""freemium"": 5}}"
74.487225,finish,w0!w000157__enterprise,enterprise,6,615,plb_nclass,finish,,,,"{""enterprise"": 3, ""freemium"": 2, ""mixed"": 0, ""premium"": 3}","{""0"": 9, ""1"": 10, ""2"": 10, ""3"": 9, ""4"": 9, ""5"": 9, ""6"": 9, ""7"": 8}","{""0"": {""enterprise"": 3, ""freemium"": 6}, ""1"": {""premium"": 10, ""freemium"": 0}, ""2"": {""freemium"": 8, ""premium"": 2}, ""3"": {""freemium"": 2, ""enterprise"": 7}, ""4"": {""enterprise"": 0, ""freemium"": 2, ""premium"": 7}, ""5"": {""premium"": 0, ""enterprise"": 9}, ""6"": {""enterprise"": 9}, ""7"": {""premium"": 3, ""freemium"": 5}}"
74.984395,start,w0!w000255__enterprise,enterprise,3,330,plb_nclass,own_pool,enterprise,enterprise,under_theta,"{""enterprise"": 3, ""freemium"": 2, ""mixed"": 0, ""premium"": 3}","{""0"": 9, ""1"": 10, ""2"": 10, ""3"": 10, ""4"": 9, ""5"": 9, ""6"": 9, ""7"": 8}","{""0"": {""enterprise"": 3, ""freemium"": 6}, ""1"": {""premium"": 10, ""freemium"": 0}, ""2"": {""freemium"": 8, ""premium"": 2}, ""3"": {""freemium"": 2, ""enterprise"": 8}, ""4"": {""enterprise"": 0, ""freemium"": 2, ""premium"": 7}, ""5"": {""premium"": 0, ""enterprise"": 9}, ""6"": {""enterprise"": 9}, ""7"": {""premium"": 3, ""freemium"": 5}}"
75.170426,start,w0!w000256__premium,premium,4,431,plb_nclass,own_pool,premium,premium,under_theta,"{""enterprise"": 3, ""freemium"": 2, ""mixed"": 0, ""premium"": 3}","{""0"": 9, ""1"": 10, ""2"": 10, ""3"": 10, ""4"": 10, ""5"": 9, ""6"": 9, ""7"": 8}","{""0"": {""enterprise"": 3, ""freemium"": 6}, ""1"": {""premium"": 10, ""freemium"": 0}, ""2"": {""freemium"": 8, ""premium"": 2}, ""3"": {""freemium"": 2, ""enterprise"": 8}, ""4"": {""enterprise"": 0, ""freemium"": 2, ""premium"": 8}, ""5"": {""premium"": 0, ""enterprise"": 9}, ""6"": {""enterprise"": 9}, ""7"": {""premium"": 3, ""freemium"": 5}}"
75.175389,finish,w0!w000178__freemium,freemium,3,320,plb_nclass,finish,,,,"{""enterprise"": 3, ""freemium"": 2, ""mixed"": 0, ""premium"": 3}","{""0"": 9, ""1"": 10, ""2"": 10, ""3"": 9, ""4"": 10, ""5"": 9, ""6"": 9, ""7"": 8}","{""0"": {""enterprise"": 3, ""freemium"": 6}, ""1"": {""premium"": 10, ""freemium"": 0}, ""2"": {""freemium"": 8, ""premium"": 2}, ""3"": {""freemium"": 1, ""enterprise"": 8}, ""4"": {""enterprise"": 0, ""freemium"": 2, ""premium"": 8}, ""5"": {""premium"": 0, ""enterprise"": 9}, ""6"": {""enterprise"": 9}, ""7"": {""premium"": 3, ""freemium"": 5}}"
75.382086,start,w0!w000257__freemium,freemium,7,728,plb_nclass,own_pool,freemium,freemium,under_theta,"{""enterprise"": 3, ""freemium"": 2, ""mixed"": 0, ""premium"": 3}","{""0"": 9, ""1"": 10, ""2"": 10, ""3"": 9, ""4"": 10, ""5"": 9, ""6"": 9, ""7"": 9}","{""0"": {""enterprise"": 3, ""freemium"": 6}, ""1"": {""premium"": 10, ""freemium"": 0}, ""2"": {""freemium"": 8, ""premium"": 2}, ""3"": {""freemium"": 1, ""enterprise"": 8}, ""4"": {""enterprise"": 0, ""freemium"": 2, ""premium"": 8}, ""5"": {""premium"": 0, ""enterprise"": 9}, ""6"": {""enterprise"": 9}, ""7"": {""premium"": 3, ""freemium"": 6}}"
75.416258,finish,w0!w000167__enterprise,enterprise,0,23,plb_nclass,finish,,,,"{""enterprise"": 3, ""freemium"": 2, ""mixed"": 0, ""premium"": 3}","{""0"": 8, ""1"": 10, ""2"": 10, ""3"": 9, ""4"": 10, ""5"": 9, ""6"": 9, ""7"": 9}","{""0"": {""enterprise"": 2, ""freemium"": 6}, ""1"": {""premium"": 10, ""freemium"": 0}, ""2"": {""freemium"": 8, ""premium"": 2}, ""3"": {""freemium"": 1, ""enterprise"": 8}, ""4"": {""enterprise"": 0, ""freemium"": 2, ""premium"": 8}, ""5"": {""premium"": 0, ""enterprise"": 9}, ""6"": {""enterprise"": 9}, ""7"": {""premium"": 3, ""freemium"": 6}}"
75.485091,finish,w0!w000181__enterprise,enterprise,5,519,plb_nclass,finish,,,,"{""enterprise"": 3, ""freemium"": 2, ""mixed"": 0, ""premium"": 3}","{""0"": 8, ""1"": 10, ""2"": 10, ""3"": 9, ""4"": 10, ""5"": 8, ""6"": 9, ""7"": 9}","{""0"": {""enterprise"": 2, ""freemium"": 6}, ""1"": {""premium"": 10, ""freemium"": 0}, ""2"": {""freemium"": 8, ""premium"": 2}, ""3"": {""freemium"": 1, ""enterprise"": 8}, ""4"": {""enterprise"": 0, ""freemium"": 2, ""premium"": 8}, ""5"": {""premium"": 0, ""enterprise"": 8}, ""6"": {""enterprise"": 9}, ""7"": {""premium"": 3, ""freemium"": 6}}"
75.530378,finish,w0!w000187__premium,premium,7,718,plb_nclass,finish,,,,"{""enterprise"": 3, ""freemium"": 2, ""mixed"": 0, ""premium"": 3}","{""0"": 8, ""1"": 10, ""2"": 10, ""3"": 9, ""4"": 10, ""5"": 8, ""6"": 9, ""7"": 8}","{""0"": {""enterprise"": 2, ""freemium"": 6}, ""1"": {""premium"": 10, ""freemium"": 0}, ""2"": {""freemium"": 8, ""premium"": 2}, ""3"": {""freemium"": 1, ""enterprise"": 8}, ""4"": {""enterprise"": 0, ""freemium"": 2, ""premium"": 8}, ""5"": {""premium"": 0, ""enterprise"": 8}, ""6"": {""enterprise"": 9}, ""7"": {""premium"": 2, ""freemium"": 6}}"
75.626313,start,w0!w000258__freemium,freemium,0,32,plb_nclass,own_pool,freemium,freemium,under_theta,"{""enterprise"": 3, ""freemium"": 2, ""mixed"": 0, ""premium"": 3}","{""0"": 9, ""1"": 10, ""2"": 10, ""3"": 9, ""4"": 10, ""5"": 8, ""6"": 9, ""7"": 8}","{""0"": {""enterprise"": 2, ""freemium"": 7}, ""1"": {""premium"": 10, ""freemium"": 0}, ""2"": {""freemium"": 8, ""premium"": 2}, ""3"": {""freemium"": 1, ""enterprise"": 8}, ""4"": {""enterprise"": 0, ""freemium"": 2, ""premium"": 8}, ""5"": {""premium"": 0, ""enterprise"": 8}, ""6"": {""enterprise"": 9}, ""7"": {""premium"": 2, ""freemium"": 6}}"
76.00087,start,w0!w000259__enterprise,enterprise,5,529,plb_nclass,own_pool,enterprise,enterprise,under_theta,"{""enterprise"": 3, ""freemium"": 2, ""mixed"": 0, ""premium"": 3}","{""0"": 9, ""1"": 10, ""2"": 10, ""3"": 9, ""4"": 10, ""5"": 9, ""6"": 9, ""7"": 8}","{""0"": {""enterprise"": 2, ""freemium"": 7}, ""1"": {""premium"": 10, ""freemium"": 0}, ""2"": {""freemium"": 8, ""premium"": 2}, ""3"": {""freemium"": 1, ""enterprise"": 8}, ""4"": {""enterprise"": 0, ""freemium"": 2, ""premium"": 8}, ""5"": {""premium"": 0, ""enterprise"": 9}, ""6"": {""enterprise"": 9}, ""7"": {""premium"": 2, ""freemium"": 6}}"
76.064158,start,w0!w000260__enterprise,enterprise,3,331,plb_nclass,own_pool,enterprise,enterprise,under_theta,"{""enterprise"": 3, ""freemium"": 2, ""mixed"": 0, ""premium"": 3}","{""0"": 9, ""1"": 10, ""2"": 10, ""3"": 10, ""4"": 10, ""5"": 9, ""6"": 9, ""7"": 8}","{""0"": {""enterprise"": 2, ""freemium"": 7}, ""1"": {""premium"": 10, ""freemium"": 0}, ""2"": {""freemium"": 8, ""premium"": 2}, ""3"": {""freemium"": 1, ""enterprise"": 9}, ""4"": {""enterprise"": 0, ""freemium"": 2, ""premium"": 8}, ""5"": {""premium"": 0, ""enterprise"": 9}, ""6"": {""enterprise"": 9}, ""7"": {""premium"": 2, ""freemium"": 6}}"
76.07766,finish,w0!w000161__enterprise,enterprise,0,22,plb_nclass,finish,,,,"{""enterprise"": 3, ""freemium"": 2, ""mixed"": 0, ""premium"": 3}","{""0"": 8, ""1"": 10, ""2"": 10, ""3"": 10, ""4"": 10, ""5"": 9, ""6"": 9, ""7"": 8}","{""0"": {""enterprise"": 1, ""freemium"": 7}, ""1"": {""premium"": 10, ""freemium"": 0}, ""2"": {""freemium"": 8, ""premium"": 2}, ""3"": {""freemium"": 1, ""enterprise"": 9}, ""4"": {""enterprise"": 0, ""freemium"": 2, ""premium"": 8}, ""5"": {""premium"": 0, ""enterprise"": 9}, ""6"": {""enterprise"": 9}, ""7"": {""premium"": 2, ""freemium"": 6}}"
76.140011,finish,w0!w000155__enterprise,enterprise,0,21,plb_nclass,finish,,,,"{""enterprise"": 3, ""freemium"": 2, ""mixed"": 0, ""premium"": 3}","{""0"": 7, ""1"": 10, ""2"": 10, ""3"": 10, ""4"": 10, ""5"": 9, ""6"": 9, ""7"": 8}","{""0"": {""enterprise"": 0, ""freemium"": 7}, ""1"": {""premium"": 10, ""freemium"": 0}, ""2"": {""freemium"": 8, ""premium"": 2}, ""3"": {""freemium"": 1, ""enterprise"": 9}, ""4"": {""enterprise"": 0, ""freemium"": 2, ""premium"": 8}, ""5"": {""premium"": 0, ""enterprise"": 9}, ""6"": {""enterprise"": 9}, ""7"": {""premium"": 2, ""freemium"": 6}}"
76.177503,start,w0!w000261__freemium,freemium,0,33,plb_nclass,own_pool,freemium,freemium,under_theta,"{""enterprise"": 3, ""freemium"": 2, ""mixed"": 0, ""premium"": 3}","{""0"": 8, ""1"": 10, ""2"": 10, ""3"": 10, ""4"": 10, ""5"": 9, ""6"": 9, ""7"": 8}","{""0"": {""enterprise"": 0, ""freemium"": 8}, ""1"": {""premium"": 10, ""freemium"": 0}, ""2"": {""freemium"": 8, ""premium"": 2}, ""3"": {""freemium"": 1, ""enterprise"": 9}, ""4"": {""enterprise"": 0, ""freemium"": 2, ""premium"": 8}, ""5"": {""premium"": 0, ""enterprise"": 9}, ""6"": {""enterprise"": 9}, ""7"": {""premium"": 2, ""freemium"": 6}}"
76.415196,finish,w0!w000194__enterprise,enterprise,6,619,plb_nclass,finish,,,,"{""enterprise"": 3, ""freemium"": 2, ""mixed"": 0, ""premium"": 3}","{""0"": 8, ""1"": 10, ""2"": 10, ""3"": 10, ""4"": 10, ""5"": 9, ""6"": 8, ""7"": 8}","{""0"": {""enterprise"": 0, ""freemium"": 8}, ""1"": {""premium"": 10, ""freemium"": 0}, ""2"": {""freemium"": 8, ""premium"": 2}, ""3"": {""freemium"": 1, ""enterprise"": 9}, ""4"": {""enterprise"": 0, ""freemium"": 2, ""premium"": 8}, ""5"": {""premium"": 0, ""enterprise"": 9}, ""6"": {""enterprise"": 8}, ""7"": {""premium"": 2, ""freemium"": 6}}"
76.518525,start,w0!w000262__premium,premium,0,34,plb_nclass,borrow_lower,freemium,premium,load_first,"{""enterprise"": 3, ""freemium"": 1, ""mixed"": 0, ""premium"": 4}","{""0"": 9, ""1"": 10, ""2"": 10, ""3"": 10, ""4"": 10, ""5"": 9, ""6"": 8, ""7"": 8}","{""0"": {""enterprise"": 0, ""freemium"": 8, ""premium"": 1}, ""1"": {""premium"": 10, ""freemium"": 0}, ""2"": {""freemium"": 8, ""premium"": 2}, ""3"": {""freemium"": 1, ""enterprise"": 9}, ""4"": {""enterprise"": 0, ""freemium"": 2, ""premium"": 8}, ""5"": {""premium"": 0, ""enterprise"": 9}, ""6"": {""enterprise"": 8}, ""7"": {""premium"": 2, ""freemium"": 6}}"
76.669362,start,w0!w000263__enterprise,enterprise,6,626,plb_nclass,own_pool,enterprise,enterprise,under_theta,"{""enterprise"": 3, ""freemium"": 1, ""mixed"": 0, ""premium"": 4}","{""0"": 9, ""1"": 10, ""2"": 10, ""3"": 10, ""4"": 10, ""5"": 9, ""6"": 9, ""7"": 8}","{""0"": {""enterprise"": 0, ""freemium"": 8, ""premium"": 1}, ""1"": {""premium"": 10, ""freemium"": 0}, ""2"": {""freemium"": 8, ""premium"": 2}, ""3"": {""freemium"": 1, ""enterprise"": 9}, ""4"": {""enterprise"": 0, ""freemium"": 2, ""premium"": 8}, ""5"": {""premium"": 0, ""enterprise"": 9}, ""6"": {""enterprise"": 9}, ""7"": {""premium"": 2, ""freemium"": 6}}"
76.720311,start,w0!w000264__premium,premium,0,35,plb_nclass,own_pool,premium,premium,under_theta,"{""enterprise"": 3, ""freemium"": 1, ""mixed"": 0, ""premium"": 4}","{""0"": 10, ""1"": 10, ""2"": 10, ""3"": 10, ""4"": 10, ""5"": 9, ""6"": 9, ""7"": 8}","{""0"": {""enterprise"": 0, ""freemium"": 8, ""premium"": 2}, ""1"": {""premium"": 10, ""freemium"": 0}, ""2"": {""freemium"": 8, ""premium"": 2}, ""3"": {""freemium"": 1, ""enterprise"": 9}, ""4"": {""enterprise"": 0, ""freemium"": 2, ""premium"": 8}, ""5"": {""premium"": 0, ""enterprise"": 9}, ""6"": {""enterprise"": 9}, ""7"": {""premium"": 2, ""freemium"": 6}}"
76.880863,finish,w0!w000160__freemium,freemium,2,224,plb_nclass,finish,,,,"{""enterprise"": 3, ""freemium"": 1, ""mixed"": 0, ""premium"": 4}","{""0"": 10, ""1"": 10, ""2"": 9, ""3"": 10, ""4"": 10, ""5"": 9, ""6"": 9, ""7"": 8}","{""0"": {""enterprise"": 0, ""freemium"": 8, ""premium"": 2}, ""1"": {""premium"": 10, ""freemium"": 0}, ""2"": {""freemium"": 7, ""premium"": 2}, ""3"": {""freemium"": 1, ""enterprise"": 9}, ""4"": {""enterprise"": 0, ""freemium"": 2, ""premium"": 8}, ""5"": {""premium"": 0, ""enterprise"": 9}, ""6"": {""enterprise"": 9}, ""7"": {""premium"": 2, ""freemium"": 6}}"
77.041871,finish,w0!w000209__enterprise,enterprise,3,327,plb_nclass,finish,,,,"{""enterprise"": 3, ""freemium"": 1, ""mixed"": 0, ""premium"": 4}","{""0"": 10, ""1"": 10, ""2"": 9, ""3"": 9, ""4"": 10, ""5"": 9, ""6"": 9, ""7"": 8}","{""0"": {""enterprise"": 0, ""freemium"": 8, ""premium"": 2}, ""1"": {""premium"": 10, ""freemium"": 0}, ""2"": {""freemium"": 7, ""premium"": 2}, ""3"": {""freemium"": 1, ""enterprise"": 8}, ""4"": {""enterprise"": 0, ""freemium"": 2, ""premium"": 8}, ""5"": {""premium"": 0, ""enterprise"": 9}, ""6"": {""enterprise"": 9}, ""7"": {""premium"": 2, ""freemium"": 6}}"
77.053996,finish,w0!w000174__freemium,freemium,0,25,plb_nclass,finish,,,,"{""enterprise"": 3, ""freemium"": 1, ""mixed"": 0, ""premium"": 4}","{""0"": 9, ""1"": 10, ""2"": 9, ""3"": 9, ""4"": 10, ""5"": 9, ""6"": 9, ""7"": 8}","{""0"": {""enterprise"": 0, ""freemium"": 7, ""premium"": 2}, ""1"": {""premium"": 10, ""freemium"": 0}, ""2"": {""freemium"": 7, ""premium"": 2}, ""3"": {""freemium"": 1, ""enterprise"": 8}, ""4"": {""enterprise"": 0, ""freemium"": 2, ""premium"": 8}, ""5"": {""premium"": 0, ""enterprise"": 9}, ""6"": {""enterprise"": 9}, ""7"": {""premium"": 2, ""freemium"": 6}}"
77.163063,start,w0!w000265__enterprise,enterprise,3,332,plb_nclass,own_pool,enterprise,enterprise,under_theta,"{""enterprise"": 3, ""freemium"": 1, ""mixed"": 0, ""premium"": 4}","{""0"": 9, ""1"": 10, ""2"": 9, ""3"": 10, ""4"": 10, ""5"": 9, ""6"": 9, ""7"": 8}","{""0"": {""enterprise"": 0, ""freemium"": 7, ""premium"": 2}, ""1"": {""premium"": 10, ""freemium"": 0}, ""2"": {""freemium"": 7, ""premium"": 2}, ""3"": {""freemium"": 1, ""enterprise"": 9}, ""4"": {""enterprise"": 0, ""freemium"": 2, ""premium"": 8}, ""5"": {""premium"": 0, ""enterprise"": 9}, ""6"": {""enterprise"": 9}, ""7"": {""premium"": 2, ""freemium"": 6}}"
77.200482,start,w0!w000266__enterprise,enterprise,5,530,plb_nclass,own_pool,enterprise,enterprise,under_theta,"{""enterprise"": 3, ""freemium"": 1, ""mixed"": 0, ""premium"": 4}","{""0"": 9, ""1"": 10, ""2"": 9, ""3"": 10, ""4"": 10, ""5"": 10, ""6"": 9, ""7"": 8}","{""0"": {""enterprise"": 0, ""freemium"": 7, ""premium"": 2}, ""1"": {""premium"": 10, ""freemium"": 0}, ""2"": {""freemium"": 7, ""premium"": 2}, ""3"": {""freemium"": 1, ""enterprise"": 9}, ""4"": {""enterprise"": 0, ""freemium"": 2, ""premium"": 8}, ""5"": {""premium"": 0, ""enterprise"": 10}, ""6"": {""enterprise"": 9}, ""7"": {""premium"": 2, ""freemium"": 6}}"
77.203649,finish,w0!w000196__enterprise,enterprise,3,323,plb_nclass,finish,,,,"{""enterprise"": 3, ""freemium"": 1, ""mixed"": 0, ""premium"": 4}","{""0"": 9, ""1"": 10, ""2"": 9, ""3"": 9, ""4"": 10, ""5"": 10, ""6"": 9, ""7"": 8}","{""0"": {""enterprise"": 0, ""freemium"": 7, ""premium"": 2}, ""1"": {""premium"": 10, ""freemium"": 0}, ""2"": {""freemium"": 7, ""premium"": 2}, ""3"": {""freemium"": 1, ""enterprise"": 8}, ""4"": {""enterprise"": 0, ""freemium"": 2, ""premium"": 8}, ""5"": {""premium"": 0, ""enterprise"": 10}, ""6"": {""enterprise"": 9}, ""7"": {""premium"": 2, ""freemium"": 6}}"
78.165559,finish,w0!w000223__freemium,freemium,2,234,plb_nclass,finish,,,,"{""enterprise"": 3, ""freemium"": 1, ""mixed"": 0, ""premium"": 4}","{""0"": 9, ""1"": 10, ""2"": 8, ""3"": 9, ""4"": 10, ""5"": 10, ""6"": 9, ""7"": 8}","{""0"": {""enterprise"": 0, ""freemium"": 7, ""premium"": 2}, ""1"": {""premium"": 10, ""freemium"": 0}, ""2"": {""freemium"": 6, ""premium"": 2}, ""3"": {""freemium"": 1, ""enterprise"": 8}, ""4"": {""enterprise"": 0, ""freemium"": 2, ""premium"": 8}, ""5"": {""premium"": 0, ""enterprise"": 10}, ""6"": {""enterprise"": 9}, ""7"": {""premium"": 2, ""freemium"": 6}}"
78.332676,finish,w0!w000185__freemium,freemium,3,321,plb_nclass,finish,,,,"{""enterprise"": 3, ""freemium"": 1, ""mixed"": 0, ""premium"": 4}","{""0"": 9, ""1"": 10, ""2"": 8, ""3"": 8, ""4"": 10, ""5"": 10, ""6"": 9, ""7"": 8}","{""0"": {""enterprise"": 0, ""freemium"": 7, ""premium"": 2}, ""1"": {""premium"": 10, ""freemium"": 0}, ""2"": {""freemium"": 6, ""premium"": 2}, ""3"": {""freemium"": 0, ""enterprise"": 8}, ""4"": {""enterprise"": 0, ""freemium"": 2, ""premium"": 8}, ""5"": {""premium"": 0, ""enterprise"": 10}, ""6"": {""enterprise"": 9}, ""7"": {""premium"": 2, ""freemium"": 6}}"
78.664126,start,w0!w000267__premium,premium,2,240,plb_nclass,own_pool,premium,premium,under_theta,"{""enterprise"": 3, ""freemium"": 1, ""mixed"": 0, ""premium"": 4}","{""0"": 9, ""1"": 10, ""2"": 9, ""3"": 8, ""4"": 10, ""5"": 10, ""6"": 9, ""7"": 8}","{""0"": {""enterprise"": 0, ""freemium"": 7, ""premium"": 2}, ""1"": {""premium"": 10, ""freemium"": 0}, ""2"": {""freemium"": 6, ""premium"": 3}, ""3"": {""freemium"": 0, ""enterprise"": 8}, ""4"": {""enterprise"": 0, ""freemium"": 2, ""premium"": 8}, ""5"": {""premium"": 0, ""enterprise"": 10}, ""6"": {""enterprise"": 9}, ""7"": {""premium"": 2, ""freemium"": 6}}"
78.94522,finish,w0!w000205__enterprise,enterprise,3,325,plb_nclass,finish,,,,"{""enterprise"": 3, ""freemium"": 1, ""mixed"": 0, ""premium"": 4}","{""0"": 9, ""1"": 10, ""2"": 9, ""3"": 7, ""4"": 10, ""5"": 10, ""6"": 9, ""7"": 8}","{""0"": {""enterprise"": 0, ""freemium"": 7, ""premium"": 2}, ""1"": {""premium"": 10, ""freemium"": 0}, ""2"": {""freemium"": 6, ""premium"": 3}, ""3"": {""freemium"": 0, ""enterprise"": 7}, ""4"": {""enterprise"": 0, ""freemium"": 2, ""premium"": 8}, ""5"": {""premium"": 0, ""enterprise"": 10}, ""6"": {""enterprise"": 9}, ""7"": {""premium"": 2, ""freemium"": 6}}"
78.977465,finish,w0!w000206__premium,premium,7,721,plb_nclass,finish,,,,"{""enterprise"": 3, ""freemium"": 1, ""mixed"": 0, ""premium"": 4}","{""0"": 9, ""1"": 10, ""2"": 9, ""3"": 7, ""4"": 10, ""5"": 10, ""6"": 9, ""7"": 7}","{""0"": {""enterprise"": 0, ""freemium"": 7, ""premium"": 2}, ""1"": {""premium"": 10, ""freemium"": 0}, ""2"": {""freemium"": 6, ""premium"": 3}, ""3"": {""freemium"": 0, ""enterprise"": 7}, ""4"": {""enterprise"": 0, ""freemium"": 2, ""premium"": 8}, ""5"": {""premium"": 0, ""enterprise"": 10}, ""6"": {""enterprise"": 9}, ""7"": {""premium"": 1, ""freemium"": 6}}"
79.004069,start,w0!w000268__premium,premium,0,36,plb_nclass,own_pool,premium,premium,under_theta,"{""enterprise"": 3, ""freemium"": 1, ""mixed"": 0, ""premium"": 4}","{""0"": 10, ""1"": 10, ""2"": 9, ""3"": 7, ""4"": 10, ""5"": 10, ""6"": 9, ""7"": 7}","{""0"": {""enterprise"": 0, ""freemium"": 7, ""premium"": 3}, ""1"": {""premium"": 10, ""freemium"": 0}, ""2"": {""freemium"": 6, ""premium"": 3}, ""3"": {""freemium"": 0, ""enterprise"": 7}, ""4"": {""enterprise"": 0, ""freemium"": 2, ""premium"": 8}, ""5"": {""premium"": 0, ""enterprise"": 10}, ""6"": {""enterprise"": 9}, ""7"": {""premium"": 1, ""freemium"": 6}}"
79.415416,finish,w0!w000213__freemium,freemium,7,724,plb_nclass,finish,,,,"{""enterprise"": 3, ""freemium"": 1, ""mixed"": 0, ""premium"": 4}","{""0"": 10, ""1"": 10, ""2"": 9, ""3"": 7, ""4"": 10, ""5"": 10, ""6"": 9, ""7"": 6}","{""0"": {""enterprise"": 0, ""freemium"": 7, ""premium"": 3}, ""1"": {""premium"": 10, ""freemium"": 0}, ""2"": {""freemium"": 6, ""premium"": 3}, ""3"": {""freemium"": 0, ""enterprise"": 7}, ""4"": {""enterprise"": 0, ""freemium"": 2, ""premium"": 8}, ""5"": {""premium"": 0, ""enterprise"": 10}, ""6"": {""enterprise"": 9}, ""7"": {""premium"": 1, ""freemium"": 5}}"
79.483243,start,w0!w000269__enterprise,enterprise,3,333,plb_nclass,own_pool,enterprise,enterprise,under_theta,"{""enterprise"": 3, ""freemium"": 1, ""mixed"": 0, ""premium"": 4}","{""0"": 10, ""1"": 10, ""2"": 9, ""3"": 8, ""4"": 10, ""5"": 10, ""6"": 9, ""7"": 6}","{""0"": {""enterprise"": 0, ""freemium"": 7, ""premium"": 3}, ""1"": {""premium"": 10, ""freemium"": 0}, ""2"": {""freemium"": 6, ""premium"": 3}, ""3"": {""freemium"": 0, ""enterprise"": 8}, ""4"": {""enterprise"": 0, ""freemium"": 2, ""premium"": 8}, ""5"": {""premium"": 0, ""enterprise"": 10}, ""6"": {""enterprise"": 9}, ""7"": {""premium"": 1, ""freemium"": 5}}"
79.533813,start,w0!w000270__freemium,freemium,7,729,plb_nclass,own_pool,freemium,freemium,under_theta,"{""enterprise"": 3, ""freemium"": 1, ""mixed"": 0, ""premium"": 4}","{""0"": 10, ""1"": 10, ""2"": 9, ""3"": 8, ""4"": 10, ""5"": 10, ""6"": 9, ""7"": 7}","{""0"": {""enterprise"": 0, ""freemium"": 7, ""premium"": 3}, ""1"": {""premium"": 10, ""freemium"": 0}, ""2"": {""freemium"": 6, ""premium"": 3}, ""3"": {""freemium"": 0, ""enterprise"": 8}, ""4"": {""enterprise"": 0, ""freemium"": 2, ""premium"": 8}, ""5"": {""premium"": 0, ""enterprise"": 10}, ""6"": {""enterprise"": 9}, ""7"": {""premium"": 1, ""freemium"": 6}}"
79.59842,start,w0!w000271__freemium,freemium,7,730,plb_nclass,own_pool,freemium,freemium,under_theta,"{""enterprise"": 3, ""freemium"": 1, ""mixed"": 0, ""premium"": 4}","{""0"": 10, ""1"": 10, ""2"": 9, ""3"": 8, ""4"": 10, ""5"": 10, ""6"": 9, ""7"": 8}","{""0"": {""enterprise"": 0, ""freemium"": 7, ""premium"": 3}, ""1"": {""premium"": 10, ""freemium"": 0}, ""2"": {""freemium"": 6, ""premium"": 3}, ""3"": {""freemium"": 0, ""enterprise"": 8}, ""4"": {""enterprise"": 0, ""freemium"": 2, ""premium"": 8}, ""5"": {""premium"": 0, ""enterprise"": 10}, ""6"": {""enterprise"": 9}, ""7"": {""premium"": 1, ""freemium"": 7}}"
79.689828,finish,w0!w000199__freemium,freemium,0,28,plb_nclass,finish,,,,"{""enterprise"": 3, ""freemium"": 1, ""mixed"": 0, ""premium"": 4}","{""0"": 9, ""1"": 10, ""2"": 9, ""3"": 8, ""4"": 10, ""5"": 10, ""6"": 9, ""7"": 8}","{""0"": {""enterprise"": 0, ""freemium"": 6, ""premium"": 3}, ""1"": {""premium"": 10, ""freemium"": 0}, ""2"": {""freemium"": 6, ""premium"": 3}, ""3"": {""freemium"": 0, ""enterprise"": 8}, ""4"": {""enterprise"": 0, ""freemium"": 2, ""premium"": 8}, ""5"": {""premium"": 0, ""enterprise"": 10}, ""6"": {""enterprise"": 9}, ""7"": {""premium"": 1, ""freemium"": 7}}"
79.692838,finish,w0!w000221__premium,premium,4,425,plb_nclass,finish,,,,"{""enterprise"": 3, ""freemium"": 1, ""mixed"": 0, ""premium"": 4}","{""0"": 9, ""1"": 10, ""2"": 9, ""3"": 8, ""4"": 9, ""5"": 10, ""6"": 9, ""7"": 8}","{""0"": {""enterprise"": 0, ""freemium"": 6, ""premium"": 3}, ""1"": {""premium"": 10, ""freemium"": 0}, ""2"": {""freemium"": 6, ""premium"": 3}, ""3"": {""freemium"": 0, ""enterprise"": 8}, ""4"": {""enterprise"": 0, ""freemium"": 2, ""premium"": 7}, ""5"": {""premium"": 0, ""enterprise"": 10}, ""6"": {""enterprise"": 9}, ""7"": {""premium"": 1, ""freemium"": 7}}"
79.845419,start,w0!w000272__enterprise,enterprise,3,334,plb_nclass,own_pool,enterprise,enterprise,under_theta,"{""enterprise"": 3, ""freemium"": 1, ""mixed"": 0, ""premium"": 4}","{""0"": 9, ""1"": 10, ""2"": 9, ""3"": 9, ""4"": 9, ""5"": 10, ""6"": 9, ""7"": 8}","{""0"": {""enterprise"": 0, ""freemium"": 6, ""premium"": 3}, ""1"": {""premium"": 10, ""freemium"": 0}, ""2"": {""freemium"": 6, ""premium"": 3}, ""3"": {""freemium"": 0, ""enterprise"": 9}, ""4"": {""enterprise"": 0, ""freemium"": 2, ""premium"": 7}, ""5"": {""premium"": 0, ""enterprise"": 10}, ""6"": {""enterprise"": 9}, ""7"": {""premium"": 1, ""freemium"": 7}}"
80.268097,start,w0!w000273__freemium,freemium,7,731,plb_nclass,own_pool,freemium,freemium,under_theta,"{""enterprise"": 3, ""freemium"": 1, ""mixed"": 0, ""premium"": 4}","{""0"": 9, ""1"": 10, ""2"": 9, ""3"": 9, ""4"": 9, ""5"": 10, ""6"": 9, ""7"": 9}","{""0"": {""enterprise"": 0, ""freemium"": 6, ""premium"": 3}, ""1"": {""premium"": 10, ""freemium"": 0}, ""2"": {""freemium"": 6, ""premium"": 3}, ""3"": {""freemium"": 0, ""enterprise"": 9}, ""4"": {""enterprise"": 0, ""freemium"": 2, ""premium"": 7}, ""5"": {""premium"": 0, ""enterprise"": 10}, ""6"": {""enterprise"": 9}, ""7"": {""premium"": 1, ""freemium"": 8}}"
80.277026,start,w0!w000274__freemium,freemium,7,732,plb_nclass,own_pool,freemium,freemium,under_theta,"{""enterprise"": 3, ""freemium"": 1, ""mixed"": 0, ""premium"": 4}","{""0"": 9, ""1"": 10, ""2"": 9, ""3"": 9, ""4"": 9, ""5"": 10, ""6"": 9, ""7"": 10}","{""0"": {""enterprise"": 0, ""freemium"": 6, ""premium"": 3}, ""1"": {""premium"": 10, ""freemium"": 0}, ""2"": {""freemium"": 6, ""premium"": 3}, ""3"": {""freemium"": 0, ""enterprise"": 9}, ""4"": {""enterprise"": 0, ""freemium"": 2, ""premium"": 7}, ""5"": {""premium"": 0, ""enterprise"": 10}, ""6"": {""enterprise"": 9}, ""7"": {""premium"": 1, ""freemium"": 9}}"
80.29273,finish,w0!w000237__enterprise,enterprise,6,624,plb_nclass,finish,,,,"{""enterprise"": 3, ""freemium"": 1, ""mixed"": 0, ""premium"": 4}","{""0"": 9, ""1"": 10, ""2"": 9, ""3"": 9, ""4"": 9, ""5"": 10, ""6"": 8, ""7"": 10}","{""0"": {""enterprise"": 0, ""freemium"": 6, ""premium"": 3}, ""1"": {""premium"": 10, ""freemium"": 0}, ""2"": {""freemium"": 6, ""premium"": 3}, ""3"": {""freemium"": 0, ""enterprise"": 9}, ""4"": {""enterprise"": 0, ""freemium"": 2, ""premium"": 7}, ""5"": {""premium"": 0, ""enterprise"": 10}, ""6"": {""enterprise"": 8}, ""7"": {""premium"": 1, ""freemium"": 9}}"
80.320938,finish,w0!w000212__freemium,freemium,7,723,plb_nclass,finish,,,,"{""enterprise"": 3, ""freemium"": 1, ""mixed"": 0, ""premium"": 4}","{""0"": 9, ""1"": 10, ""2"": 9, ""3"": 9, ""4"": 9, ""5"": 10, ""6"": 8, ""7"": 9}","{""0"": {""enterprise"": 0, ""freemium"": 6, ""premium"": 3}, ""1"": {""premium"": 10, ""freemium"": 0}, ""2"": {""freemium"": 6, ""premium"": 3}, ""3"": {""freemium"": 0, ""enterprise"": 9}, ""4"": {""enterprise"": 0, ""freemium"": 2, ""premium"": 7}, ""5"": {""premium"": 0, ""enterprise"": 10}, ""6"": {""enterprise"": 8}, ""7"": {""premium"": 1, ""freemium"": 8}}"
80.331338,finish,w0!w000189__premium,premium,4,422,plb_nclass,finish,,,,"{""enterprise"": 3, ""freemium"": 1, ""mixed"": 0, ""premium"": 4}","{""0"": 9, ""1"": 10, ""2"": 9, ""3"": 9, ""4"": 8, ""5"": 10, ""6"": 8, ""7"": 9}","{""0"": {""enterprise"": 0, ""freemium"": 6, ""premium"": 3}, ""1"": {""premium"": 10, ""freemium"": 0}, ""2"": {""freemium"": 6, ""premium"": 3}, ""3"": {""freemium"": 0, ""enterprise"": 9}, ""4"": {""enterprise"": 0, ""freemium"": 2, ""premium"": 6}, ""5"": {""premium"": 0, ""enterprise"": 10}, ""6"": {""enterprise"": 8}, ""7"": {""premium"": 1, ""freemium"": 8}}"
80.337275,start,w0!w000275__enterprise,enterprise,6,627,plb_nclass,own_pool,enterprise,enterprise,under_theta,"{""enterprise"": 3, ""freemium"": 1, ""mixed"": 0, ""premium"": 4}","{""0"": 9, ""1"": 10, ""2"": 9, ""3"": 9, ""4"": 8, ""5"": 10, ""6"": 9, ""7"": 9}","{""0"": {""enterprise"": 0, ""freemium"": 6, ""premium"": 3}, ""1"": {""premium"": 10, ""freemium"": 0}, ""2"": {""freemium"": 6, ""premium"": 3}, ""3"": {""freemium"": 0, ""enterprise"": 9}, ""4"": {""enterprise"": 0, ""freemium"": 2, ""premium"": 6}, ""5"": {""premium"": 0, ""enterprise"": 10}, ""6"": {""enterprise"": 9}, ""7"": {""premium"": 1, ""freemium"": 8}}"
80.345583,start,w0!w000276__premium,premium,4,432,plb_nclass,own_pool,premium,premium,under_theta,"{""enterprise"": 3, ""freemium"": 1, ""mixed"": 0, ""premium"": 4}","{""0"": 9, ""1"": 10, ""2"": 9, ""3"": 9, ""4"": 9, ""5"": 10, ""6"": 9, ""7"": 9}","{""0"": {""enterprise"": 0, ""freemium"": 6, ""premium"": 3}, ""1"": {""premium"": 10, ""freemium"": 0}, ""2"": {""freemium"": 6, ""premium"": 3}, ""3"": {""freemium"": 0, ""enterprise"": 9}, ""4"": {""enterprise"": 0, ""freemium"": 2, ""premium"": 7}, ""5"": {""premium"": 0, ""enterprise"": 10}, ""6"": {""enterprise"": 9}, ""7"": {""premium"": 1, ""freemium"": 8}}"
80.48335,finish,w0!w000211__premium,premium,4,423,plb_nclass,finish,,,,"{""enterprise"": 3, ""freemium"": 1, ""mixed"": 0, ""premium"": 4}","{""0"": 9, ""1"": 10, ""2"": 9, ""3"": 9, ""4"": 8, ""5"": 10, ""6"": 9, ""7"": 9}","{""0"": {""enterprise"": 0, ""freemium"": 6, ""premium"": 3}, ""1"": {""premium"": 10, ""freemium"": 0}, ""2"": {""freemium"": 6, ""premium"": 3}, ""3"": {""freemium"": 0, ""enterprise"": 9}, ""4"": {""enterprise"": 0, ""freemium"": 2, ""premium"": 6}, ""5"": {""premium"": 0, ""enterprise"": 10}, ""6"": {""enterprise"": 9}, ""7"": {""premium"": 1, ""freemium"": 8}}"
80.706239,start,w0!w000277__premium,premium,4,433,plb_nclass,own_pool,premium,premium,under_theta,"{""enterprise"": 3, ""freemium"": 1, ""mixed"": 0, ""premium"": 4}","{""0"": 9, ""1"": 10, ""2"": 9, ""3"": 9, ""4"": 9, ""5"": 10, ""6"": 9, ""7"": 9}","{""0"": {""enterprise"": 0, ""freemium"": 6, ""premium"": 3}, ""1"": {""premium"": 10, ""freemium"": 0}, ""2"": {""freemium"": 6, ""premium"": 3}, ""3"": {""freemium"": 0, ""enterprise"": 9}, ""4"": {""enterprise"": 0, ""freemium"": 2, ""premium"": 7}, ""5"": {""premium"": 0, ""enterprise"": 10}, ""6"": {""enterprise"": 9}, ""7"": {""premium"": 1, ""freemium"": 8}}"
80.709267,finish,w0!w000192__premium,premium,7,719,plb_nclass,finish,,,,"{""enterprise"": 3, ""freemium"": 1, ""mixed"": 0, ""premium"": 4}","{""0"": 9, ""1"": 10, ""2"": 9, ""3"": 9, ""4"": 9, ""5"": 10, ""6"": 9, ""7"": 8}","{""0"": {""enterprise"": 0, ""freemium"": 6, ""premium"": 3}, ""1"": {""premium"": 10, ""freemium"": 0}, ""2"": {""freemium"": 6, ""premium"": 3}, ""3"": {""freemium"": 0, ""enterprise"": 9}, ""4"": {""enterprise"": 0, ""freemium"": 2, ""premium"": 7}, ""5"": {""premium"": 0, ""enterprise"": 10}, ""6"": {""enterprise"": 9}, ""7"": {""premium"": 0, ""freemium"": 8}}"
81.096346,start,w0!w000278__enterprise,enterprise,3,335,plb_nclass,own_pool,enterprise,enterprise,under_theta,"{""enterprise"": 3, ""freemium"": 1, ""mixed"": 0, ""premium"": 4}","{""0"": 9, ""1"": 10, ""2"": 9, ""3"": 10, ""4"": 9, ""5"": 10, ""6"": 9, ""7"": 8}","{""0"": {""enterprise"": 0, ""freemium"": 6, ""premium"": 3}, ""1"": {""premium"": 10, ""freemium"": 0}, ""2"": {""freemium"": 6, ""premium"": 3}, ""3"": {""freemium"": 0, ""enterprise"": 10}, ""4"": {""enterprise"": 0, ""freemium"": 2, ""premium"": 7}, ""5"": {""premium"": 0, ""enterprise"": 10}, ""6"": {""enterprise"": 9}, ""7"": {""premium"": 0, ""freemium"": 8}}"
81.129944,start,w0!w000279__freemium,freemium,7,733,plb_nclass,own_pool,freemium,freemium,under_theta,"{""enterprise"": 3, ""freemium"": 1, ""mixed"": 0, ""premium"": 4}","{""0"": 9, ""1"": 10, ""2"": 9, ""3"": 10, ""4"": 9, ""5"": 10, ""6"": 9, ""7"": 9}","{""0"": {""enterprise"": 0, ""freemium"": 6, ""premium"": 3}, ""1"": {""premium"": 10, ""freemium"": 0}, ""2"": {""freemium"": 6, ""premium"": 3}, ""3"": {""freemium"": 0, ""enterprise"": 10}, ""4"": {""enterprise"": 0, ""freemium"": 2, ""premium"": 7}, ""5"": {""premium"": 0, ""enterprise"": 10}, ""6"": {""enterprise"": 9}, ""7"": {""premium"": 0, ""freemium"": 9}}"
81.291348,start,w0!w000280__enterprise,enterprise,6,628,plb_nclass,own_pool,enterprise,enterprise,under_theta,"{""enterprise"": 3, ""freemium"": 1, ""mixed"": 0, ""premium"": 4}","{""0"": 9, ""1"": 10, ""2"": 9, ""3"": 10, ""4"": 9, ""5"": 10, ""6"": 10, ""7"": 9}","{""0"": {""enterprise"": 0, ""freemium"": 6, ""premium"": 3}, ""1"": {""premium"": 10, ""freemium"": 0}, ""2"": {""freemium"": 6, ""premium"": 3}, ""3"": {""freemium"": 0, ""enterprise"": 10}, ""4"": {""enterprise"": 0, ""freemium"": 2, ""premium"": 7}, ""5"": {""premium"": 0, ""enterprise"": 10}, ""6"": {""enterprise"": 10}, ""7"": {""premium"": 0, ""freemium"": 9}}"
81.519141,finish,w0!w000207__enterprise,enterprise,3,326,plb_nclass,finish,,,,"{""enterprise"": 3, ""freemium"": 1, ""mixed"": 0, ""premium"": 4}","{""0"": 9, ""1"": 10, ""2"": 9, ""3"": 9, ""4"": 9, ""5"": 10, ""6"": 10, ""7"": 9}","{""0"": {""enterprise"": 0, ""freemium"": 6, ""premium"": 3}, ""1"": {""premium"": 10, ""freemium"": 0}, ""2"": {""freemium"": 6, ""premium"": 3}, ""3"": {""freemium"": 0, ""enterprise"": 9}, ""4"": {""enterprise"": 0, ""freemium"": 2, ""premium"": 7}, ""5"": {""premium"": 0, ""enterprise"": 10}, ""6"": {""enterprise"": 10}, ""7"": {""premium"": 0, ""freemium"": 9}}"
81.704345,start,w0!w000281__premium,premium,0,37,plb_nclass,own_pool,premium,premium,under_theta,"{""enterprise"": 3, ""freemium"": 1, ""mixed"": 0, ""premium"": 4}","{""0"": 10, ""1"": 10, ""2"": 9, ""3"": 9, ""4"": 9, ""5"": 10, ""6"": 10, ""7"": 9}","{""0"": {""enterprise"": 0, ""freemium"": 6, ""premium"": 4}, ""1"": {""premium"": 10, ""freemium"": 0}, ""2"": {""freemium"": 6, ""premium"": 3}, ""3"": {""freemium"": 0, ""enterprise"": 9}, ""4"": {""enterprise"": 0, ""freemium"": 2, ""premium"": 7}, ""5"": {""premium"": 0, ""enterprise"": 10}, ""6"": {""enterprise"": 10}, ""7"": {""premium"": 0, ""freemium"": 9}}"
82.111631,finish,w0!w000220__enterprise,enterprise,6,621,plb_nclass,finish,,,,"{""enterprise"": 3, ""freemium"": 1, ""mixed"": 0, ""premium"": 4}","{""0"": 10, ""1"": 10, ""2"": 9, ""3"": 9, ""4"": 9, ""5"": 10, ""6"": 9, ""7"": 9}","{""0"": {""enterprise"": 0, ""freemium"": 6, ""premium"": 4}, ""1"": {""premium"": 10, ""freemium"": 0}, ""2"": {""freemium"": 6, ""premium"": 3}, ""3"": {""freemium"": 0, ""enterprise"": 9}, ""4"": {""enterprise"": 0, ""freemium"": 2, ""premium"": 7}, ""5"": {""premium"": 0, ""enterprise"": 10}, ""6"": {""enterprise"": 9}, ""7"": {""premium"": 0, ""freemium"": 9}}"
82.206902,finish,w0!w000240__premium,premium,1,135,plb_nclass,finish,,,,"{""enterprise"": 3, ""freemium"": 1, ""mixed"": 0, ""premium"": 4}","{""0"": 10, ""1"": 9, ""2"": 9, ""3"": 9, ""4"": 9, ""5"": 10, ""6"": 9, ""7"": 9}","{""0"": {""enterprise"": 0, ""freemium"": 6, ""premium"": 4}, ""1"": {""premium"": 9, ""freemium"": 0}, ""2"": {""freemium"": 6, ""premium"": 3}, ""3"": {""freemium"": 0, ""enterprise"": 9}, ""4"": {""enterprise"": 0, ""freemium"": 2, ""premium"": 7}, ""5"": {""premium"": 0, ""enterprise"": 10}, ""6"": {""enterprise"": 9}, ""7"": {""premium"": 0, ""freemium"": 9}}"
82.387087,start,w0!w000282__premium,premium,1,139,plb_nclass,own_pool,premium,premium,under_theta,"{""enterprise"": 3, ""freemium"": 1, ""mixed"": 0, ""premium"": 4}","{""0"": 10, ""1"": 10, ""2"": 9, ""3"": 9, ""4"": 9, ""5"": 10, ""6"": 9, ""7"": 9}","{""0"": {""enterprise"": 0, ""freemium"": 6, ""premium"": 4}, ""1"": {""premium"": 10, ""freemium"": 0}, ""2"": {""freemium"": 6, ""premium"": 3}, ""3"": {""freemium"": 0, ""enterprise"": 9}, ""4"": {""enterprise"": 0, ""freemium"": 2, ""premium"": 7}, ""5"": {""premium"": 0, ""enterprise"": 10}, ""6"": {""enterprise"": 9}, ""7"": {""premium"": 0, ""freemium"": 9}}"
82.455082,finish,w0!w000191__enterprise,enterprise,6,618,plb_nclass,finish,,,,"{""enterprise"": 3, ""freemium"": 1, ""mixed"": 0, ""premium"": 4}","{""0"": 10, ""1"": 10, ""2"": 9, ""3"": 9, ""4"": 9, ""5"": 10, ""6"": 8, ""7"": 9}","{""0"": {""enterprise"": 0, ""freemium"": 6, ""premium"": 4}, ""1"": {""premium"": 10, ""freemium"": 0}, ""2"": {""freemium"": 6, ""premium"": 3}, ""3"": {""freemium"": 0, ""enterprise"": 9}, ""4"": {""enterprise"": 0, ""freemium"": 2, ""premium"": 7}, ""5"": {""premium"": 0, ""enterprise"": 10}, ""6"": {""enterprise"": 8}, ""7"": {""premium"": 0, ""freemium"": 9}}"
82.521827,start,w0!w000283__freemium,freemium,7,734,plb_nclass,own_pool,freemium,freemium,under_theta,"{""enterprise"": 3, ""freemium"": 1, ""mixed"": 0, ""premium"": 4}","{""0"": 10, ""1"": 10, ""2"": 9, ""3"": 9, ""4"": 9, ""5"": 10, ""6"": 8, ""7"": 10}","{""0"": {""enterprise"": 0, ""freemium"": 6, ""premium"": 4}, ""1"": {""premium"": 10, ""freemium"": 0}, ""2"": {""freemium"": 6, ""premium"": 3}, ""3"": {""freemium"": 0, ""enterprise"": 9}, ""4"": {""enterprise"": 0, ""freemium"": 2, ""premium"": 7}, ""5"": {""premium"": 0, ""enterprise"": 10}, ""6"": {""enterprise"": 8}, ""7"": {""premium"": 0, ""freemium"": 10}}"
82.60117,start,w0!w000284__enterprise,enterprise,6,629,plb_nclass,own_pool,enterprise,enterprise,under_theta,"{""enterprise"": 3, ""freemium"": 1, ""mixed"": 0, ""premium"": 4}","{""0"": 10, ""1"": 10, ""2"": 9, ""3"": 9, ""4"": 9, ""5"": 10, ""6"": 9, ""7"": 10}","{""0"": {""enterprise"": 0, ""freemium"": 6, ""premium"": 4}, ""1"": {""premium"": 10, ""freemium"": 0}, ""2"": {""freemium"": 6, ""premium"": 3}, ""3"": {""freemium"": 0, ""enterprise"": 9}, ""4"": {""enterprise"": 0, ""freemium"": 2, ""premium"": 7}, ""5"": {""premium"": 0, ""enterprise"": 10}, ""6"": {""enterprise"": 9}, ""7"": {""premium"": 0, ""freemium"": 10}}"
82.846036,finish,w0!w000215__enterprise,enterprise,5,524,plb_nclass,finish,,,,"{""enterprise"": 3, ""freemium"": 1, ""mixed"": 0, ""premium"": 4}","{""0"": 10, ""1"": 10, ""2"": 9, ""3"": 9, ""4"": 9, ""5"": 9, ""6"": 9, ""7"": 10}","{""0"": {""enterprise"": 0, ""freemium"": 6, ""premium"": 4}, ""1"": {""premium"": 10, ""freemium"": 0}, ""2"": {""freemium"": 6, ""premium"": 3}, ""3"": {""freemium"": 0, ""enterprise"": 9}, ""4"": {""enterprise"": 0, ""freemium"": 2, ""premium"": 7}, ""5"": {""premium"": 0, ""enterprise"": 9}, ""6"": {""enterprise"": 9}, ""7"": {""premium"": 0, ""freemium"": 10}}"
83.022516,start,w0!w000285__premium,premium,2,241,plb_nclass,own_pool,premium,premium,under_theta,"{""enterprise"": 3, ""freemium"": 1, ""mixed"": 0, ""premium"": 4}","{""0"": 10, ""1"": 10, ""2"": 10, ""3"": 9, ""4"": 9, ""5"": 9, ""6"": 9, ""7"": 10}","{""0"": {""enterprise"": 0, ""freemium"": 6, ""premium"": 4}, ""1"": {""premium"": 10, ""freemium"": 0}, ""2"": {""freemium"": 6, ""premium"": 4}, ""3"": {""freemium"": 0, ""enterprise"": 9}, ""4"": {""enterprise"": 0, ""freemium"": 2, ""premium"": 7}, ""5"": {""premium"": 0, ""enterprise"": 9}, ""6"": {""enterprise"": 9}, ""7"": {""premium"": 0, ""freemium"": 10}}"
83.060198,start,w0!w000286__enterprise,enterprise,3,336,plb_nclass,own_pool,enterprise,enterprise,under_theta,"{""enterprise"": 3, ""freemium"": 1, ""mixed"": 0, ""premium"": 4}","{""0"": 10, ""1"": 10, ""2"": 10, ""3"": 10, ""4"": 9, ""5"": 9, ""6"": 9, ""7"": 10}","{""0"": {""enterprise"": 0, ""freemium"": 6, ""premium"": 4}, ""1"": {""premium"": 10, ""freemium"": 0}, ""2"": {""freemium"": 6, ""premium"": 4}, ""3"": {""freemium"": 0, ""enterprise"": 10}, ""4"": {""enterprise"": 0, ""freemium"": 2, ""premium"": 7}, ""5"": {""premium"": 0, ""enterprise"": 9}, ""6"": {""enterprise"": 9}, ""7"": {""premium"": 0, ""freemium"": 10}}"
83.147447,start,w0!w000287__enterprise,enterprise,5,531,plb_nclass,own_pool,enterprise,enterprise,under_theta,"{""enterprise"": 3, ""freemium"": 1, ""mixed"": 0, ""premium"": 4}","{""0"": 10, ""1"": 10, ""2"": 10, ""3"": 10, ""4"": 9, ""5"": 10, ""6"": 9, ""7"": 10}","{""0"": {""enterprise"": 0, ""freemium"": 6, ""premium"": 4}, ""1"": {""premium"": 10, ""freemium"": 0}, ""2"": {""freemium"": 6, ""premium"": 4}, ""3"": {""freemium"": 0, ""enterprise"": 10}, ""4"": {""enterprise"": 0, ""freemium"": 2, ""premium"": 7}, ""5"": {""premium"": 0, ""enterprise"": 10}, ""6"": {""enterprise"": 9}, ""7"": {""premium"": 0, ""freemium"": 10}}"
83.291281,start,w0!w000288__premium,premium,4,434,plb_nclass,own_pool,premium,premium,under_theta,"{""enterprise"": 3, ""freemium"": 1, ""mixed"": 0, ""premium"": 4}","{""0"": 10, ""1"": 10, ""2"": 10, ""3"": 10, ""4"": 10, ""5"": 10, ""6"": 9, ""7"": 10}","{""0"": {""enterprise"": 0, ""freemium"": 6, ""premium"": 4}, ""1"": {""premium"": 10, ""freemium"": 0}, ""2"": {""freemium"": 6, ""premium"": 4}, ""3"": {""freemium"": 0, ""enterprise"": 10}, ""4"": {""enterprise"": 0, ""freemium"": 2, ""premium"": 8}, ""5"": {""premium"": 0, ""enterprise"": 10}, ""6"": {""enterprise"": 9}, ""7"": {""premium"": 0, ""freemium"": 10}}"
83.336405,start,w0!w000289__freemium,freemium,6,630,plb_nclass,borrow_higher_surplus,enterprise,freemium,safe_surplus,"{""enterprise"": 2, ""freemium"": 2, ""mixed"": 0, ""premium"": 4}","{""0"": 10, ""1"": 10, ""2"": 10, ""3"": 10, ""4"": 10, ""5"": 10, ""6"": 10, ""7"": 10}","{""0"": {""enterprise"": 0, ""freemium"": 6, ""premium"": 4}, ""1"": {""premium"": 10, ""freemium"": 0}, ""2"": {""freemium"": 6, ""premium"": 4}, ""3"": {""freemium"": 0, ""enterprise"": 10}, ""4"": {""enterprise"": 0, ""freemium"": 2, ""premium"": 8}, ""5"": {""premium"": 0, ""enterprise"": 10}, ""6"": {""enterprise"": 9, ""freemium"": 1}, ""7"": {""premium"": 0, ""freemium"": 10}}"
83.681928,start,w0!w000290__premium,premium,0,38,plb_nclass,fallback,premium,premium,least_loaded_own_pool,"{""enterprise"": 2, ""freemium"": 2, ""mixed"": 0, ""premium"": 4}","{""0"": 11, ""1"": 10, ""2"": 10, ""3"": 10, ""4"": 10, ""5"": 10, ""6"": 10, ""7"": 10}","{""0"": {""enterprise"": 0, ""freemium"": 6, ""premium"": 5}, ""1"": {""premium"": 10, ""freemium"": 0}, ""2"": {""freemium"": 6, ""premium"": 4}, ""3"": {""freemium"": 0, ""enterprise"": 10}, ""4"": {""enterprise"": 0, ""freemium"": 2, ""premium"": 8}, ""5"": {""premium"": 0, ""enterprise"": 10}, ""6"": {""enterprise"": 9, ""freemium"": 1}, ""7"": {""premium"": 0, ""freemium"": 10}}"
83.788878,finish,w0!w000182__enterprise,enterprise,5,520,plb_nclass,finish,,,,"{""enterprise"": 2, ""freemium"": 2, ""mixed"": 0, ""premium"": 4}","{""0"": 11, ""1"": 10, ""2"": 10, ""3"": 10, ""4"": 10, ""5"": 9, ""6"": 10, ""7"": 10}","{""0"": {""enterprise"": 0, ""freemium"": 6, ""premium"": 5}, ""1"": {""premium"": 10, ""freemium"": 0}, ""2"": {""freemium"": 6, ""premium"": 4}, ""3"": {""freemium"": 0, ""enterprise"": 10}, ""4"": {""enterprise"": 0, ""freemium"": 2, ""premium"": 8}, ""5"": {""premium"": 0, ""enterprise"": 9}, ""6"": {""enterprise"": 9, ""freemium"": 1}, ""7"": {""premium"": 0, ""freemium"": 10}}"
83.930024,finish,w0!w000183__enterprise,enterprise,6,617,plb_nclass,finish,,,,"{""enterprise"": 2, ""freemium"": 2, ""mixed"": 0, ""premium"": 4}","{""0"": 11, ""1"": 10, ""2"": 10, ""3"": 10, ""4"": 10, ""5"": 9, ""6"": 9, ""7"": 10}","{""0"": {""enterprise"": 0, ""freemium"": 6, ""premium"": 5}, ""1"": {""premium"": 10, ""freemium"": 0}, ""2"": {""freemium"": 6, ""premium"": 4}, ""3"": {""freemium"": 0, ""enterprise"": 10}, ""4"": {""enterprise"": 0, ""freemium"": 2, ""premium"": 8}, ""5"": {""premium"": 0, ""enterprise"": 9}, ""6"": {""enterprise"": 8, ""freemium"": 1}, ""7"": {""premium"": 0, ""freemium"": 10}}"
84.043946,finish,w0!w000177__enterprise,enterprise,5,518,plb_nclass,finish,,,,"{""enterprise"": 2, ""freemium"": 2, ""mixed"": 0, ""premium"": 4}","{""0"": 11, ""1"": 10, ""2"": 10, ""3"": 10, ""4"": 10, ""5"": 8, ""6"": 9, ""7"": 10}","{""0"": {""enterprise"": 0, ""freemium"": 6, ""premium"": 5}, ""1"": {""premium"": 10, ""freemium"": 0}, ""2"": {""freemium"": 6, ""premium"": 4}, ""3"": {""freemium"": 0, ""enterprise"": 10}, ""4"": {""enterprise"": 0, ""freemium"": 2, ""premium"": 8}, ""5"": {""premium"": 0, ""enterprise"": 8}, ""6"": {""enterprise"": 8, ""freemium"": 1}, ""7"": {""premium"": 0, ""freemium"": 10}}"
84.053524,finish,w0!w000234__freemium,freemium,7,727,plb_nclass,finish,,,,"{""enterprise"": 2, ""freemium"": 2, ""mixed"": 0, ""premium"": 4}","{""0"": 11, ""1"": 10, ""2"": 10, ""3"": 10, ""4"": 10, ""5"": 8, ""6"": 9, ""7"": 9}","{""0"": {""enterprise"": 0, ""freemium"": 6, ""premium"": 5}, ""1"": {""premium"": 10, ""freemium"": 0}, ""2"": {""freemium"": 6, ""premium"": 4}, ""3"": {""freemium"": 0, ""enterprise"": 10}, ""4"": {""enterprise"": 0, ""freemium"": 2, ""premium"": 8}, ""5"": {""premium"": 0, ""enterprise"": 8}, ""6"": {""enterprise"": 8, ""freemium"": 1}, ""7"": {""premium"": 0, ""freemium"": 9}}"
84.347927,start,w0!w000291__enterprise,enterprise,5,532,plb_nclass,own_pool,enterprise,enterprise,under_theta,"{""enterprise"": 2, ""freemium"": 2, ""mixed"": 0, ""premium"": 4}","{""0"": 11, ""1"": 10, ""2"": 10, ""3"": 10, ""4"": 10, ""5"": 9, ""6"": 9, ""7"": 9}","{""0"": {""enterprise"": 0, ""freemium"": 6, ""premium"": 5}, ""1"": {""premium"": 10, ""freemium"": 0}, ""2"": {""freemium"": 6, ""premium"": 4}, ""3"": {""freemium"": 0, ""enterprise"": 10}, ""4"": {""enterprise"": 0, ""freemium"": 2, ""premium"": 8}, ""5"": {""premium"": 0, ""enterprise"": 9}, ""6"": {""enterprise"": 8, ""freemium"": 1}, ""7"": {""premium"": 0, ""freemium"": 9}}"
84.359222,finish,w0!w000225__premium,premium,4,426,plb_nclass,finish,,,,"{""enterprise"": 2, ""freemium"": 2, ""mixed"": 0, ""premium"": 4}","{""0"": 11, ""1"": 10, ""2"": 10, ""3"": 10, ""4"": 9, ""5"": 9, ""6"": 9, ""7"": 9}","{""0"": {""enterprise"": 0, ""freemium"": 6, ""premium"": 5}, ""1"": {""premium"": 10, ""freemium"": 0}, ""2"": {""freemium"": 6, ""premium"": 4}, ""3"": {""freemium"": 0, ""enterprise"": 10}, ""4"": {""enterprise"": 0, ""freemium"": 2, ""premium"": 7}, ""5"": {""premium"": 0, ""enterprise"": 9}, ""6"": {""enterprise"": 8, ""freemium"": 1}, ""7"": {""premium"": 0, ""freemium"": 9}}"
84.384534,start,w0!w000292__premium,premium,4,435,plb_nclass,own_pool,premium,premium,under_theta,"{""enterprise"": 2, ""freemium"": 2, ""mixed"": 0, ""premium"": 4}","{""0"": 11, ""1"": 10, ""2"": 10, ""3"": 10, ""4"": 10, ""5"": 9, ""6"": 9, ""7"": 9}","{""0"": {""enterprise"": 0, ""freemium"": 6, ""premium"": 5}, ""1"": {""premium"": 10, ""freemium"": 0}, ""2"": {""freemium"": 6, ""premium"": 4}, ""3"": {""freemium"": 0, ""enterprise"": 10}, ""4"": {""enterprise"": 0, ""freemium"": 2, ""premium"": 8}, ""5"": {""premium"": 0, ""enterprise"": 9}, ""6"": {""enterprise"": 8, ""freemium"": 1}, ""7"": {""premium"": 0, ""freemium"": 9}}"
84.863444,start,w0!w000293__freemium,freemium,6,631,plb_nclass,own_pool,freemium,freemium,under_theta,"{""enterprise"": 2, ""freemium"": 2, ""mixed"": 0, ""premium"": 4}","{""0"": 11, ""1"": 10, ""2"": 10, ""3"": 10, ""4"": 10, ""5"": 9, ""6"": 10, ""7"": 9}","{""0"": {""enterprise"": 0, ""freemium"": 6, ""premium"": 5}, ""1"": {""premium"": 10, ""freemium"": 0}, ""2"": {""freemium"": 6, ""premium"": 4}, ""3"": {""freemium"": 0, ""enterprise"": 10}, ""4"": {""enterprise"": 0, ""freemium"": 2, ""premium"": 8}, ""5"": {""premium"": 0, ""enterprise"": 9}, ""6"": {""enterprise"": 8, ""freemium"": 2}, ""7"": {""premium"": 0, ""freemium"": 9}}"
84.888657,start,w0!w000294__premium,premium,7,735,plb_nclass,borrow_lower,freemium,premium,load_first,"{""enterprise"": 2, ""freemium"": 1, ""mixed"": 0, ""premium"": 5}","{""0"": 11, ""1"": 10, ""2"": 10, ""3"": 10, ""4"": 10, ""5"": 9, ""6"": 10, ""7"": 10}","{""0"": {""enterprise"": 0, ""freemium"": 6, ""premium"": 5}, ""1"": {""premium"": 10, ""freemium"": 0}, ""2"": {""freemium"": 6, ""premium"": 4}, ""3"": {""freemium"": 0, ""enterprise"": 10}, ""4"": {""enterprise"": 0, ""freemium"": 2, ""premium"": 8}, ""5"": {""premium"": 0, ""enterprise"": 9}, ""6"": {""enterprise"": 8, ""freemium"": 2}, ""7"": {""premium"": 1, ""freemium"": 9}}"
85.14595,finish,w0!w000218__freemium,freemium,2,232,plb_nclass,finish,,,,"{""enterprise"": 2, ""freemium"": 1, ""mixed"": 0, ""premium"": 5}","{""0"": 11, ""1"": 10, ""2"": 9, ""3"": 10, ""4"": 10, ""5"": 9, ""6"": 10, ""7"": 10}","{""0"": {""enterprise"": 0, ""freemium"": 6, ""premium"": 5}, ""1"": {""premium"": 10, ""freemium"": 0}, ""2"": {""freemium"": 5, ""premium"": 4}, ""3"": {""freemium"": 0, ""enterprise"": 10}, ""4"": {""enterprise"": 0, ""freemium"": 2, ""premium"": 8}, ""5"": {""premium"": 0, ""enterprise"": 9}, ""6"": {""enterprise"": 8, ""freemium"": 2}, ""7"": {""premium"": 1, ""freemium"": 9}}"
85.264797,finish,w0!w000204__enterprise,enterprise,3,324,plb_nclass,finish,,,,"{""enterprise"": 2, ""freemium"": 1, ""mixed"": 0, ""premium"": 5}","{""0"": 11, ""1"": 10, ""2"": 9, ""3"": 9, ""4"": 10, ""5"": 9, ""6"": 10, ""7"": 10}","{""0"": {""enterprise"": 0, ""freemium"": 6, ""premium"": 5}, ""1"": {""premium"": 10, ""freemium"": 0}, ""2"": {""freemium"": 5, ""premium"": 4}, ""3"": {""freemium"": 0, ""enterprise"": 9}, ""4"": {""enterprise"": 0, ""freemium"": 2, ""premium"": 8}, ""5"": {""premium"": 0, ""enterprise"": 9}, ""6"": {""enterprise"": 8, ""freemium"": 2}, ""7"": {""premium"": 1, ""freemium"": 9}}"
85.312691,finish,w0!w000193__enterprise,enterprise,5,523,plb_nclass,finish,,,,"{""enterprise"": 2, ""freemium"": 1, ""mixed"": 0, ""premium"": 5}","{""0"": 11, ""1"": 10, ""2"": 9, ""3"": 9, ""4"": 10, ""5"": 8, ""6"": 10, ""7"": 10}","{""0"": {""enterprise"": 0, ""freemium"": 6, ""premium"": 5}, ""1"": {""premium"": 10, ""freemium"": 0}, ""2"": {""freemium"": 5, ""premium"": 4}, ""3"": {""freemium"": 0, ""enterprise"": 9}, ""4"": {""enterprise"": 0, ""freemium"": 2, ""premium"": 8}, ""5"": {""premium"": 0, ""enterprise"": 8}, ""6"": {""enterprise"": 8, ""freemium"": 2}, ""7"": {""premium"": 1, ""freemium"": 9}}"
85.560111,start,w0!w000295__enterprise,enterprise,5,533,plb_nclass,own_pool,enterprise,enterprise,under_theta,"{""enterprise"": 2, ""freemium"": 1, ""mixed"": 0, ""premium"": 5}","{""0"": 11, ""1"": 10, ""2"": 9, ""3"": 9, ""4"": 10, ""5"": 9, ""6"": 10, ""7"": 10}","{""0"": {""enterprise"": 0, ""freemium"": 6, ""premium"": 5}, ""1"": {""premium"": 10, ""freemium"": 0}, ""2"": {""freemium"": 5, ""premium"": 4}, ""3"": {""freemium"": 0, ""enterprise"": 9}, ""4"": {""enterprise"": 0, ""freemium"": 2, ""premium"": 8}, ""5"": {""premium"": 0, ""enterprise"": 9}, ""6"": {""enterprise"": 8, ""freemium"": 2}, ""7"": {""premium"": 1, ""freemium"": 9}}"
85.795964,finish,w0!w000236__freemium,freemium,4,428,plb_nclass,finish,,,,"{""enterprise"": 2, ""freemium"": 1, ""mixed"": 0, ""premium"": 5}","{""0"": 11, ""1"": 10, ""2"": 9, ""3"": 9, ""4"": 9, ""5"": 9, ""6"": 10, ""7"": 10}","{""0"": {""enterprise"": 0, ""freemium"": 6, ""premium"": 5}, ""1"": {""premium"": 10, ""freemium"": 0}, ""2"": {""freemium"": 5, ""premium"": 4}, ""3"": {""freemium"": 0, ""enterprise"": 9}, ""4"": {""enterprise"": 0, ""freemium"": 1, ""premium"": 8}, ""5"": {""premium"": 0, ""enterprise"": 9}, ""6"": {""enterprise"": 8, ""freemium"": 2}, ""7"": {""premium"": 1, ""freemium"": 9}}"
85.87609,start,w0!w000296__freemium,freemium,2,242,plb_nclass,borrow_higher_surplus,premium,freemium,safe_surplus,"{""enterprise"": 2, ""freemium"": 2, ""mixed"": 0, ""premium"": 4}","{""0"": 11, ""1"": 10, ""2"": 10, ""3"": 9, ""4"": 9, ""5"": 9, ""6"": 10, ""7"": 10}","{""0"": {""enterprise"": 0, ""freemium"": 6, ""premium"": 5}, ""1"": {""premium"": 10, ""freemium"": 0}, ""2"": {""freemium"": 6, ""premium"": 4}, ""3"": {""freemium"": 0, ""enterprise"": 9}, ""4"": {""enterprise"": 0, ""freemium"": 1, ""premium"": 8}, ""5"": {""premium"": 0, ""enterprise"": 9}, ""6"": {""enterprise"": 8, ""freemium"": 2}, ""7"": {""premium"": 1, ""freemium"": 9}}"
86.054427,finish,w0!w000198__freemium,freemium,0,27,plb_nclass,finish,,,,"{""enterprise"": 2, ""freemium"": 2, ""mixed"": 0, ""premium"": 4}","{""0"": 10, ""1"": 10, ""2"": 10, ""3"": 9, ""4"": 9, ""5"": 9, ""6"": 10, ""7"": 10}","{""0"": {""enterprise"": 0, ""freemium"": 5, ""premium"": 5}, ""1"": {""premium"": 10, ""freemium"": 0}, ""2"": {""freemium"": 6, ""premium"": 4}, ""3"": {""freemium"": 0, ""enterprise"": 9}, ""4"": {""enterprise"": 0, ""freemium"": 1, ""premium"": 8}, ""5"": {""premium"": 0, ""enterprise"": 9}, ""6"": {""enterprise"": 8, ""freemium"": 2}, ""7"": {""premium"": 1, ""freemium"": 9}}"
86.100053,finish,w0!w000203__premium,premium,1,131,plb_nclass,finish,,,,"{""enterprise"": 2, ""freemium"": 2, ""mixed"": 0, ""premium"": 4}","{""0"": 10, ""1"": 9, ""2"": 10, ""3"": 9, ""4"": 9, ""5"": 9, ""6"": 10, ""7"": 10}","{""0"": {""enterprise"": 0, ""freemium"": 5, ""premium"": 5}, ""1"": {""premium"": 9, ""freemium"": 0}, ""2"": {""freemium"": 6, ""premium"": 4}, ""3"": {""freemium"": 0, ""enterprise"": 9}, ""4"": {""enterprise"": 0, ""freemium"": 1, ""premium"": 8}, ""5"": {""premium"": 0, ""enterprise"": 9}, ""6"": {""enterprise"": 8, ""freemium"": 2}, ""7"": {""premium"": 1, ""freemium"": 9}}"
86.311087,finish,w0!w000201__premium,premium,1,129,plb_nclass,finish,,,,"{""enterprise"": 2, ""freemium"": 2, ""mixed"": 0, ""premium"": 4}","{""0"": 10, ""1"": 8, ""2"": 10, ""3"": 9, ""4"": 9, ""5"": 9, ""6"": 10, ""7"": 10}","{""0"": {""enterprise"": 0, ""freemium"": 5, ""premium"": 5}, ""1"": {""premium"": 8, ""freemium"": 0}, ""2"": {""freemium"": 6, ""premium"": 4}, ""3"": {""freemium"": 0, ""enterprise"": 9}, ""4"": {""enterprise"": 0, ""freemium"": 1, ""premium"": 8}, ""5"": {""premium"": 0, ""enterprise"": 9}, ""6"": {""enterprise"": 8, ""freemium"": 2}, ""7"": {""premium"": 1, ""freemium"": 9}}"
86.331317,start,w0!w000297__freemium,freemium,1,140,plb_nclass,borrow_higher_surplus,premium,freemium,safe_surplus,"{""enterprise"": 2, ""freemium"": 3, ""mixed"": 0, ""premium"": 3}","{""0"": 10, ""1"": 9, ""2"": 10, ""3"": 9, ""4"": 9, ""5"": 9, ""6"": 10, ""7"": 10}","{""0"": {""enterprise"": 0, ""freemium"": 5, ""premium"": 5}, ""1"": {""premium"": 8, ""freemium"": 1}, ""2"": {""freemium"": 6, ""premium"": 4}, ""3"": {""freemium"": 0, ""enterprise"": 9}, ""4"": {""enterprise"": 0, ""freemium"": 1, ""premium"": 8}, ""5"": {""premium"": 0, ""enterprise"": 9}, ""6"": {""enterprise"": 8, ""freemium"": 2}, ""7"": {""premium"": 1, ""freemium"": 9}}"
86.520451,finish,w0!w000235__freemium,freemium,4,427,plb_nclass,finish,,,,"{""enterprise"": 2, ""freemium"": 3, ""mixed"": 0, ""premium"": 3}","{""0"": 10, ""1"": 9, ""2"": 10, ""3"": 9, ""4"": 8, ""5"": 9, ""6"": 10, ""7"": 10}","{""0"": {""enterprise"": 0, ""freemium"": 5, ""premium"": 5}, ""1"": {""premium"": 8, ""freemium"": 1}, ""2"": {""freemium"": 6, ""premium"": 4}, ""3"": {""freemium"": 0, ""enterprise"": 9}, ""4"": {""enterprise"": 0, ""freemium"": 0, ""premium"": 8}, ""5"": {""premium"": 0, ""enterprise"": 9}, ""6"": {""enterprise"": 8, ""freemium"": 2}, ""7"": {""premium"": 1, ""freemium"": 9}}"
86.868942,start,w0!w000298__premium,premium,4,436,plb_nclass,own_pool,premium,premium,under_theta,"{""enterprise"": 2, ""freemium"": 3, ""mixed"": 0, ""premium"": 3}","{""0"": 10, ""1"": 9, ""2"": 10, ""3"": 9, ""4"": 9, ""5"": 9, ""6"": 10, ""7"": 10}","{""0"": {""enterprise"": 0, ""freemium"": 5, ""premium"": 5}, ""1"": {""premium"": 8, ""freemium"": 1}, ""2"": {""freemium"": 6, ""premium"": 4}, ""3"": {""freemium"": 0, ""enterprise"": 9}, ""4"": {""enterprise"": 0, ""freemium"": 0, ""premium"": 9}, ""5"": {""premium"": 0, ""enterprise"": 9}, ""6"": {""enterprise"": 8, ""freemium"": 2}, ""7"": {""premium"": 1, ""freemium"": 9}}"
86.897662,finish,w0!w000228__premium,premium,1,132,plb_nclass,finish,,,,"{""enterprise"": 2, ""freemium"": 3, ""mixed"": 0, ""premium"": 3}","{""0"": 10, ""1"": 8, ""2"": 10, ""3"": 9, ""4"": 9, ""5"": 9, ""6"": 10, ""7"": 10}","{""0"": {""enterprise"": 0, ""freemium"": 5, ""premium"": 5}, ""1"": {""premium"": 7, ""freemium"": 1}, ""2"": {""freemium"": 6, ""premium"": 4}, ""3"": {""freemium"": 0, ""enterprise"": 9}, ""4"": {""enterprise"": 0, ""freemium"": 0, ""premium"": 9}, ""5"": {""premium"": 0, ""enterprise"": 9}, ""6"": {""enterprise"": 8, ""freemium"": 2}, ""7"": {""premium"": 1, ""freemium"": 9}}"
87.007425,finish,w0!w000222__freemium,freemium,2,233,plb_nclass,finish,,,,"{""enterprise"": 2, ""freemium"": 3, ""mixed"": 0, ""premium"": 3}","{""0"": 10, ""1"": 8, ""2"": 9, ""3"": 9, ""4"": 9, ""5"": 9, ""6"": 10, ""7"": 10}","{""0"": {""enterprise"": 0, ""freemium"": 5, ""premium"": 5}, ""1"": {""premium"": 7, ""freemium"": 1}, ""2"": {""freemium"": 5, ""premium"": 4}, ""3"": {""freemium"": 0, ""enterprise"": 9}, ""4"": {""enterprise"": 0, ""freemium"": 0, ""premium"": 9}, ""5"": {""premium"": 0, ""enterprise"": 9}, ""6"": {""enterprise"": 8, ""freemium"": 2}, ""7"": {""premium"": 1, ""freemium"": 9}}"
87.026843,finish,w0!w000197__premium,premium,1,128,plb_nclass,finish,,,,"{""enterprise"": 2, ""freemium"": 3, ""mixed"": 0, ""premium"": 3}","{""0"": 10, ""1"": 7, ""2"": 9, ""3"": 9, ""4"": 9, ""5"": 9, ""6"": 10, ""7"": 10}","{""0"": {""enterprise"": 0, ""freemium"": 5, ""premium"": 5}, ""1"": {""premium"": 6, ""freemium"": 1}, ""2"": {""freemium"": 5, ""premium"": 4}, ""3"": {""freemium"": 0, ""enterprise"": 9}, ""4"": {""enterprise"": 0, ""freemium"": 0, ""premium"": 9}, ""5"": {""premium"": 0, ""enterprise"": 9}, ""6"": {""enterprise"": 8, ""freemium"": 2}, ""7"": {""premium"": 1, ""freemium"": 9}}"
87.122168,finish,w0!w000260__enterprise,enterprise,3,331,plb_nclass,finish,,,,"{""enterprise"": 2, ""freemium"": 3, ""mixed"": 0, ""premium"": 3}","{""0"": 10, ""1"": 7, ""2"": 9, ""3"": 8, ""4"": 9, ""5"": 9, ""6"": 10, ""7"": 10}","{""0"": {""enterprise"": 0, ""freemium"": 5, ""premium"": 5}, ""1"": {""premium"": 6, ""freemium"": 1}, ""2"": {""freemium"": 5, ""premium"": 4}, ""3"": {""freemium"": 0, ""enterprise"": 8}, ""4"": {""enterprise"": 0, ""freemium"": 0, ""premium"": 9}, ""5"": {""premium"": 0, ""enterprise"": 9}, ""6"": {""enterprise"": 8, ""freemium"": 2}, ""7"": {""premium"": 1, ""freemium"": 9}}"
87.187521,finish,w0!w000233__premium,premium,1,133,plb_nclass,finish,,,,"{""enterprise"": 2, ""freemium"": 3, ""mixed"": 0, ""premium"": 3}","{""0"": 10, ""1"": 6, ""2"": 9, ""3"": 8, ""4"": 9, ""5"": 9, ""6"": 10, ""7"": 10}","{""0"": {""enterprise"": 0, ""freemium"": 5, ""premium"": 5}, ""1"": {""premium"": 5, ""freemium"": 1}, ""2"": {""freemium"": 5, ""premium"": 4}, ""3"": {""freemium"": 0, ""enterprise"": 8}, ""4"": {""enterprise"": 0, ""freemium"": 0, ""premium"": 9}, ""5"": {""premium"": 0, ""enterprise"": 9}, ""6"": {""enterprise"": 8, ""freemium"": 2}, ""7"": {""premium"": 1, ""freemium"": 9}}"
87.437025,start,w0!w000299__freemium,freemium,1,141,plb_nclass,own_pool,freemium,freemium,under_theta,"{""enterprise"": 2, ""freemium"": 3, ""mixed"": 0, ""premium"": 3}","{""0"": 10, ""1"": 7, ""2"": 9, ""3"": 8, ""4"": 9, ""5"": 9, ""6"": 10, ""7"": 10}","{""0"": {""enterprise"": 0, ""freemium"": 5, ""premium"": 5}, ""1"": {""premium"": 5, ""freemium"": 2}, ""2"": {""freemium"": 5, ""premium"": 4}, ""3"": {""freemium"": 0, ""enterprise"": 8}, ""4"": {""enterprise"": 0, ""freemium"": 0, ""premium"": 9}, ""5"": {""premium"": 0, ""enterprise"": 9}, ""6"": {""enterprise"": 8, ""freemium"": 2}, ""7"": {""premium"": 1, ""freemium"": 9}}"
87.548477,finish,w0!w000241__premium,premium,1,136,plb_nclass,finish,,,,"{""enterprise"": 2, ""freemium"": 3, ""mixed"": 0, ""premium"": 3}","{""0"": 10, ""1"": 6, ""2"": 9, ""3"": 8, ""4"": 9, ""5"": 9, ""6"": 10, ""7"": 10}","{""0"": {""enterprise"": 0, ""freemium"": 5, ""premium"": 5}, ""1"": {""premium"": 4, ""freemium"": 2}, ""2"": {""freemium"": 5, ""premium"": 4}, ""3"": {""freemium"": 0, ""enterprise"": 8}, ""4"": {""enterprise"": 0, ""freemium"": 0, ""premium"": 9}, ""5"": {""premium"": 0, ""enterprise"": 9}, ""6"": {""enterprise"": 8, ""freemium"": 2}, ""7"": {""premium"": 1, ""freemium"": 9}}"
87.695934,finish,w0!w000242__premium,premium,4,429,plb_nclass,finish,,,,"{""enterprise"": 2, ""freemium"": 3, ""mixed"": 0, ""premium"": 3}","{""0"": 10, ""1"": 6, ""2"": 9, ""3"": 8, ""4"": 8, ""5"": 9, ""6"": 10, ""7"": 10}","{""0"": {""enterprise"": 0, ""freemium"": 5, ""premium"": 5}, ""1"": {""premium"": 4, ""freemium"": 2}, ""2"": {""freemium"": 5, ""premium"": 4}, ""3"": {""freemium"": 0, ""enterprise"": 8}, ""4"": {""enterprise"": 0, ""freemium"": 0, ""premium"": 8}, ""5"": {""premium"": 0, ""enterprise"": 9}, ""6"": {""enterprise"": 8, ""freemium"": 2}, ""7"": {""premium"": 1, ""freemium"": 9}}"
87.760326,start,w0!w000300__premium,premium,4,437,plb_nclass,own_pool,premium,premium,under_theta,"{""enterprise"": 2, ""freemium"": 3, ""mixed"": 0, ""premium"": 3}","{""0"": 10, ""1"": 6, ""2"": 9, ""3"": 8, ""4"": 9, ""5"": 9, ""6"": 10, ""7"": 10}","{""0"": {""enterprise"": 0, ""freemium"": 5, ""premium"": 5}, ""1"": {""premium"": 4, ""freemium"": 2}, ""2"": {""freemium"": 5, ""premium"": 4}, ""3"": {""freemium"": 0, ""enterprise"": 8}, ""4"": {""enterprise"": 0, ""freemium"": 0, ""premium"": 9}, ""5"": {""premium"": 0, ""enterprise"": 9}, ""6"": {""enterprise"": 8, ""freemium"": 2}, ""7"": {""premium"": 1, ""freemium"": 9}}"
88.096482,start,w0!w000301__enterprise,enterprise,3,337,plb_nclass,own_pool,enterprise,enterprise,under_theta,"{""enterprise"": 2, ""freemium"": 3, ""mixed"": 0, ""premium"": 3}","{""0"": 10, ""1"": 6, ""2"": 9, ""3"": 9, ""4"": 9, ""5"": 9, ""6"": 10, ""7"": 10}","{""0"": {""enterprise"": 0, ""freemium"": 5, ""premium"": 5}, ""1"": {""premium"": 4, ""freemium"": 2}, ""2"": {""freemium"": 5, ""premium"": 4}, ""3"": {""freemium"": 0, ""enterprise"": 9}, ""4"": {""enterprise"": 0, ""freemium"": 0, ""premium"": 9}, ""5"": {""premium"": 0, ""enterprise"": 9}, ""6"": {""enterprise"": 8, ""freemium"": 2}, ""7"": {""premium"": 1, ""freemium"": 9}}"
88.139988,start,w0!w000302__enterprise,enterprise,3,338,plb_nclass,own_pool,enterprise,enterprise,under_theta,"{""enterprise"": 2, ""freemium"": 3, ""mixed"": 0, ""premium"": 3}","{""0"": 10, ""1"": 6, ""2"": 9, ""3"": 10, ""4"": 9, ""5"": 9, ""6"": 10, ""7"": 10}","{""0"": {""enterprise"": 0, ""freemium"": 5, ""premium"": 5}, ""1"": {""premium"": 4, ""freemium"": 2}, ""2"": {""freemium"": 5, ""premium"": 4}, ""3"": {""freemium"": 0, ""enterprise"": 10}, ""4"": {""enterprise"": 0, ""freemium"": 0, ""premium"": 9}, ""5"": {""premium"": 0, ""enterprise"": 9}, ""6"": {""enterprise"": 8, ""freemium"": 2}, ""7"": {""premium"": 1, ""freemium"": 9}}"
88.311989,start,w0!w000303__enterprise,enterprise,5,534,plb_nclass,own_pool,enterprise,enterprise,under_theta,"{""enterprise"": 2, ""freemium"": 3, ""mixed"": 0, ""premium"": 3}","{""0"": 10, ""1"": 6, ""2"": 9, ""3"": 10, ""4"": 9, ""5"": 10, ""6"": 10, ""7"": 10}","{""0"": {""enterprise"": 0, ""freemium"": 5, ""premium"": 5}, ""1"": {""premium"": 4, ""freemium"": 2}, ""2"": {""freemium"": 5, ""premium"": 4}, ""3"": {""freemium"": 0, ""enterprise"": 10}, ""4"": {""enterprise"": 0, ""freemium"": 0, ""premium"": 9}, ""5"": {""premium"": 0, ""enterprise"": 10}, ""6"": {""enterprise"": 8, ""freemium"": 2}, ""7"": {""premium"": 1, ""freemium"": 9}}"
88.464526,finish,w0!w000231__freemium,freemium,0,30,plb_nclass,finish,,,,"{""enterprise"": 2, ""freemium"": 3, ""mixed"": 0, ""premium"": 3}","{""0"": 9, ""1"": 6, ""2"": 9, ""3"": 10, ""4"": 9, ""5"": 10, ""6"": 10, ""7"": 10}","{""0"": {""enterprise"": 0, ""freemium"": 4, ""premium"": 5}, ""1"": {""premium"": 4, ""freemium"": 2}, ""2"": {""freemium"": 5, ""premium"": 4}, ""3"": {""freemium"": 0, ""enterprise"": 10}, ""4"": {""enterprise"": 0, ""freemium"": 0, ""premium"": 9}, ""5"": {""premium"": 0, ""enterprise"": 10}, ""6"": {""enterprise"": 8, ""freemium"": 2}, ""7"": {""premium"": 1, ""freemium"": 9}}"
88.509209,start,w0!w000304__premium,premium,0,39,plb_nclass,own_pool,premium,premium,under_theta,"{""enterprise"": 2, ""freemium"": 3, ""mixed"": 0, ""premium"": 3}","{""0"": 10, ""1"": 6, ""2"": 9, ""3"": 10, ""4"": 9, ""5"": 10, ""6"": 10, ""7"": 10}","{""0"": {""enterprise"": 0, ""freemium"": 4, ""premium"": 6}, ""1"": {""premium"": 4, ""freemium"": 2}, ""2"": {""freemium"": 5, ""premium"": 4}, ""3"": {""freemium"": 0, ""enterprise"": 10}, ""4"": {""enterprise"": 0, ""freemium"": 0, ""premium"": 9}, ""5"": {""premium"": 0, ""enterprise"": 10}, ""6"": {""enterprise"": 8, ""freemium"": 2}, ""7"": {""premium"": 1, ""freemium"": 9}}"
88.592404,start,w0!w000305__freemium,freemium,1,142,plb_nclass,own_pool,freemium,freemium,under_theta,"{""enterprise"": 2, ""freemium"": 3, ""mixed"": 0, ""premium"": 3}","{""0"": 10, ""1"": 7, ""2"": 9, ""3"": 10, ""4"": 9, ""5"": 10, ""6"": 10, ""7"": 10}","{""0"": {""enterprise"": 0, ""freemium"": 4, ""premium"": 6}, ""1"": {""premium"": 4, ""freemium"": 3}, ""2"": {""freemium"": 5, ""premium"": 4}, ""3"": {""freemium"": 0, ""enterprise"": 10}, ""4"": {""enterprise"": 0, ""freemium"": 0, ""premium"": 9}, ""5"": {""premium"": 0, ""enterprise"": 10}, ""6"": {""enterprise"": 8, ""freemium"": 2}, ""7"": {""premium"": 1, ""freemium"": 9}}"
88.742598,finish,w0!w000214__premium,premium,4,424,plb_nclass,finish,,,,"{""enterprise"": 2, ""freemium"": 3, ""mixed"": 0, ""premium"": 3}","{""0"": 10, ""1"": 7, ""2"": 9, ""3"": 10, ""4"": 8, ""5"": 10, ""6"": 10, ""7"": 10}","{""0"": {""enterprise"": 0, ""freemium"": 4, ""premium"": 6}, ""1"": {""premium"": 4, ""freemium"": 3}, ""2"": {""freemium"": 5, ""premium"": 4}, ""3"": {""freemium"": 0, ""enterprise"": 10}, ""4"": {""enterprise"": 0, ""freemium"": 0, ""premium"": 8}, ""5"": {""premium"": 0, ""enterprise"": 10}, ""6"": {""enterprise"": 8, ""freemium"": 2}, ""7"": {""premium"": 1, ""freemium"": 9}}"
88.940218,finish,w0!w000219__enterprise,enterprise,6,620,plb_nclass,finish,,,,"{""enterprise"": 2, ""freemium"": 3, ""mixed"": 0, ""premium"": 3}","{""0"": 10, ""1"": 7, ""2"": 9, ""3"": 10, ""4"": 8, ""5"": 10, ""6"": 9, ""7"": 10}","{""0"": {""enterprise"": 0, ""freemium"": 4, ""premium"": 6}, ""1"": {""premium"": 4, ""freemium"": 3}, ""2"": {""freemium"": 5, ""premium"": 4}, ""3"": {""freemium"": 0, ""enterprise"": 10}, ""4"": {""enterprise"": 0, ""freemium"": 0, ""premium"": 8}, ""5"": {""premium"": 0, ""enterprise"": 10}, ""6"": {""enterprise"": 7, ""freemium"": 2}, ""7"": {""premium"": 1, ""freemium"": 9}}"
89.194694,finish,w0!w000245__freemium,freemium,2,236,plb_nclass,finish,,,,"{""enterprise"": 2, ""freemium"": 3, ""mixed"": 0, ""premium"": 3}","{""0"": 10, ""1"": 7, ""2"": 8, ""3"": 10, ""4"": 8, ""5"": 10, ""6"": 9, ""7"": 10}","{""0"": {""enterprise"": 0, ""freemium"": 4, ""premium"": 6}, ""1"": {""premium"": 4, ""freemium"": 3}, ""2"": {""freemium"": 4, ""premium"": 4}, ""3"": {""freemium"": 0, ""enterprise"": 10}, ""4"": {""enterprise"": 0, ""freemium"": 0, ""premium"": 8}, ""5"": {""premium"": 0, ""enterprise"": 10}, ""6"": {""enterprise"": 7, ""freemium"": 2}, ""7"": {""premium"": 1, ""freemium"": 9}}"
89.226121,finish,w0!w000258__freemium,freemium,0,32,plb_nclass,finish,,,,"{""enterprise"": 2, ""freemium"": 3, ""mixed"": 0, ""premium"": 3}","{""0"": 9, ""1"": 7, ""2"": 8, ""3"": 10, ""4"": 8, ""5"": 10, ""6"": 9, ""7"": 10}","{""0"": {""enterprise"": 0, ""freemium"": 3, ""premium"": 6}, ""1"": {""premium"": 4, ""freemium"": 3}, ""2"": {""freemium"": 4, ""premium"": 4}, ""3"": {""freemium"": 0, ""enterprise"": 10}, ""4"": {""enterprise"": 0, ""freemium"": 0, ""premium"": 8}, ""5"": {""premium"": 0, ""enterprise"": 10}, ""6"": {""enterprise"": 7, ""freemium"": 2}, ""7"": {""premium"": 1, ""freemium"": 9}}"
89.269114,start,w0!w000306__premium,premium,4,438,plb_nclass,own_pool,premium,premium,under_theta,"{""enterprise"": 2, ""freemium"": 3, ""mixed"": 0, ""premium"": 3}","{""0"": 9, ""1"": 7, ""2"": 8, ""3"": 10, ""4"": 9, ""5"": 10, ""6"": 9, ""7"": 10}","{""0"": {""enterprise"": 0, ""freemium"": 3, ""premium"": 6}, ""1"": {""premium"": 4, ""freemium"": 3}, ""2"": {""freemium"": 4, ""premium"": 4}, ""3"": {""freemium"": 0, ""enterprise"": 10}, ""4"": {""enterprise"": 0, ""freemium"": 0, ""premium"": 9}, ""5"": {""premium"": 0, ""enterprise"": 10}, ""6"": {""enterprise"": 7, ""freemium"": 2}, ""7"": {""premium"": 1, ""freemium"": 9}}"
89.301062,finish,w0!w000232__enterprise,enterprise,5,525,plb_nclass,finish,,,,"{""enterprise"": 2, ""freemium"": 3, ""mixed"": 0, ""premium"": 3}","{""0"": 9, ""1"": 7, ""2"": 8, ""3"": 10, ""4"": 9, ""5"": 9, ""6"": 9, ""7"": 10}","{""0"": {""enterprise"": 0, ""freemium"": 3, ""premium"": 6}, ""1"": {""premium"": 4, ""freemium"": 3}, ""2"": {""freemium"": 4, ""premium"": 4}, ""3"": {""freemium"": 0, ""enterprise"": 10}, ""4"": {""enterprise"": 0, ""freemium"": 0, ""premium"": 9}, ""5"": {""premium"": 0, ""enterprise"": 9}, ""6"": {""enterprise"": 7, ""freemium"": 2}, ""7"": {""premium"": 1, ""freemium"": 9}}"
89.821413,start,w0!w000307__enterprise,enterprise,5,535,plb_nclass,own_pool,enterprise,enterprise,under_theta,"{""enterprise"": 2, ""freemium"": 3, ""mixed"": 0, ""premium"": 3}","{""0"": 9, ""1"": 7, ""2"": 8, ""3"": 10, ""4"": 9, ""5"": 10, ""6"": 9, ""7"": 10}","{""0"": {""enterprise"": 0, ""freemium"": 3, ""premium"": 6}, ""1"": {""premium"": 4, ""freemium"": 3}, ""2"": {""freemium"": 4, ""premium"": 4}, ""3"": {""freemium"": 0, ""enterprise"": 10}, ""4"": {""enterprise"": 0, ""freemium"": 0, ""premium"": 9}, ""5"": {""premium"": 0, ""enterprise"": 10}, ""6"": {""enterprise"": 7, ""freemium"": 2}, ""7"": {""premium"": 1, ""freemium"": 9}}"
89.884373,finish,w0!w000252__enterprise,enterprise,5,528,plb_nclass,finish,,,,"{""enterprise"": 2, ""freemium"": 3, ""mixed"": 0, ""premium"": 3}","{""0"": 9, ""1"": 7, ""2"": 8, ""3"": 10, ""4"": 9, ""5"": 9, ""6"": 9, ""7"": 10}","{""0"": {""enterprise"": 0, ""freemium"": 3, ""premium"": 6}, ""1"": {""premium"": 4, ""freemium"": 3}, ""2"": {""freemium"": 4, ""premium"": 4}, ""3"": {""freemium"": 0, ""enterprise"": 10}, ""4"": {""enterprise"": 0, ""freemium"": 0, ""premium"": 9}, ""5"": {""premium"": 0, ""enterprise"": 9}, ""6"": {""enterprise"": 7, ""freemium"": 2}, ""7"": {""premium"": 1, ""freemium"": 9}}"
89.907261,start,w0!w000308__freemium,freemium,1,143,plb_nclass,own_pool,freemium,freemium,under_theta,"{""enterprise"": 2, ""freemium"": 3, ""mixed"": 0, ""premium"": 3}","{""0"": 9, ""1"": 8, ""2"": 8, ""3"": 10, ""4"": 9, ""5"": 9, ""6"": 9, ""7"": 10}","{""0"": {""enterprise"": 0, ""freemium"": 3, ""premium"": 6}, ""1"": {""premium"": 4, ""freemium"": 4}, ""2"": {""freemium"": 4, ""premium"": 4}, ""3"": {""freemium"": 0, ""enterprise"": 10}, ""4"": {""enterprise"": 0, ""freemium"": 0, ""premium"": 9}, ""5"": {""premium"": 0, ""enterprise"": 9}, ""6"": {""enterprise"": 7, ""freemium"": 2}, ""7"": {""premium"": 1, ""freemium"": 9}}"
90.034683,start,w0!w000309__freemium,freemium,1,144,plb_nclass,own_pool,freemium,freemium,under_theta,"{""enterprise"": 2, ""freemium"": 3, ""mixed"": 0, ""premium"": 3}","{""0"": 9, ""1"": 9, ""2"": 8, ""3"": 10, ""4"": 9, ""5"": 9, ""6"": 9, ""7"": 10}","{""0"": {""enterprise"": 0, ""freemium"": 3, ""premium"": 6}, ""1"": {""premium"": 4, ""freemium"": 5}, ""2"": {""freemium"": 4, ""premium"": 4}, ""3"": {""freemium"": 0, ""enterprise"": 10}, ""4"": {""enterprise"": 0, ""freemium"": 0, ""premium"": 9}, ""5"": {""premium"": 0, ""enterprise"": 9}, ""6"": {""enterprise"": 7, ""freemium"": 2}, ""7"": {""premium"": 1, ""freemium"": 9}}"
90.050148,start,w0!w000310__freemium,freemium,2,243,plb_nclass,own_pool,freemium,freemium,under_theta,"{""enterprise"": 2, ""freemium"": 3, ""mixed"": 0, ""premium"": 3}","{""0"": 9, ""1"": 9, ""2"": 9, ""3"": 10, ""4"": 9, ""5"": 9, ""6"": 9, ""7"": 10}","{""0"": {""enterprise"": 0, ""freemium"": 3, ""premium"": 6}, ""1"": {""premium"": 4, ""freemium"": 5}, ""2"": {""freemium"": 5, ""premium"": 4}, ""3"": {""freemium"": 0, ""enterprise"": 10}, ""4"": {""enterprise"": 0, ""freemium"": 0, ""premium"": 9}, ""5"": {""premium"": 0, ""enterprise"": 9}, ""6"": {""enterprise"": 7, ""freemium"": 2}, ""7"": {""premium"": 1, ""freemium"": 9}}"
90.121298,finish,w0!w000230__enterprise,enterprise,3,328,plb_nclass,finish,,,,"{""enterprise"": 2, ""freemium"": 3, ""mixed"": 0, ""premium"": 3}","{""0"": 9, ""1"": 9, ""2"": 9, ""3"": 9, ""4"": 9, ""5"": 9, ""6"": 9, ""7"": 10}","{""0"": {""enterprise"": 0, ""freemium"": 3, ""premium"": 6}, ""1"": {""premium"": 4, ""freemium"": 5}, ""2"": {""freemium"": 5, ""premium"": 4}, ""3"": {""freemium"": 0, ""enterprise"": 9}, ""4"": {""enterprise"": 0, ""freemium"": 0, ""premium"": 9}, ""5"": {""premium"": 0, ""enterprise"": 9}, ""6"": {""enterprise"": 7, ""freemium"": 2}, ""7"": {""premium"": 1, ""freemium"": 9}}"
90.21087,start,w0!w000311__enterprise,enterprise,3,339,plb_nclass,own_pool,enterprise,enterprise,under_theta,"{""enterprise"": 2, ""freemium"": 3, ""mixed"": 0, ""premium"": 3}","{""0"": 9, ""1"": 9, ""2"": 9, ""3"": 10, ""4"": 9, ""5"": 9, ""6"": 9, ""7"": 10}","{""0"": {""enterprise"": 0, ""freemium"": 3, ""premium"": 6}, ""1"": {""premium"": 4, ""freemium"": 5}, ""2"": {""freemium"": 5, ""premium"": 4}, ""3"": {""freemium"": 0, ""enterprise"": 10}, ""4"": {""enterprise"": 0, ""freemium"": 0, ""premium"": 9}, ""5"": {""premium"": 0, ""enterprise"": 9}, ""6"": {""enterprise"": 7, ""freemium"": 2}, ""7"": {""premium"": 1, ""freemium"": 9}}"
90.230545,finish,w0!w000268__premium,premium,0,36,plb_nclass,finish,,,,"{""enterprise"": 2, ""freemium"": 3, ""mixed"": 0, ""premium"": 3}","{""0"": 8, ""1"": 9, ""2"": 9, ""3"": 10, ""4"": 9, ""5"": 9, ""6"": 9, ""7"": 10}","{""0"": {""enterprise"": 0, ""freemium"": 3, ""premium"": 5}, ""1"": {""premium"": 4, ""freemium"": 5}, ""2"": {""freemium"": 5, ""premium"": 4}, ""3"": {""freemium"": 0, ""enterprise"": 10}, ""4"": {""enterprise"": 0, ""freemium"": 0, ""premium"": 9}, ""5"": {""premium"": 0, ""enterprise"": 9}, ""6"": {""enterprise"": 7, ""freemium"": 2}, ""7"": {""premium"": 1, ""freemium"": 9}}"
90.432629,finish,w0!w000266__enterprise,enterprise,5,530,plb_nclass,finish,,,,"{""enterprise"": 2, ""freemium"": 3, ""mixed"": 0, ""premium"": 3}","{""0"": 8, ""1"": 9, ""2"": 9, ""3"": 10, ""4"": 9, ""5"": 8, ""6"": 9, ""7"": 10}","{""0"": {""enterprise"": 0, ""freemium"": 3, ""premium"": 5}, ""1"": {""premium"": 4, ""freemium"": 5}, ""2"": {""freemium"": 5, ""premium"": 4}, ""3"": {""freemium"": 0, ""enterprise"": 10}, ""4"": {""enterprise"": 0, ""freemium"": 0, ""premium"": 9}, ""5"": {""premium"": 0, ""enterprise"": 8}, ""6"": {""enterprise"": 7, ""freemium"": 2}, ""7"": {""premium"": 1, ""freemium"": 9}}"
90.795711,finish,w0!w000226__freemium,freemium,7,726,plb_nclass,finish,,,,"{""enterprise"": 2, ""freemium"": 3, ""mixed"": 0, ""premium"": 3}","{""0"": 8, ""1"": 9, ""2"": 9, ""3"": 10, ""4"": 9, ""5"": 8, ""6"": 9, ""7"": 9}","{""0"": {""enterprise"": 0, ""freemium"": 3, ""premium"": 5}, ""1"": {""premium"": 4, ""freemium"": 5}, ""2"": {""freemium"": 5, ""premium"": 4}, ""3"": {""freemium"": 0, ""enterprise"": 10}, ""4"": {""enterprise"": 0, ""freemium"": 0, ""premium"": 9}, ""5"": {""premium"": 0, ""enterprise"": 8}, ""6"": {""enterprise"": 7, ""freemium"": 2}, ""7"": {""premium"": 1, ""freemium"": 8}}"
90.812765,start,w0!w000312__freemium,freemium,1,145,plb_nclass,own_pool,freemium,freemium,under_theta,"{""enterprise"": 2, ""freemium"": 3, ""mixed"": 0, ""premium"": 3}","{""0"": 8, ""1"": 10, ""2"": 9, ""3"": 10, ""4"": 9, ""5"": 8, ""6"": 9, ""7"": 9}","{""0"": {""enterprise"": 0, ""freemium"": 3, ""premium"": 5}, ""1"": {""premium"": 4, ""freemium"": 6}, ""2"": {""freemium"": 5, ""premium"": 4}, ""3"": {""freemium"": 0, ""enterprise"": 10}, ""4"": {""enterprise"": 0, ""freemium"": 0, ""premium"": 9}, ""5"": {""premium"": 0, ""enterprise"": 8}, ""6"": {""enterprise"": 7, ""freemium"": 2}, ""7"": {""premium"": 1, ""freemium"": 8}}"
91.137316,finish,w0!w000239__premium,premium,1,134,plb_nclass,finish,,,,"{""enterprise"": 2, ""freemium"": 3, ""mixed"": 0, ""premium"": 3}","{""0"": 8, ""1"": 9, ""2"": 9, ""3"": 10, ""4"": 9, ""5"": 8, ""6"": 9, ""7"": 9}","{""0"": {""enterprise"": 0, ""freemium"": 3, ""premium"": 5}, ""1"": {""premium"": 3, ""freemium"": 6}, ""2"": {""freemium"": 5, ""premium"": 4}, ""3"": {""freemium"": 0, ""enterprise"": 10}, ""4"": {""enterprise"": 0, ""freemium"": 0, ""premium"": 9}, ""5"": {""premium"": 0, ""enterprise"": 8}, ""6"": {""enterprise"": 7, ""freemium"": 2}, ""7"": {""premium"": 1, ""freemium"": 8}}"
91.142589,start,w0!w000313__premium,premium,0,40,plb_nclass,own_pool,premium,premium,under_theta,"{""enterprise"": 2, ""freemium"": 3, ""mixed"": 0, ""premium"": 3}","{""0"": 9, ""1"": 9, ""2"": 9, ""3"": 10, ""4"": 9, ""5"": 8, ""6"": 9, ""7"": 9}","{""0"": {""enterprise"": 0, ""freemium"": 3, ""premium"": 6}, ""1"": {""premium"": 3, ""freemium"": 6}, ""2"": {""freemium"": 5, ""premium"": 4}, ""3"": {""freemium"": 0, ""enterprise"": 10}, ""4"": {""enterprise"": 0, ""freemium"": 0, ""premium"": 9}, ""5"": {""premium"": 0, ""enterprise"": 8}, ""6"": {""enterprise"": 7, ""freemium"": 2}, ""7"": {""premium"": 1, ""freemium"": 8}}"
91.297264,finish,w0!w000208__freemium,freemium,0,29,plb_nclass,finish,,,,"{""enterprise"": 2, ""freemium"": 3, ""mixed"": 0, ""premium"": 3}","{""0"": 8, ""1"": 9, ""2"": 9, ""3"": 10, ""4"": 9, ""5"": 8, ""6"": 9, ""7"": 9}","{""0"": {""enterprise"": 0, ""freemium"": 2, ""premium"": 6}, ""1"": {""premium"": 3, ""freemium"": 6}, ""2"": {""freemium"": 5, ""premium"": 4}, ""3"": {""freemium"": 0, ""enterprise"": 10}, ""4"": {""enterprise"": 0, ""freemium"": 0, ""premium"": 9}, ""5"": {""premium"": 0, ""enterprise"": 8}, ""6"": {""enterprise"": 7, ""freemium"": 2}, ""7"": {""premium"": 1, ""freemium"": 8}}"
91.6289,finish,w0!w000256__premium,premium,4,431,plb_nclass,finish,,,,"{""enterprise"": 2, ""freemium"": 3, ""mixed"": 0, ""premium"": 3}","{""0"": 8, ""1"": 9, ""2"": 9, ""3"": 10, ""4"": 8, ""5"": 8, ""6"": 9, ""7"": 9}","{""0"": {""enterprise"": 0, ""freemium"": 2, ""premium"": 6}, ""1"": {""premium"": 3, ""freemium"": 6}, ""2"": {""freemium"": 5, ""premium"": 4}, ""3"": {""freemium"": 0, ""enterprise"": 10}, ""4"": {""enterprise"": 0, ""freemium"": 0, ""premium"": 8}, ""5"": {""premium"": 0, ""enterprise"": 8}, ""6"": {""enterprise"": 7, ""freemium"": 2}, ""7"": {""premium"": 1, ""freemium"": 8}}"
92.187713,start,w0!w000314__enterprise,enterprise,5,536,plb_nclass,own_pool,enterprise,enterprise,under_theta,"{""enterprise"": 2, ""freemium"": 3, ""mixed"": 0, ""premium"": 3}","{""0"": 8, ""1"": 9, ""2"": 9, ""3"": 10, ""4"": 8, ""5"": 9, ""6"": 9, ""7"": 9}","{""0"": {""enterprise"": 0, ""freemium"": 2, ""premium"": 6}, ""1"": {""premium"": 3, ""freemium"": 6}, ""2"": {""freemium"": 5, ""premium"": 4}, ""3"": {""freemium"": 0, ""enterprise"": 10}, ""4"": {""enterprise"": 0, ""freemium"": 0, ""premium"": 8}, ""5"": {""premium"": 0, ""enterprise"": 9}, ""6"": {""enterprise"": 7, ""freemium"": 2}, ""7"": {""premium"": 1, ""freemium"": 8}}"
92.566257,finish,w0!w000277__premium,premium,4,433,plb_nclass,finish,,,,"{""enterprise"": 2, ""freemium"": 3, ""mixed"": 0, ""premium"": 3}","{""0"": 8, ""1"": 9, ""2"": 9, ""3"": 10, ""4"": 7, ""5"": 9, ""6"": 9, ""7"": 9}","{""0"": {""enterprise"": 0, ""freemium"": 2, ""premium"": 6}, ""1"": {""premium"": 3, ""freemium"": 6}, ""2"": {""freemium"": 5, ""premium"": 4}, ""3"": {""freemium"": 0, ""enterprise"": 10}, ""4"": {""enterprise"": 0, ""freemium"": 0, ""premium"": 7}, ""5"": {""premium"": 0, ""enterprise"": 9}, ""6"": {""enterprise"": 7, ""freemium"": 2}, ""7"": {""premium"": 1, ""freemium"": 8}}"
92.590172,finish,w0!w000243__freemium,freemium,0,31,plb_nclass,finish,,,,"{""enterprise"": 2, ""freemium"": 3, ""mixed"": 0, ""premium"": 3}","{""0"": 7, ""1"": 9, ""2"": 9, ""3"": 10, ""4"": 7, ""5"": 9, ""6"": 9, ""7"": 9}","{""0"": {""enterprise"": 0, ""freemium"": 1, ""premium"": 6}, ""1"": {""premium"": 3, ""freemium"": 6}, ""2"": {""freemium"": 5, ""premium"": 4}, ""3"": {""freemium"": 0, ""enterprise"": 10}, ""4"": {""enterprise"": 0, ""freemium"": 0, ""premium"": 7}, ""5"": {""premium"": 0, ""enterprise"": 9}, ""6"": {""enterprise"": 7, ""freemium"": 2}, ""7"": {""premium"": 1, ""freemium"": 8}}"
92.651899,start,w0!w000315__freemium,freemium,1,146,plb_nclass,own_pool,freemium,freemium,under_theta,"{""enterprise"": 2, ""freemium"": 3, ""mixed"": 0, ""premium"": 3}","{""0"": 7, ""1"": 10, ""2"": 9, ""3"": 10, ""4"": 7, ""5"": 9, ""6"": 9, ""7"": 9}","{""0"": {""enterprise"": 0, ""freemium"": 1, ""premium"": 6}, ""1"": {""premium"": 3, ""freemium"": 7}, ""2"": {""freemium"": 5, ""premium"": 4}, ""3"": {""freemium"": 0, ""enterprise"": 10}, ""4"": {""enterprise"": 0, ""freemium"": 0, ""premium"": 7}, ""5"": {""premium"": 0, ""enterprise"": 9}, ""6"": {""enterprise"": 7, ""freemium"": 2}, ""7"": {""premium"": 1, ""freemium"": 8}}"
92.921412,start,w0!w000316__freemium,freemium,2,244,plb_nclass,own_pool,freemium,freemium,under_theta,"{""enterprise"": 2, ""freemium"": 3, ""mixed"": 0, ""premium"": 3}","{""0"": 7, ""1"": 10, ""2"": 10, ""3"": 10, ""4"": 7, ""5"": 9, ""6"": 9, ""7"": 9}","{""0"": {""enterprise"": 0, ""freemium"": 1, ""premium"": 6}, ""1"": {""premium"": 3, ""freemium"": 7}, ""2"": {""freemium"": 6, ""premium"": 4}, ""3"": {""freemium"": 0, ""enterprise"": 10}, ""4"": {""enterprise"": 0, ""freemium"": 0, ""premium"": 7}, ""5"": {""premium"": 0, ""enterprise"": 9}, ""6"": {""enterprise"": 7, ""freemium"": 2}, ""7"": {""premium"": 1, ""freemium"": 8}}"
93.044831,start,w0!w000317__enterprise,enterprise,5,537,plb_nclass,own_pool,enterprise,enterprise,under_theta,"{""enterprise"": 2, ""freemium"": 3, ""mixed"": 0, ""premium"": 3}","{""0"": 7, ""1"": 10, ""2"": 10, ""3"": 10, ""4"": 7, ""5"": 10, ""6"": 9, ""7"": 9}","{""0"": {""enterprise"": 0, ""freemium"": 1, ""premium"": 6}, ""1"": {""premium"": 3, ""freemium"": 7}, ""2"": {""freemium"": 6, ""premium"": 4}, ""3"": {""freemium"": 0, ""enterprise"": 10}, ""4"": {""enterprise"": 0, ""freemium"": 0, ""premium"": 7}, ""5"": {""premium"": 0, ""enterprise"": 10}, ""6"": {""enterprise"": 7, ""freemium"": 2}, ""7"": {""premium"": 1, ""freemium"": 8}}"
93.177069,start,w0!w000318__enterprise,enterprise,0,41,plb_nclass,borrow_lower,premium,enterprise,load_first,"{""enterprise"": 3, ""freemium"": 3, ""mixed"": 0, ""premium"": 2}","{""0"": 8, ""1"": 10, ""2"": 10, ""3"": 10, ""4"": 7, ""5"": 10, ""6"": 9, ""7"": 9}","{""0"": {""enterprise"": 1, ""freemium"": 1, ""premium"": 6}, ""1"": {""premium"": 3, ""freemium"": 7}, ""2"": {""freemium"": 6, ""premium"": 4}, ""3"": {""freemium"": 0, ""enterprise"": 10}, ""4"": {""enterprise"": 0, ""freemium"": 0, ""premium"": 7}, ""5"": {""premium"": 0, ""enterprise"": 10}, ""6"": {""enterprise"": 7, ""freemium"": 2}, ""7"": {""premium"": 1, ""freemium"": 8}}"
93.490696,finish,w0!w000254__enterprise,enterprise,6,625,plb_nclass,finish,,,,"{""enterprise"": 3, ""freemium"": 3, ""mixed"": 0, ""premium"": 2}","{""0"": 8, ""1"": 10, ""2"": 10, ""3"": 10, ""4"": 7, ""5"": 10, ""6"": 8, ""7"": 9}","{""0"": {""enterprise"": 1, ""freemium"": 1, ""premium"": 6}, ""1"": {""premium"": 3, ""freemium"": 7}, ""2"": {""freemium"": 6, ""premium"": 4}, ""3"": {""freemium"": 0, ""enterprise"": 10}, ""4"": {""enterprise"": 0, ""freemium"": 0, ""premium"": 7}, ""5"": {""premium"": 0, ""enterprise"": 10}, ""6"": {""enterprise"": 6, ""freemium"": 2}, ""7"": {""premium"": 1, ""freemium"": 8}}"
93.660927,start,w0!w000319__enterprise,enterprise,0,42,plb_nclass,own_pool,enterprise,enterprise,under_theta,"{""enterprise"": 3, ""freemium"": 3, ""mixed"": 0, ""premium"": 2}","{""0"": 9, ""1"": 10, ""2"": 10, ""3"": 10, ""4"": 7, ""5"": 10, ""6"": 8, ""7"": 9}","{""0"": {""enterprise"": 2, ""freemium"": 1, ""premium"": 6}, ""1"": {""premium"": 3, ""freemium"": 7}, ""2"": {""freemium"": 6, ""premium"": 4}, ""3"": {""freemium"": 0, ""enterprise"": 10}, ""4"": {""enterprise"": 0, ""freemium"": 0, ""premium"": 7}, ""5"": {""premium"": 0, ""enterprise"": 10}, ""6"": {""enterprise"": 6, ""freemium"": 2}, ""7"": {""premium"": 1, ""freemium"": 8}}"
93.866902,finish,w0!w000216__freemium,freemium,7,725,plb_nclass,finish,,,,"{""enterprise"": 3, ""freemium"": 3, ""mixed"": 0, ""premium"": 2}","{""0"": 9, ""1"": 10, ""2"": 10, ""3"": 10, ""4"": 7, ""5"": 10, ""6"": 8, ""7"": 8}","{""0"": {""enterprise"": 2, ""freemium"": 1, ""premium"": 6}, ""1"": {""premium"": 3, ""freemium"": 7}, ""2"": {""freemium"": 6, ""premium"": 4}, ""3"": {""freemium"": 0, ""enterprise"": 10}, ""4"": {""enterprise"": 0, ""freemium"": 0, ""premium"": 7}, ""5"": {""premium"": 0, ""enterprise"": 10}, ""6"": {""enterprise"": 6, ""freemium"": 2}, ""7"": {""premium"": 1, ""freemium"": 7}}"
94.007913,finish,w0!w000229__enterprise,enterprise,6,623,plb_nclass,finish,,,,"{""enterprise"": 3, ""freemium"": 3, ""mixed"": 0, ""premium"": 2}","{""0"": 9, ""1"": 10, ""2"": 10, ""3"": 10, ""4"": 7, ""5"": 10, ""6"": 7, ""7"": 8}","{""0"": {""enterprise"": 2, ""freemium"": 1, ""premium"": 6}, ""1"": {""premium"": 3, ""freemium"": 7}, ""2"": {""freemium"": 6, ""premium"": 4}, ""3"": {""freemium"": 0, ""enterprise"": 10}, ""4"": {""enterprise"": 0, ""freemium"": 0, ""premium"": 7}, ""5"": {""premium"": 0, ""enterprise"": 10}, ""6"": {""enterprise"": 5, ""freemium"": 2}, ""7"": {""premium"": 1, ""freemium"": 7}}"
94.061155,start,w0!w000320__premium,premium,4,439,plb_nclass,own_pool,premium,premium,under_theta,"{""enterprise"": 3, ""freemium"": 3, ""mixed"": 0, ""premium"": 2}","{""0"": 9, ""1"": 10, ""2"": 10, ""3"": 10, ""4"": 8, ""5"": 10, ""6"": 7, ""7"": 8}","{""0"": {""enterprise"": 2, ""freemium"": 1, ""premium"": 6}, ""1"": {""premium"": 3, ""freemium"": 7}, ""2"": {""freemium"": 6, ""premium"": 4}, ""3"": {""freemium"": 0, ""enterprise"": 10}, ""4"": {""enterprise"": 0, ""freemium"": 0, ""premium"": 8}, ""5"": {""premium"": 0, ""enterprise"": 10}, ""6"": {""enterprise"": 5, ""freemium"": 2}, ""7"": {""premium"": 1, ""freemium"": 7}}"
94.232103,start,w0!w000321__premium,premium,4,440,plb_nclass,own_pool,premium,premium,under_theta,"{""enterprise"": 3, ""freemium"": 3, ""mixed"": 0, ""premium"": 2}","{""0"": 9, ""1"": 10, ""2"": 10, ""3"": 10, ""4"": 9, ""5"": 10, ""6"": 7, ""7"": 8}","{""0"": {""enterprise"": 2, ""freemium"": 1, ""premium"": 6}, ""1"": {""premium"": 3, ""freemium"": 7}, ""2"": {""freemium"": 6, ""premium"": 4}, ""3"": {""freemium"": 0, ""enterprise"": 10}, ""4"": {""enterprise"": 0, ""freemium"": 0, ""premium"": 9}, ""5"": {""premium"": 0, ""enterprise"": 10}, ""6"": {""enterprise"": 5, ""freemium"": 2}, ""7"": {""premium"": 1, ""freemium"": 7}}"
94.312363,finish,w0!w000227__freemium,freemium,2,235,plb_nclass,finish,,,,"{""enterprise"": 3, ""freemium"": 3, ""mixed"": 0, ""premium"": 2}","{""0"": 9, ""1"": 10, ""2"": 9, ""3"": 10, ""4"": 9, ""5"": 10, ""6"": 7, ""7"": 8}","{""0"": {""enterprise"": 2, ""freemium"": 1, ""premium"": 6}, ""1"": {""premium"": 3, ""freemium"": 7}, ""2"": {""freemium"": 5, ""premium"": 4}, ""3"": {""freemium"": 0, ""enterprise"": 10}, ""4"": {""enterprise"": 0, ""freemium"": 0, ""premium"": 9}, ""5"": {""premium"": 0, ""enterprise"": 10}, ""6"": {""enterprise"": 5, ""freemium"": 2}, ""7"": {""premium"": 1, ""freemium"": 7}}"
94.402785,finish,w0!w000217__freemium,freemium,2,231,plb_nclass,finish,,,,"{""enterprise"": 3, ""freemium"": 3, ""mixed"": 0, ""premium"": 2}","{""0"": 9, ""1"": 10, ""2"": 8, ""3"": 10, ""4"": 9, ""5"": 10, ""6"": 7, ""7"": 8}","{""0"": {""enterprise"": 2, ""freemium"": 1, ""premium"": 6}, ""1"": {""premium"": 3, ""freemium"": 7}, ""2"": {""freemium"": 4, ""premium"": 4}, ""3"": {""freemium"": 0, ""enterprise"": 10}, ""4"": {""enterprise"": 0, ""freemium"": 0, ""premium"": 9}, ""5"": {""premium"": 0, ""enterprise"": 10}, ""6"": {""enterprise"": 5, ""freemium"": 2}, ""7"": {""premium"": 1, ""freemium"": 7}}"
94.476489,finish,w0!w000244__premium,premium,4,430,plb_nclass,finish,,,,"{""enterprise"": 3, ""freemium"": 3, ""mixed"": 0, ""premium"": 2}","{""0"": 9, ""1"": 10, ""2"": 8, ""3"": 10, ""4"": 8, ""5"": 10, ""6"": 7, ""7"": 8}","{""0"": {""enterprise"": 2, ""freemium"": 1, ""premium"": 6}, ""1"": {""premium"": 3, ""freemium"": 7}, ""2"": {""freemium"": 4, ""premium"": 4}, ""3"": {""freemium"": 0, ""enterprise"": 10}, ""4"": {""enterprise"": 0, ""freemium"": 0, ""premium"": 8}, ""5"": {""premium"": 0, ""enterprise"": 10}, ""6"": {""enterprise"": 5, ""freemium"": 2}, ""7"": {""premium"": 1, ""freemium"": 7}}"
94.82801,start,w0!w000322__enterprise,enterprise,0,43,plb_nclass,own_pool,enterprise,enterprise,under_theta,"{""enterprise"": 3, ""freemium"": 3, ""mixed"": 0, ""premium"": 2}","{""0"": 10, ""1"": 10, ""2"": 8, ""3"": 10, ""4"": 8, ""5"": 10, ""6"": 7, ""7"": 8}","{""0"": {""enterprise"": 3, ""freemium"": 1, ""premium"": 6}, ""1"": {""premium"": 3, ""freemium"": 7}, ""2"": {""freemium"": 4, ""premium"": 4}, ""3"": {""freemium"": 0, ""enterprise"": 10}, ""4"": {""enterprise"": 0, ""freemium"": 0, ""premium"": 8}, ""5"": {""premium"": 0, ""enterprise"": 10}, ""6"": {""enterprise"": 5, ""freemium"": 2}, ""7"": {""premium"": 1, ""freemium"": 7}}"
94.910887,finish,w0!w000259__enterprise,enterprise,5,529,plb_nclass,finish,,,,"{""enterprise"": 3, ""freemium"": 3, ""mixed"": 0, ""premium"": 2}","{""0"": 10, ""1"": 10, ""2"": 8, ""3"": 10, ""4"": 8, ""5"": 9, ""6"": 7, ""7"": 8}","{""0"": {""enterprise"": 3, ""freemium"": 1, ""premium"": 6}, ""1"": {""premium"": 3, ""freemium"": 7}, ""2"": {""freemium"": 4, ""premium"": 4}, ""3"": {""freemium"": 0, ""enterprise"": 10}, ""4"": {""enterprise"": 0, ""freemium"": 0, ""premium"": 8}, ""5"": {""premium"": 0, ""enterprise"": 9}, ""6"": {""enterprise"": 5, ""freemium"": 2}, ""7"": {""premium"": 1, ""freemium"": 7}}"
95.377823,finish,w0!w000253__premium,premium,2,239,plb_nclass,finish,,,,"{""enterprise"": 3, ""freemium"": 3, ""mixed"": 0, ""premium"": 2}","{""0"": 10, ""1"": 10, ""2"": 7, ""3"": 10, ""4"": 8, ""5"": 9, ""6"": 7, ""7"": 8}","{""0"": {""enterprise"": 3, ""freemium"": 1, ""premium"": 6}, ""1"": {""premium"": 3, ""freemium"": 7}, ""2"": {""freemium"": 4, ""premium"": 3}, ""3"": {""freemium"": 0, ""enterprise"": 10}, ""4"": {""enterprise"": 0, ""freemium"": 0, ""premium"": 8}, ""5"": {""premium"": 0, ""enterprise"": 9}, ""6"": {""enterprise"": 5, ""freemium"": 2}, ""7"": {""premium"": 1, ""freemium"": 7}}"
95.416379,start,w0!w000323__freemium,freemium,2,245,plb_nclass,own_pool,freemium,freemium,under_theta,"{""enterprise"": 3, ""freemium"": 3, ""mixed"": 0, ""premium"": 2}","{""0"": 10, ""1"": 10, ""2"": 8, ""3"": 10, ""4"": 8, ""5"": 9, ""6"": 7, ""7"": 8}","{""0"": {""enterprise"": 3, ""freemium"": 1, ""premium"": 6}, ""1"": {""premium"": 3, ""freemium"": 7}, ""2"": {""freemium"": 5, ""premium"": 3}, ""3"": {""freemium"": 0, ""enterprise"": 10}, ""4"": {""enterprise"": 0, ""freemium"": 0, ""premium"": 8}, ""5"": {""premium"": 0, ""enterprise"": 9}, ""6"": {""enterprise"": 5, ""freemium"": 2}, ""7"": {""premium"": 1, ""freemium"": 7}}"
95.433397,finish,w0!w000274__freemium,freemium,7,732,plb_nclass,finish,,,,"{""enterprise"": 3, ""freemium"": 3, ""mixed"": 0, ""premium"": 2}","{""0"": 10, ""1"": 10, ""2"": 8, ""3"": 10, ""4"": 8, ""5"": 9, ""6"": 7, ""7"": 7}","{""0"": {""enterprise"": 3, ""freemium"": 1, ""premium"": 6}, ""1"": {""premium"": 3, ""freemium"": 7}, ""2"": {""freemium"": 5, ""premium"": 3}, ""3"": {""freemium"": 0, ""enterprise"": 10}, ""4"": {""enterprise"": 0, ""freemium"": 0, ""premium"": 8}, ""5"": {""premium"": 0, ""enterprise"": 9}, ""6"": {""enterprise"": 5, ""freemium"": 2}, ""7"": {""premium"": 1, ""freemium"": 6}}"
95.760944,start,w0!w000324__enterprise,enterprise,5,538,plb_nclass,own_pool,enterprise,enterprise,under_theta,"{""enterprise"": 3, ""freemium"": 3, ""mixed"": 0, ""premium"": 2}","{""0"": 10, ""1"": 10, ""2"": 8, ""3"": 10, ""4"": 8, ""5"": 10, ""6"": 7, ""7"": 7}","{""0"": {""enterprise"": 3, ""freemium"": 1, ""premium"": 6}, ""1"": {""premium"": 3, ""freemium"": 7}, ""2"": {""freemium"": 5, ""premium"": 3}, ""3"": {""freemium"": 0, ""enterprise"": 10}, ""4"": {""enterprise"": 0, ""freemium"": 0, ""premium"": 8}, ""5"": {""premium"": 0, ""enterprise"": 10}, ""6"": {""enterprise"": 5, ""freemium"": 2}, ""7"": {""premium"": 1, ""freemium"": 6}}"
95.914198,start,w0!w000325__enterprise,enterprise,6,632,plb_nclass,borrow_lower,freemium,enterprise,load_first,"{""enterprise"": 4, ""freemium"": 2, ""mixed"": 0, ""premium"": 2}","{""0"": 10, ""1"": 10, ""2"": 8, ""3"": 10, ""4"": 8, ""5"": 10, ""6"": 8, ""7"": 7}","{""0"": {""enterprise"": 3, ""freemium"": 1, ""premium"": 6}, ""1"": {""premium"": 3, ""freemium"": 7}, ""2"": {""freemium"": 5, ""premium"": 3}, ""3"": {""freemium"": 0, ""enterprise"": 10}, ""4"": {""enterprise"": 0, ""freemium"": 0, ""premium"": 8}, ""5"": {""premium"": 0, ""enterprise"": 10}, ""6"": {""enterprise"": 6, ""freemium"": 2}, ""7"": {""premium"": 1, ""freemium"": 6}}"
96.03247,finish,w0!w000224__enterprise,enterprise,6,622,plb_nclass,finish,,,,"{""enterprise"": 4, ""freemium"": 2, ""mixed"": 0, ""premium"": 2}","{""0"": 10, ""1"": 10, ""2"": 8, ""3"": 10, ""4"": 8, ""5"": 10, ""6"": 7, ""7"": 7}","{""0"": {""enterprise"": 3, ""freemium"": 1, ""premium"": 6}, ""1"": {""premium"": 3, ""freemium"": 7}, ""2"": {""freemium"": 5, ""premium"": 3}, ""3"": {""freemium"": 0, ""enterprise"": 10}, ""4"": {""enterprise"": 0, ""freemium"": 0, ""premium"": 8}, ""5"": {""premium"": 0, ""enterprise"": 10}, ""6"": {""enterprise"": 5, ""freemium"": 2}, ""7"": {""premium"": 1, ""freemium"": 6}}"
96.07392,finish,w0!w000238__enterprise,enterprise,3,329,plb_nclass,finish,,,,"{""enterprise"": 4, ""freemium"": 2, ""mixed"": 0, ""premium"": 2}","{""0"": 10, ""1"": 10, ""2"": 8, ""3"": 9, ""4"": 8, ""5"": 10, ""6"": 7, ""7"": 7}","{""0"": {""enterprise"": 3, ""freemium"": 1, ""premium"": 6}, ""1"": {""premium"": 3, ""freemium"": 7}, ""2"": {""freemium"": 5, ""premium"": 3}, ""3"": {""freemium"": 0, ""enterprise"": 9}, ""4"": {""enterprise"": 0, ""freemium"": 0, ""premium"": 8}, ""5"": {""premium"": 0, ""enterprise"": 10}, ""6"": {""enterprise"": 5, ""freemium"": 2}, ""7"": {""premium"": 1, ""freemium"": 6}}"
96.154801,start,w0!w000326__enterprise,enterprise,6,633,plb_nclass,own_pool,enterprise,enterprise,under_theta,"{""enterprise"": 4, ""freemium"": 2, ""mixed"": 0, ""premium"": 2}","{""0"": 10, ""1"": 10, ""2"": 8, ""3"": 9, ""4"": 8, ""5"": 10, ""6"": 8, ""7"": 7}","{""0"": {""enterprise"": 3, ""freemium"": 1, ""premium"": 6}, ""1"": {""premium"": 3, ""freemium"": 7}, ""2"": {""freemium"": 5, ""premium"": 3}, ""3"": {""freemium"": 0, ""enterprise"": 9}, ""4"": {""enterprise"": 0, ""freemium"": 0, ""premium"": 8}, ""5"": {""premium"": 0, ""enterprise"": 10}, ""6"": {""enterprise"": 6, ""freemium"": 2}, ""7"": {""premium"": 1, ""freemium"": 6}}"
96.212217,start,w0!w000327__enterprise,enterprise,6,634,plb_nclass,own_pool,enterprise,enterprise,under_theta,"{""enterprise"": 4, ""freemium"": 2, ""mixed"": 0, ""premium"": 2}","{""0"": 10, ""1"": 10, ""2"": 8, ""3"": 9, ""4"": 8, ""5"": 10, ""6"": 9, ""7"": 7}","{""0"": {""enterprise"": 3, ""freemium"": 1, ""premium"": 6}, ""1"": {""premium"": 3, ""freemium"": 7}, ""2"": {""freemium"": 5, ""premium"": 3}, ""3"": {""freemium"": 0, ""enterprise"": 9}, ""4"": {""enterprise"": 0, ""freemium"": 0, ""premium"": 8}, ""5"": {""premium"": 0, ""enterprise"": 10}, ""6"": {""enterprise"": 7, ""freemium"": 2}, ""7"": {""premium"": 1, ""freemium"": 6}}"
96.434551,finish,w0!w000295__enterprise,enterprise,5,533,plb_nclass,finish,,,,"{""enterprise"": 4, ""freemium"": 2, ""mixed"": 0, ""premium"": 2}","{""0"": 10, ""1"": 10, ""2"": 8, ""3"": 9, ""4"": 8, ""5"": 9, ""6"": 9, ""7"": 7}","{""0"": {""enterprise"": 3, ""freemium"": 1, ""premium"": 6}, ""1"": {""premium"": 3, ""freemium"": 7}, ""2"": {""freemium"": 5, ""premium"": 3}, ""3"": {""freemium"": 0, ""enterprise"": 9}, ""4"": {""enterprise"": 0, ""freemium"": 0, ""premium"": 8}, ""5"": {""premium"": 0, ""enterprise"": 9}, ""6"": {""enterprise"": 7, ""freemium"": 2}, ""7"": {""premium"": 1, ""freemium"": 6}}"
96.447457,start,w0!w000328__enterprise,enterprise,3,340,plb_nclass,own_pool,enterprise,enterprise,under_theta,"{""enterprise"": 4, ""freemium"": 2, ""mixed"": 0, ""premium"": 2}","{""0"": 10, ""1"": 10, ""2"": 8, ""3"": 10, ""4"": 8, ""5"": 9, ""6"": 9, ""7"": 7}","{""0"": {""enterprise"": 3, ""freemium"": 1, ""premium"": 6}, ""1"": {""premium"": 3, ""freemium"": 7}, ""2"": {""freemium"": 5, ""premium"": 3}, ""3"": {""freemium"": 0, ""enterprise"": 10}, ""4"": {""enterprise"": 0, ""freemium"": 0, ""premium"": 8}, ""5"": {""premium"": 0, ""enterprise"": 9}, ""6"": {""enterprise"": 7, ""freemium"": 2}, ""7"": {""premium"": 1, ""freemium"": 6}}"
96.463469,start,w0!w000329__freemium,freemium,2,246,plb_nclass,own_pool,freemium,freemium,under_theta,"{""enterprise"": 4, ""freemium"": 2, ""mixed"": 0, ""premium"": 2}","{""0"": 10, ""1"": 10, ""2"": 9, ""3"": 10, ""4"": 8, ""5"": 9, ""6"": 9, ""7"": 7}","{""0"": {""enterprise"": 3, ""freemium"": 1, ""premium"": 6}, ""1"": {""premium"": 3, ""freemium"": 7}, ""2"": {""freemium"": 6, ""premium"": 3}, ""3"": {""freemium"": 0, ""enterprise"": 10}, ""4"": {""enterprise"": 0, ""freemium"": 0, ""premium"": 8}, ""5"": {""premium"": 0, ""enterprise"": 9}, ""6"": {""enterprise"": 7, ""freemium"": 2}, ""7"": {""premium"": 1, ""freemium"": 6}}"
96.627617,finish,w0!w000250__premium,premium,1,138,plb_nclass,finish,,,,"{""enterprise"": 4, ""freemium"": 2, ""mixed"": 0, ""premium"": 2}","{""0"": 10, ""1"": 9, ""2"": 9, ""3"": 10, ""4"": 8, ""5"": 9, ""6"": 9, ""7"": 7}","{""0"": {""enterprise"": 3, ""freemium"": 1, ""premium"": 6}, ""1"": {""premium"": 2, ""freemium"": 7}, ""2"": {""freemium"": 6, ""premium"": 3}, ""3"": {""freemium"": 0, ""enterprise"": 10}, ""4"": {""enterprise"": 0, ""freemium"": 0, ""premium"": 8}, ""5"": {""premium"": 0, ""enterprise"": 9}, ""6"": {""enterprise"": 7, ""freemium"": 2}, ""7"": {""premium"": 1, ""freemium"": 6}}"
96.695722,finish,w0!w000269__enterprise,enterprise,3,333,plb_nclass,finish,,,,"{""enterprise"": 4, ""freemium"": 2, ""mixed"": 0, ""premium"": 2}","{""0"": 10, ""1"": 9, ""2"": 9, ""3"": 9, ""4"": 8, ""5"": 9, ""6"": 9, ""7"": 7}","{""0"": {""enterprise"": 3, ""freemium"": 1, ""premium"": 6}, ""1"": {""premium"": 2, ""freemium"": 7}, ""2"": {""freemium"": 6, ""premium"": 3}, ""3"": {""freemium"": 0, ""enterprise"": 9}, ""4"": {""enterprise"": 0, ""freemium"": 0, ""premium"": 8}, ""5"": {""premium"": 0, ""enterprise"": 9}, ""6"": {""enterprise"": 7, ""freemium"": 2}, ""7"": {""premium"": 1, ""freemium"": 6}}"
96.712311,finish,w0!w000262__premium,premium,0,34,plb_nclass,finish,,,,"{""enterprise"": 4, ""freemium"": 2, ""mixed"": 0, ""premium"": 2}","{""0"": 9, ""1"": 9, ""2"": 9, ""3"": 9, ""4"": 8, ""5"": 9, ""6"": 9, ""7"": 7}","{""0"": {""enterprise"": 3, ""freemium"": 1, ""premium"": 5}, ""1"": {""premium"": 2, ""freemium"": 7}, ""2"": {""freemium"": 6, ""premium"": 3}, ""3"": {""freemium"": 0, ""enterprise"": 9}, ""4"": {""enterprise"": 0, ""freemium"": 0, ""premium"": 8}, ""5"": {""premium"": 0, ""enterprise"": 9}, ""6"": {""enterprise"": 7, ""freemium"": 2}, ""7"": {""premium"": 1, ""freemium"": 6}}"
96.762082,finish,w0!w000270__freemium,freemium,7,729,plb_nclass,finish,,,,"{""enterprise"": 4, ""freemium"": 2, ""mixed"": 0, ""premium"": 2}","{""0"": 9, ""1"": 9, ""2"": 9, ""3"": 9, ""4"": 8, ""5"": 9, ""6"": 9, ""7"": 6}","{""0"": {""enterprise"": 3, ""freemium"": 1, ""premium"": 5}, ""1"": {""premium"": 2, ""freemium"": 7}, ""2"": {""freemium"": 6, ""premium"": 3}, ""3"": {""freemium"": 0, ""enterprise"": 9}, ""4"": {""enterprise"": 0, ""freemium"": 0, ""premium"": 8}, ""5"": {""premium"": 0, ""enterprise"": 9}, ""6"": {""enterprise"": 7, ""freemium"": 2}, ""7"": {""premium"": 1, ""freemium"": 5}}"
96.976423,start,w0!w000330__freemium,freemium,1,147,plb_nclass,own_pool,freemium,freemium,under_theta,"{""enterprise"": 4, ""freemium"": 2, ""mixed"": 0, ""premium"": 2}","{""0"": 9, ""1"": 10, ""2"": 9, ""3"": 9, ""4"": 8, ""5"": 9, ""6"": 9, ""7"": 6}","{""0"": {""enterprise"": 3, ""freemium"": 1, ""premium"": 5}, ""1"": {""premium"": 2, ""freemium"": 8}, ""2"": {""freemium"": 6, ""premium"": 3}, ""3"": {""freemium"": 0, ""enterprise"": 9}, ""4"": {""enterprise"": 0, ""freemium"": 0, ""premium"": 8}, ""5"": {""premium"": 0, ""enterprise"": 9}, ""6"": {""enterprise"": 7, ""freemium"": 2}, ""7"": {""premium"": 1, ""freemium"": 5}}"
97.160516,finish,w0!w000278__enterprise,enterprise,3,335,plb_nclass,finish,,,,"{""enterprise"": 4, ""freemium"": 2, ""mixed"": 0, ""premium"": 2}","{""0"": 9, ""1"": 10, ""2"": 9, ""3"": 8, ""4"": 8, ""5"": 9, ""6"": 9, ""7"": 6}","{""0"": {""enterprise"": 3, ""freemium"": 1, ""premium"": 5}, ""1"": {""premium"": 2, ""freemium"": 8}, ""2"": {""freemium"": 6, ""premium"": 3}, ""3"": {""freemium"": 0, ""enterprise"": 8}, ""4"": {""enterprise"": 0, ""freemium"": 0, ""premium"": 8}, ""5"": {""premium"": 0, ""enterprise"": 9}, ""6"": {""enterprise"": 7, ""freemium"": 2}, ""7"": {""premium"": 1, ""freemium"": 5}}"
97.271481,finish,w0!w000261__freemium,freemium,0,33,plb_nclass,finish,,,,"{""enterprise"": 4, ""freemium"": 2, ""mixed"": 0, ""premium"": 2}","{""0"": 8, ""1"": 10, ""2"": 9, ""3"": 8, ""4"": 8, ""5"": 9, ""6"": 9, ""7"": 6}","{""0"": {""enterprise"": 3, ""freemium"": 0, ""premium"": 5}, ""1"": {""premium"": 2, ""freemium"": 8}, ""2"": {""freemium"": 6, ""premium"": 3}, ""3"": {""freemium"": 0, ""enterprise"": 8}, ""4"": {""enterprise"": 0, ""freemium"": 0, ""premium"": 8}, ""5"": {""premium"": 0, ""enterprise"": 9}, ""6"": {""enterprise"": 7, ""freemium"": 2}, ""7"": {""premium"": 1, ""freemium"": 5}}"
97.293926,finish,w0!w000247__enterprise,enterprise,5,526,plb_nclass,finish,,,,"{""enterprise"": 4, ""freemium"": 2, ""mixed"": 0, ""premium"": 2}","{""0"": 8, ""1"": 10, ""2"": 9, ""3"": 8, ""4"": 8, ""5"": 8, ""6"": 9, ""7"": 6}","{""0"": {""enterprise"": 3, ""freemium"": 0, ""premium"": 5}, ""1"": {""premium"": 2, ""freemium"": 8}, ""2"": {""freemium"": 6, ""premium"": 3}, ""3"": {""freemium"": 0, ""enterprise"": 8}, ""4"": {""enterprise"": 0, ""freemium"": 0, ""premium"": 8}, ""5"": {""premium"": 0, ""enterprise"": 8}, ""6"": {""enterprise"": 7, ""freemium"": 2}, ""7"": {""premium"": 1, ""freemium"": 5}}"
97.350426,finish,w0!w000257__freemium,freemium,7,728,plb_nclass,finish,,,,"{""enterprise"": 4, ""freemium"": 2, ""mixed"": 0, ""premium"": 2}","{""0"": 8, ""1"": 10, ""2"": 9, ""3"": 8, ""4"": 8, ""5"": 8, ""6"": 9, ""7"": 5}","{""0"": {""enterprise"": 3, ""freemium"": 0, ""premium"": 5}, ""1"": {""premium"": 2, ""freemium"": 8}, ""2"": {""freemium"": 6, ""premium"": 3}, ""3"": {""freemium"": 0, ""enterprise"": 8}, ""4"": {""enterprise"": 0, ""freemium"": 0, ""premium"": 8}, ""5"": {""premium"": 0, ""enterprise"": 8}, ""6"": {""enterprise"": 7, ""freemium"": 2}, ""7"": {""premium"": 1, ""freemium"": 4}}"
97.412496,finish,w0!w000279__freemium,freemium,7,733,plb_nclass,finish,,,,"{""enterprise"": 4, ""freemium"": 2, ""mixed"": 0, ""premium"": 2}","{""0"": 8, ""1"": 10, ""2"": 9, ""3"": 8, ""4"": 8, ""5"": 8, ""6"": 9, ""7"": 4}","{""0"": {""enterprise"": 3, ""freemium"": 0, ""premium"": 5}, ""1"": {""premium"": 2, ""freemium"": 8}, ""2"": {""freemium"": 6, ""premium"": 3}, ""3"": {""freemium"": 0, ""enterprise"": 8}, ""4"": {""enterprise"": 0, ""freemium"": 0, ""premium"": 8}, ""5"": {""premium"": 0, ""enterprise"": 8}, ""6"": {""enterprise"": 7, ""freemium"": 2}, ""7"": {""premium"": 1, ""freemium"": 3}}"
97.721208,start,w0!w000331__freemium,freemium,2,247,plb_nclass,own_pool,freemium,freemium,under_theta,"{""enterprise"": 4, ""freemium"": 2, ""mixed"": 0, ""premium"": 2}","{""0"": 8, ""1"": 10, ""2"": 10, ""3"": 8, ""4"": 8, ""5"": 8, ""6"": 9, ""7"": 4}","{""0"": {""enterprise"": 3, ""freemium"": 0, ""premium"": 5}, ""1"": {""premium"": 2, ""freemium"": 8}, ""2"": {""freemium"": 7, ""premium"": 3}, ""3"": {""freemium"": 0, ""enterprise"": 8}, ""4"": {""enterprise"": 0, ""freemium"": 0, ""premium"": 8}, ""5"": {""premium"": 0, ""enterprise"": 8}, ""6"": {""enterprise"": 7, ""freemium"": 2}, ""7"": {""premium"": 1, ""freemium"": 3}}"
98.261822,finish,w0!w000248__premium,premium,1,137,plb_nclass,finish,,,,"{""enterprise"": 4, ""freemium"": 2, ""mixed"": 0, ""premium"": 2}","{""0"": 8, ""1"": 9, ""2"": 10, ""3"": 8, ""4"": 8, ""5"": 8, ""6"": 9, ""7"": 4}","{""0"": {""enterprise"": 3, ""freemium"": 0, ""premium"": 5}, ""1"": {""premium"": 1, ""freemium"": 8}, ""2"": {""freemium"": 7, ""premium"": 3}, ""3"": {""freemium"": 0, ""enterprise"": 8}, ""4"": {""enterprise"": 0, ""freemium"": 0, ""premium"": 8}, ""5"": {""premium"": 0, ""enterprise"": 8}, ""6"": {""enterprise"": 7, ""freemium"": 2}, ""7"": {""premium"": 1, ""freemium"": 3}}"
98.342361,start,w0!w000332__freemium,freemium,1,148,plb_nclass,own_pool,freemium,freemium,under_theta,"{""enterprise"": 4, ""freemium"": 2, ""mixed"": 0, ""premium"": 2}","{""0"": 8, ""1"": 10, ""2"": 10, ""3"": 8, ""4"": 8, ""5"": 8, ""6"": 9, ""7"": 4}","{""0"": {""enterprise"": 3, ""freemium"": 0, ""premium"": 5}, ""1"": {""premium"": 1, ""freemium"": 9}, ""2"": {""freemium"": 7, ""premium"": 3}, ""3"": {""freemium"": 0, ""enterprise"": 8}, ""4"": {""enterprise"": 0, ""freemium"": 0, ""premium"": 8}, ""5"": {""premium"": 0, ""enterprise"": 8}, ""6"": {""enterprise"": 7, ""freemium"": 2}, ""7"": {""premium"": 1, ""freemium"": 3}}"
98.66104,finish,w0!w000290__premium,premium,0,38,plb_nclass,finish,,,,"{""enterprise"": 4, ""freemium"": 2, ""mixed"": 0, ""premium"": 2}","{""0"": 7, ""1"": 10, ""2"": 10, ""3"": 8, ""4"": 8, ""5"": 8, ""6"": 9, ""7"": 4}","{""0"": {""enterprise"": 3, ""freemium"": 0, ""premium"": 4}, ""1"": {""premium"": 1, ""freemium"": 9}, ""2"": {""freemium"": 7, ""premium"": 3}, ""3"": {""freemium"": 0, ""enterprise"": 8}, ""4"": {""enterprise"": 0, ""freemium"": 0, ""premium"": 8}, ""5"": {""premium"": 0, ""enterprise"": 8}, ""6"": {""enterprise"": 7, ""freemium"": 2}, ""7"": {""premium"": 1, ""freemium"": 3}}"
98.762402,start,w0!w000333__premium,premium,7,736,plb_nclass,own_pool,premium,premium,under_theta,"{""enterprise"": 4, ""freemium"": 2, ""mixed"": 0, ""premium"": 2}","{""0"": 7, ""1"": 10, ""2"": 10, ""3"": 8, ""4"": 8, ""5"": 8, ""6"": 9, ""7"": 5}","{""0"": {""enterprise"": 3, ""freemium"": 0, ""premium"": 4}, ""1"": {""premium"": 1, ""freemium"": 9}, ""2"": {""freemium"": 7, ""premium"": 3}, ""3"": {""freemium"": 0, ""enterprise"": 8}, ""4"": {""enterprise"": 0, ""freemium"": 0, ""premium"": 8}, ""5"": {""premium"": 0, ""enterprise"": 8}, ""6"": {""enterprise"": 7, ""freemium"": 2}, ""7"": {""premium"": 2, ""freemium"": 3}}"
99.084094,start,w0!w000334__enterprise,enterprise,0,44,plb_nclass,own_pool,enterprise,enterprise,under_theta,"{""enterprise"": 4, ""freemium"": 2, ""mixed"": 0, ""premium"": 2}","{""0"": 8, ""1"": 10, ""2"": 10, ""3"": 8, ""4"": 8, ""5"": 8, ""6"": 9, ""7"": 5}","{""0"": {""enterprise"": 4, ""freemium"": 0, ""premium"": 4}, ""1"": {""premium"": 1, ""freemium"": 9}, ""2"": {""freemium"": 7, ""premium"": 3}, ""3"": {""freemium"": 0, ""enterprise"": 8}, ""4"": {""enterprise"": 0, ""freemium"": 0, ""premium"": 8}, ""5"": {""premium"": 0, ""enterprise"": 8}, ""6"": {""enterprise"": 7, ""freemium"": 2}, ""7"": {""premium"": 2, ""freemium"": 3}}"
99.153133,start,w0!w000335__freemium,freemium,7,737,plb_nclass,borrow_higher_surplus,premium,freemium,safe_surplus,"{""enterprise"": 4, ""freemium"": 3, ""mixed"": 0, ""premium"": 1}","{""0"": 8, ""1"": 10, ""2"": 10, ""3"": 8, ""4"": 8, ""5"": 8, ""6"": 9, ""7"": 6}","{""0"": {""enterprise"": 4, ""freemium"": 0, ""premium"": 4}, ""1"": {""premium"": 1, ""freemium"": 9}, ""2"": {""freemium"": 7, ""premium"": 3}, ""3"": {""freemium"": 0, ""enterprise"": 8}, ""4"": {""enterprise"": 0, ""freemium"": 0, ""premium"": 8}, ""5"": {""premium"": 0, ""enterprise"": 8}, ""6"": {""enterprise"": 7, ""freemium"": 2}, ""7"": {""premium"": 2, ""freemium"": 4}}"
99.368009,finish,w0!w000284__enterprise,enterprise,6,629,plb_nclass,finish,,,,"{""enterprise"": 4, ""freemium"": 3, ""mixed"": 0, ""premium"": 1}","{""0"": 8, ""1"": 10, ""2"": 10, ""3"": 8, ""4"": 8, ""5"": 8, ""6"": 8, ""7"": 6}","{""0"": {""enterprise"": 4, ""freemium"": 0, ""premium"": 4}, ""1"": {""premium"": 1, ""freemium"": 9}, ""2"": {""freemium"": 7, ""premium"": 3}, ""3"": {""freemium"": 0, ""enterprise"": 8}, ""4"": {""enterprise"": 0, ""freemium"": 0, ""premium"": 8}, ""5"": {""premium"": 0, ""enterprise"": 8}, ""6"": {""enterprise"": 6, ""freemium"": 2}, ""7"": {""premium"": 2, ""freemium"": 4}}"
99.464037,start,w0!w000336__premium,premium,4,441,plb_nclass,own_pool,premium,premium,under_theta,"{""enterprise"": 4, ""freemium"": 3, ""mixed"": 0, ""premium"": 1}","{""0"": 8, ""1"": 10, ""2"": 10, ""3"": 8, ""4"": 9, ""5"": 8, ""6"": 8, ""7"": 6}","{""0"": {""enterprise"": 4, ""freemium"": 0, ""premium"": 4}, ""1"": {""premium"": 1, ""freemium"": 9}, ""2"": {""freemium"": 7, ""premium"": 3}, ""3"": {""freemium"": 0, ""enterprise"": 8}, ""4"": {""enterprise"": 0, ""freemium"": 0, ""premium"": 9}, ""5"": {""premium"": 0, ""enterprise"": 8}, ""6"": {""enterprise"": 6, ""freemium"": 2}, ""7"": {""premium"": 2, ""freemium"": 4}}"
99.506923,finish,w0!w000264__premium,premium,0,35,plb_nclass,finish,,,,"{""enterprise"": 4, ""freemium"": 3, ""mixed"": 0, ""premium"": 1}","{""0"": 7, ""1"": 10, ""2"": 10, ""3"": 8, ""4"": 9, ""5"": 8, ""6"": 8, ""7"": 6}","{""0"": {""enterprise"": 4, ""freemium"": 0, ""premium"": 3}, ""1"": {""premium"": 1, ""freemium"": 9}, ""2"": {""freemium"": 7, ""premium"": 3}, ""3"": {""freemium"": 0, ""enterprise"": 8}, ""4"": {""enterprise"": 0, ""freemium"": 0, ""premium"": 9}, ""5"": {""premium"": 0, ""enterprise"": 8}, ""6"": {""enterprise"": 6, ""freemium"": 2}, ""7"": {""premium"": 2, ""freemium"": 4}}"
99.583293,finish,w0!w000251__premium,premium,2,238,plb_nclass,finish,,,,"{""enterprise"": 4, ""freemium"": 3, ""mixed"": 0, ""premium"": 1}","{""0"": 7, ""1"": 10, ""2"": 9, ""3"": 8, ""4"": 9, ""5"": 8, ""6"": 8, ""7"": 6}","{""0"": {""enterprise"": 4, ""freemium"": 0, ""premium"": 3}, ""1"": {""premium"": 1, ""freemium"": 9}, ""2"": {""freemium"": 7, ""premium"": 2}, ""3"": {""freemium"": 0, ""enterprise"": 8}, ""4"": {""enterprise"": 0, ""freemium"": 0, ""premium"": 9}, ""5"": {""premium"": 0, ""enterprise"": 8}, ""6"": {""enterprise"": 6, ""freemium"": 2}, ""7"": {""premium"": 2, ""freemium"": 4}}"
99.70105,start,w0!w000337__freemium,freemium,7,738,plb_nclass,own_pool,freemium,freemium,under_theta,"{""enterprise"": 4, ""freemium"": 3, ""mixed"": 0, ""premium"": 1}","{""0"": 7, ""1"": 10, ""2"": 9, ""3"": 8, ""4"": 9, ""5"": 8, ""6"": 8, ""7"": 7}","{""0"": {""enterprise"": 4, ""freemium"": 0, ""premium"": 3}, ""1"": {""premium"": 1, ""freemium"": 9}, ""2"": {""freemium"": 7, ""premium"": 2}, ""3"": {""freemium"": 0, ""enterprise"": 8}, ""4"": {""enterprise"": 0, ""freemium"": 0, ""premium"": 9}, ""5"": {""premium"": 0, ""enterprise"": 8}, ""6"": {""enterprise"": 6, ""freemium"": 2}, ""7"": {""premium"": 2, ""freemium"": 5}}"
99.823592,finish,w0!w000301__enterprise,enterprise,3,337,plb_nclass,finish,,,,"{""enterprise"": 4, ""freemium"": 3, ""mixed"": 0, ""premium"": 1}","{""0"": 7, ""1"": 10, ""2"": 9, ""3"": 7, ""4"": 9, ""5"": 8, ""6"": 8, ""7"": 7}","{""0"": {""enterprise"": 4, ""freemium"": 0, ""premium"": 3}, ""1"": {""premium"": 1, ""freemium"": 9}, ""2"": {""freemium"": 7, ""premium"": 2}, ""3"": {""freemium"": 0, ""enterprise"": 7}, ""4"": {""enterprise"": 0, ""freemium"": 0, ""premium"": 9}, ""5"": {""premium"": 0, ""enterprise"": 8}, ""6"": {""enterprise"": 6, ""freemium"": 2}, ""7"": {""premium"": 2, ""freemium"": 5}}"
99.975806,finish,w0!w000267__premium,premium,2,240,plb_nclass,finish,,,,"{""enterprise"": 4, ""freemium"": 3, ""mixed"": 0, ""premium"": 1}","{""0"": 7, ""1"": 10, ""2"": 8, ""3"": 7, ""4"": 9, ""5"": 8, ""6"": 8, ""7"": 7}","{""0"": {""enterprise"": 4, ""freemium"": 0, ""premium"": 3}, ""1"": {""premium"": 1, ""freemium"": 9}, ""2"": {""freemium"": 7, ""premium"": 1}, ""3"": {""freemium"": 0, ""enterprise"": 7}, ""4"": {""enterprise"": 0, ""freemium"": 0, ""premium"": 9}, ""5"": {""premium"": 0, ""enterprise"": 8}, ""6"": {""enterprise"": 6, ""freemium"": 2}, ""7"": {""premium"": 2, ""freemium"": 5}}"
100.172715,finish,w0!w000249__enterprise,enterprise,5,527,plb_nclass,finish,,,,"{""enterprise"": 4, ""freemium"": 3, ""mixed"": 0, ""premium"": 1}","{""0"": 7, ""1"": 10, ""2"": 8, ""3"": 7, ""4"": 9, ""5"": 7, ""6"": 8, ""7"": 7}","{""0"": {""enterprise"": 4, ""freemium"": 0, ""premium"": 3}, ""1"": {""premium"": 1, ""freemium"": 9}, ""2"": {""freemium"": 7, ""premium"": 1}, ""3"": {""freemium"": 0, ""enterprise"": 7}, ""4"": {""enterprise"": 0, ""freemium"": 0, ""premium"": 9}, ""5"": {""premium"": 0, ""enterprise"": 7}, ""6"": {""enterprise"": 6, ""freemium"": 2}, ""7"": {""premium"": 2, ""freemium"": 5}}"
100.418358,finish,w0!w000246__freemium,freemium,2,237,plb_nclass,finish,,,,"{""enterprise"": 4, ""freemium"": 3, ""mixed"": 0, ""premium"": 1}","{""0"": 7, ""1"": 10, ""2"": 7, ""3"": 7, ""4"": 9, ""5"": 7, ""6"": 8, ""7"": 7}","{""0"": {""enterprise"": 4, ""freemium"": 0, ""premium"": 3}, ""1"": {""premium"": 1, ""freemium"": 9}, ""2"": {""freemium"": 6, ""premium"": 1}, ""3"": {""freemium"": 0, ""enterprise"": 7}, ""4"": {""enterprise"": 0, ""freemium"": 0, ""premium"": 9}, ""5"": {""premium"": 0, ""enterprise"": 7}, ""6"": {""enterprise"": 6, ""freemium"": 2}, ""7"": {""premium"": 2, ""freemium"": 5}}"
100.459176,finish,w0!w000255__enterprise,enterprise,3,330,plb_nclass,finish,,,,"{""enterprise"": 4, ""freemium"": 3, ""mixed"": 0, ""premium"": 1}","{""0"": 7, ""1"": 10, ""2"": 7, ""3"": 6, ""4"": 9, ""5"": 7, ""6"": 8, ""7"": 7}","{""0"": {""enterprise"": 4, ""freemium"": 0, ""premium"": 3}, ""1"": {""premium"": 1, ""freemium"": 9}, ""2"": {""freemium"": 6, ""premium"": 1}, ""3"": {""freemium"": 0, ""enterprise"": 6}, ""4"": {""enterprise"": 0, ""freemium"": 0, ""premium"": 9}, ""5"": {""premium"": 0, ""enterprise"": 7}, ""6"": {""enterprise"": 6, ""freemium"": 2}, ""7"": {""premium"": 2, ""freemium"": 5}}"
100.522779,finish,w0!w000299__freemium,freemium,1,141,plb_nclass,finish,,,,"{""enterprise"": 4, ""freemium"": 3, ""mixed"": 0, ""premium"": 1}","{""0"": 7, ""1"": 9, ""2"": 7, ""3"": 6, ""4"": 9, ""5"": 7, ""6"": 8, ""7"": 7}","{""0"": {""enterprise"": 4, ""freemium"": 0, ""premium"": 3}, ""1"": {""premium"": 1, ""freemium"": 8}, ""2"": {""freemium"": 6, ""premium"": 1}, ""3"": {""freemium"": 0, ""enterprise"": 6}, ""4"": {""enterprise"": 0, ""freemium"": 0, ""premium"": 9}, ""5"": {""premium"": 0, ""enterprise"": 7}, ""6"": {""enterprise"": 6, ""freemium"": 2}, ""7"": {""premium"": 2, ""freemium"": 5}}"
100.737683,start,w0!w000338__premium,premium,4,442,plb_nclass,own_pool,premium,premium,under_theta,"{""enterprise"": 4, ""freemium"": 3, ""mixed"": 0, ""premium"": 1}","{""0"": 7, ""1"": 9, ""2"": 7, ""3"": 6, ""4"": 10, ""5"": 7, ""6"": 8, ""7"": 7}","{""0"": {""enterprise"": 4, ""freemium"": 0, ""premium"": 3}, ""1"": {""premium"": 1, ""freemium"": 8}, ""2"": {""freemium"": 6, ""premium"": 1}, ""3"": {""freemium"": 0, ""enterprise"": 6}, ""4"": {""enterprise"": 0, ""freemium"": 0, ""premium"": 10}, ""5"": {""premium"": 0, ""enterprise"": 7}, ""6"": {""enterprise"": 6, ""freemium"": 2}, ""7"": {""premium"": 2, ""freemium"": 5}}"
100.773826,start,w0!w000339__freemium,freemium,2,248,plb_nclass,own_pool,freemium,freemium,under_theta,"{""enterprise"": 4, ""freemium"": 3, ""mixed"": 0, ""premium"": 1}","{""0"": 7, ""1"": 9, ""2"": 8, ""3"": 6, ""4"": 10, ""5"": 7, ""6"": 8, ""7"": 7}","{""0"": {""enterprise"": 4, ""freemium"": 0, ""premium"": 3}, ""1"": {""premium"": 1, ""freemium"": 8}, ""2"": {""freemium"": 7, ""premium"": 1}, ""3"": {""freemium"": 0, ""enterprise"": 6}, ""4"": {""enterprise"": 0, ""freemium"": 0, ""premium"": 10}, ""5"": {""premium"": 0, ""enterprise"": 7}, ""6"": {""enterprise"": 6, ""freemium"": 2}, ""7"": {""premium"": 2, ""freemium"": 5}}"
100.844318,start,w0!w000340__premium,premium,7,739,plb_nclass,borrow_lower,freemium,premium,load_first,"{""enterprise"": 4, ""freemium"": 2, ""mixed"": 0, ""premium"": 2}","{""0"": 7, ""1"": 9, ""2"": 8, ""3"": 6, ""4"": 10, ""5"": 7, ""6"": 8, ""7"": 8}","{""0"": {""enterprise"": 4, ""freemium"": 0, ""premium"": 3}, ""1"": {""premium"": 1, ""freemium"": 8}, ""2"": {""freemium"": 7, ""premium"": 1}, ""3"": {""freemium"": 0, ""enterprise"": 6}, ""4"": {""enterprise"": 0, ""freemium"": 0, ""premium"": 10}, ""5"": {""premium"": 0, ""enterprise"": 7}, ""6"": {""enterprise"": 6, ""freemium"": 2}, ""7"": {""premium"": 3, ""freemium"": 5}}"
100.900786,start,w0!w000341__premium,premium,7,740,plb_nclass,own_pool,premium,premium,under_theta,"{""enterprise"": 4, ""freemium"": 2, ""mixed"": 0, ""premium"": 2}","{""0"": 7, ""1"": 9, ""2"": 8, ""3"": 6, ""4"": 10, ""5"": 7, ""6"": 8, ""7"": 9}","{""0"": {""enterprise"": 4, ""freemium"": 0, ""premium"": 3}, ""1"": {""premium"": 1, ""freemium"": 8}, ""2"": {""freemium"": 7, ""premium"": 1}, ""3"": {""freemium"": 0, ""enterprise"": 6}, ""4"": {""enterprise"": 0, ""freemium"": 0, ""premium"": 10}, ""5"": {""premium"": 0, ""enterprise"": 7}, ""6"": {""enterprise"": 6, ""freemium"": 2}, ""7"": {""premium"": 4, ""freemium"": 5}}"
100.908106,finish,w0!w000285__premium,premium,2,241,plb_nclass,finish,,,,"{""enterprise"": 4, ""freemium"": 2, ""mixed"": 0, ""premium"": 2}","{""0"": 7, ""1"": 9, ""2"": 7, ""3"": 6, ""4"": 10, ""5"": 7, ""6"": 8, ""7"": 9}","{""0"": {""enterprise"": 4, ""freemium"": 0, ""premium"": 3}, ""1"": {""premium"": 1, ""freemium"": 8}, ""2"": {""freemium"": 7, ""premium"": 0}, ""3"": {""freemium"": 0, ""enterprise"": 6}, ""4"": {""enterprise"": 0, ""freemium"": 0, ""premium"": 10}, ""5"": {""premium"": 0, ""enterprise"": 7}, ""6"": {""enterprise"": 6, ""freemium"": 2}, ""7"": {""premium"": 4, ""freemium"": 5}}"
101.247061,finish,w0!w000283__freemium,freemium,7,734,plb_nclass,finish,,,,"{""enterprise"": 4, ""freemium"": 2, ""mixed"": 0, ""premium"": 2}","{""0"": 7, ""1"": 9, ""2"": 7, ""3"": 6, ""4"": 10, ""5"": 7, ""6"": 8, ""7"": 8}","{""0"": {""enterprise"": 4, ""freemium"": 0, ""premium"": 3}, ""1"": {""premium"": 1, ""freemium"": 8}, ""2"": {""freemium"": 7, ""premium"": 0}, ""3"": {""freemium"": 0, ""enterprise"": 6}, ""4"": {""enterprise"": 0, ""freemium"": 0, ""premium"": 10}, ""5"": {""premium"": 0, ""enterprise"": 7}, ""6"": {""enterprise"": 6, ""freemium"": 2}, ""7"": {""premium"": 4, ""freemium"": 4}}"
101.361926,finish,w0!w000305__freemium,freemium,1,142,plb_nclass,finish,,,,"{""enterprise"": 4, ""freemium"": 2, ""mixed"": 0, ""premium"": 2}","{""0"": 7, ""1"": 8, ""2"": 7, ""3"": 6, ""4"": 10, ""5"": 7, ""6"": 8, ""7"": 8}","{""0"": {""enterprise"": 4, ""freemium"": 0, ""premium"": 3}, ""1"": {""premium"": 1, ""freemium"": 7}, ""2"": {""freemium"": 7, ""premium"": 0}, ""3"": {""freemium"": 0, ""enterprise"": 6}, ""4"": {""enterprise"": 0, ""freemium"": 0, ""premium"": 10}, ""5"": {""premium"": 0, ""enterprise"": 7}, ""6"": {""enterprise"": 6, ""freemium"": 2}, ""7"": {""premium"": 4, ""freemium"": 4}}"
101.474072,finish,w0!w000291__enterprise,enterprise,5,532,plb_nclass,finish,,,,"{""enterprise"": 4, ""freemium"": 2, ""mixed"": 0, ""premium"": 2}","{""0"": 7, ""1"": 8, ""2"": 7, ""3"": 6, ""4"": 10, ""5"": 6, ""6"": 8, ""7"": 8}","{""0"": {""enterprise"": 4, ""freemium"": 0, ""premium"": 3}, ""1"": {""premium"": 1, ""freemium"": 7}, ""2"": {""freemium"": 7, ""premium"": 0}, ""3"": {""freemium"": 0, ""enterprise"": 6}, ""4"": {""enterprise"": 0, ""freemium"": 0, ""premium"": 10}, ""5"": {""premium"": 0, ""enterprise"": 6}, ""6"": {""enterprise"": 6, ""freemium"": 2}, ""7"": {""premium"": 4, ""freemium"": 4}}"
101.835386,finish,w0!w000293__freemium,freemium,6,631,plb_nclass,finish,,,,"{""enterprise"": 4, ""freemium"": 2, ""mixed"": 0, ""premium"": 2}","{""0"": 7, ""1"": 8, ""2"": 7, ""3"": 6, ""4"": 10, ""5"": 6, ""6"": 7, ""7"": 8}","{""0"": {""enterprise"": 4, ""freemium"": 0, ""premium"": 3}, ""1"": {""premium"": 1, ""freemium"": 7}, ""2"": {""freemium"": 7, ""premium"": 0}, ""3"": {""freemium"": 0, ""enterprise"": 6}, ""4"": {""enterprise"": 0, ""freemium"": 0, ""premium"": 10}, ""5"": {""premium"": 0, ""enterprise"": 6}, ""6"": {""enterprise"": 6, ""freemium"": 1}, ""7"": {""premium"": 4, ""freemium"": 4}}"
101.973558,finish,w0!w000303__enterprise,enterprise,5,534,plb_nclass,finish,,,,"{""enterprise"": 4, ""freemium"": 2, ""mixed"": 0, ""premium"": 2}","{""0"": 7, ""1"": 8, ""2"": 7, ""3"": 6, ""4"": 10, ""5"": 5, ""6"": 7, ""7"": 8}","{""0"": {""enterprise"": 4, ""freemium"": 0, ""premium"": 3}, ""1"": {""premium"": 1, ""freemium"": 7}, ""2"": {""freemium"": 7, ""premium"": 0}, ""3"": {""freemium"": 0, ""enterprise"": 6}, ""4"": {""enterprise"": 0, ""freemium"": 0, ""premium"": 10}, ""5"": {""premium"": 0, ""enterprise"": 5}, ""6"": {""enterprise"": 6, ""freemium"": 1}, ""7"": {""premium"": 4, ""freemium"": 4}}"
102.248415,finish,w0!w000265__enterprise,enterprise,3,332,plb_nclass,finish,,,,"{""enterprise"": 4, ""freemium"": 2, ""mixed"": 0, ""premium"": 2}","{""0"": 7, ""1"": 8, ""2"": 7, ""3"": 5, ""4"": 10, ""5"": 5, ""6"": 7, ""7"": 8}","{""0"": {""enterprise"": 4, ""freemium"": 0, ""premium"": 3}, ""1"": {""premium"": 1, ""freemium"": 7}, ""2"": {""freemium"": 7, ""premium"": 0}, ""3"": {""freemium"": 0, ""enterprise"": 5}, ""4"": {""enterprise"": 0, ""freemium"": 0, ""premium"": 10}, ""5"": {""premium"": 0, ""enterprise"": 5}, ""6"": {""enterprise"": 6, ""freemium"": 1}, ""7"": {""premium"": 4, ""freemium"": 4}}"
102.251857,start,w0!w000342__freemium,freemium,2,249,plb_nclass,own_pool,freemium,freemium,under_theta,"{""enterprise"": 4, ""freemium"": 2, ""mixed"": 0, ""premium"": 2}","{""0"": 7, ""1"": 8, ""2"": 8, ""3"": 5, ""4"": 10, ""5"": 5, ""6"": 7, ""7"": 8}","{""0"": {""enterprise"": 4, ""freemium"": 0, ""premium"": 3}, ""1"": {""premium"": 1, ""freemium"": 7}, ""2"": {""freemium"": 8, ""premium"": 0}, ""3"": {""freemium"": 0, ""enterprise"": 5}, ""4"": {""enterprise"": 0, ""freemium"": 0, ""premium"": 10}, ""5"": {""premium"": 0, ""enterprise"": 5}, ""6"": {""enterprise"": 6, ""freemium"": 1}, ""7"": {""premium"": 4, ""freemium"": 4}}"
102.34049,start,w0!w000343__freemium,freemium,1,149,plb_nclass,own_pool,freemium,freemium,under_theta,"{""enterprise"": 4, ""freemium"": 2, ""mixed"": 0, ""premium"": 2}","{""0"": 7, ""1"": 9, ""2"": 8, ""3"": 5, ""4"": 10, ""5"": 5, ""6"": 7, ""7"": 8}","{""0"": {""enterprise"": 4, ""freemium"": 0, ""premium"": 3}, ""1"": {""premium"": 1, ""freemium"": 8}, ""2"": {""freemium"": 8, ""premium"": 0}, ""3"": {""freemium"": 0, ""enterprise"": 5}, ""4"": {""enterprise"": 0, ""freemium"": 0, ""premium"": 10}, ""5"": {""premium"": 0, ""enterprise"": 5}, ""6"": {""enterprise"": 6, ""freemium"": 1}, ""7"": {""premium"": 4, ""freemium"": 4}}"
102.454741,start,w0!w000344__freemium,freemium,2,250,plb_nclass,own_pool,freemium,freemium,under_theta,"{""enterprise"": 4, ""freemium"": 2, ""mixed"": 0, ""premium"": 2}","{""0"": 7, ""1"": 9, ""2"": 9, ""3"": 5, ""4"": 10, ""5"": 5, ""6"": 7, ""7"": 8}","{""0"": {""enterprise"": 4, ""freemium"": 0, ""premium"": 3}, ""1"": {""premium"": 1, ""freemium"": 8}, ""2"": {""freemium"": 9, ""premium"": 0}, ""3"": {""freemium"": 0, ""enterprise"": 5}, ""4"": {""enterprise"": 0, ""freemium"": 0, ""premium"": 10}, ""5"": {""premium"": 0, ""enterprise"": 5}, ""6"": {""enterprise"": 6, ""freemium"": 1}, ""7"": {""premium"": 4, ""freemium"": 4}}"
102.487672,start,w0!w000345__freemium,freemium,1,150,plb_nclass,own_pool,freemium,freemium,under_theta,"{""enterprise"": 4, ""freemium"": 2, ""mixed"": 0, ""premium"": 2}","{""0"": 7, ""1"": 10, ""2"": 9, ""3"": 5, ""4"": 10, ""5"": 5, ""6"": 7, ""7"": 8}","{""0"": {""enterprise"": 4, ""freemium"": 0, ""premium"": 3}, ""1"": {""premium"": 1, ""freemium"": 9}, ""2"": {""freemium"": 9, ""premium"": 0}, ""3"": {""freemium"": 0, ""enterprise"": 5}, ""4"": {""enterprise"": 0, ""freemium"": 0, ""premium"": 10}, ""5"": {""premium"": 0, ""enterprise"": 5}, ""6"": {""enterprise"": 6, ""freemium"": 1}, ""7"": {""premium"": 4, ""freemium"": 4}}"
102.813293,start,w0!w000346__premium,premium,7,741,plb_nclass,own_pool,premium,premium,under_theta,"{""enterprise"": 4, ""freemium"": 2, ""mixed"": 0, ""premium"": 2}","{""0"": 7, ""1"": 10, ""2"": 9, ""3"": 5, ""4"": 10, ""5"": 5, ""6"": 7, ""7"": 9}","{""0"": {""enterprise"": 4, ""freemium"": 0, ""premium"": 3}, ""1"": {""premium"": 1, ""freemium"": 9}, ""2"": {""freemium"": 9, ""premium"": 0}, ""3"": {""freemium"": 0, ""enterprise"": 5}, ""4"": {""enterprise"": 0, ""freemium"": 0, ""premium"": 10}, ""5"": {""premium"": 0, ""enterprise"": 5}, ""6"": {""enterprise"": 6, ""freemium"": 1}, ""7"": {""premium"": 5, ""freemium"": 4}}"
103.040882,finish,w0!w000302__enterprise,enterprise,3,338,plb_nclass,finish,,,,"{""enterprise"": 4, ""freemium"": 2, ""mixed"": 0, ""premium"": 2}","{""0"": 7, ""1"": 10, ""2"": 9, ""3"": 4, ""4"": 10, ""5"": 5, ""6"": 7, ""7"": 9}","{""0"": {""enterprise"": 4, ""freemium"": 0, ""premium"": 3}, ""1"": {""premium"": 1, ""freemium"": 9}, ""2"": {""freemium"": 9, ""premium"": 0}, ""3"": {""freemium"": 0, ""enterprise"": 4}, ""4"": {""enterprise"": 0, ""freemium"": 0, ""premium"": 10}, ""5"": {""premium"": 0, ""enterprise"": 5}, ""6"": {""enterprise"": 6, ""freemium"": 1}, ""7"": {""premium"": 5, ""freemium"": 4}}"
103.065914,finish,w0!w000300__premium,premium,4,437,plb_nclass,finish,,,,"{""enterprise"": 4, ""freemium"": 2, ""mixed"": 0, ""premium"": 2}","{""0"": 7, ""1"": 10, ""2"": 9, ""3"": 4, ""4"": 9, ""5"": 5, ""6"": 7, ""7"": 9}","{""0"": {""enterprise"": 4, ""freemium"": 0, ""premium"": 3}, ""1"": {""premium"": 1, ""freemium"": 9}, ""2"": {""freemium"": 9, ""premium"": 0}, ""3"": {""freemium"": 0, ""enterprise"": 4}, ""4"": {""enterprise"": 0, ""freemium"": 0, ""premium"": 9}, ""5"": {""premium"": 0, ""enterprise"": 5}, ""6"": {""enterprise"": 6, ""freemium"": 1}, ""7"": {""premium"": 5, ""freemium"": 4}}"
103.075639,start,w0!w000347__enterprise,enterprise,3,341,plb_nclass,own_pool,enterprise,enterprise,under_theta,"{""enterprise"": 4, ""freemium"": 2, ""mixed"": 0, ""premium"": 2}","{""0"": 7, ""1"": 10, ""2"": 9, ""3"": 5, ""4"": 9, ""5"": 5, ""6"": 7, ""7"": 9}","{""0"": {""enterprise"": 4, ""freemium"": 0, ""premium"": 3}, ""1"": {""premium"": 1, ""freemium"": 9}, ""2"": {""freemium"": 9, ""premium"": 0}, ""3"": {""freemium"": 0, ""enterprise"": 5}, ""4"": {""enterprise"": 0, ""freemium"": 0, ""premium"": 9}, ""5"": {""premium"": 0, ""enterprise"": 5}, ""6"": {""enterprise"": 6, ""freemium"": 1}, ""7"": {""premium"": 5, ""freemium"": 4}}"
103.128361,finish,w0!w000296__freemium,freemium,2,242,plb_nclass,finish,,,,"{""enterprise"": 4, ""freemium"": 2, ""mixed"": 0, ""premium"": 2}","{""0"": 7, ""1"": 10, ""2"": 8, ""3"": 5, ""4"": 9, ""5"": 5, ""6"": 7, ""7"": 9}","{""0"": {""enterprise"": 4, ""freemium"": 0, ""premium"": 3}, ""1"": {""premium"": 1, ""freemium"": 9}, ""2"": {""freemium"": 8, ""premium"": 0}, ""3"": {""freemium"": 0, ""enterprise"": 5}, ""4"": {""enterprise"": 0, ""freemium"": 0, ""premium"": 9}, ""5"": {""premium"": 0, ""enterprise"": 5}, ""6"": {""enterprise"": 6, ""freemium"": 1}, ""7"": {""premium"": 5, ""freemium"": 4}}"
103.273388,finish,w0!w000288__premium,premium,4,434,plb_nclass,finish,,,,"{""enterprise"": 4, ""freemium"": 2, ""mixed"": 0, ""premium"": 2}","{""0"": 7, ""1"": 10, ""2"": 8, ""3"": 5, ""4"": 8, ""5"": 5, ""6"": 7, ""7"": 9}","{""0"": {""enterprise"": 4, ""freemium"": 0, ""premium"": 3}, ""1"": {""premium"": 1, ""freemium"": 9}, ""2"": {""freemium"": 8, ""premium"": 0}, ""3"": {""freemium"": 0, ""enterprise"": 5}, ""4"": {""enterprise"": 0, ""freemium"": 0, ""premium"": 8}, ""5"": {""premium"": 0, ""enterprise"": 5}, ""6"": {""enterprise"": 6, ""freemium"": 1}, ""7"": {""premium"": 5, ""freemium"": 4}}"
103.302751,start,w0!w000348__premium,premium,4,443,plb_nclass,own_pool,premium,premium,under_theta,"{""enterprise"": 4, ""freemium"": 2, ""mixed"": 0, ""premium"": 2}","{""0"": 7, ""1"": 10, ""2"": 8, ""3"": 5, ""4"": 9, ""5"": 5, ""6"": 7, ""7"": 9}","{""0"": {""enterprise"": 4, ""freemium"": 0, ""premium"": 3}, ""1"": {""premium"": 1, ""freemium"": 9}, ""2"": {""freemium"": 8, ""premium"": 0}, ""3"": {""freemium"": 0, ""enterprise"": 5}, ""4"": {""enterprise"": 0, ""freemium"": 0, ""premium"": 9}, ""5"": {""premium"": 0, ""enterprise"": 5}, ""6"": {""enterprise"": 6, ""freemium"": 1}, ""7"": {""premium"": 5, ""freemium"": 4}}"
103.311231,start,w0!w000349__premium,premium,4,444,plb_nclass,own_pool,premium,premium,under_theta,"{""enterprise"": 4, ""freemium"": 2, ""mixed"": 0, ""premium"": 2}","{""0"": 7, ""1"": 10, ""2"": 8, ""3"": 5, ""4"": 10, ""5"": 5, ""6"": 7, ""7"": 9}","{""0"": {""enterprise"": 4, ""freemium"": 0, ""premium"": 3}, ""1"": {""premium"": 1, ""freemium"": 9}, ""2"": {""freemium"": 8, ""premium"": 0}, ""3"": {""freemium"": 0, ""enterprise"": 5}, ""4"": {""enterprise"": 0, ""freemium"": 0, ""premium"": 10}, ""5"": {""premium"": 0, ""enterprise"": 5}, ""6"": {""enterprise"": 6, ""freemium"": 1}, ""7"": {""premium"": 5, ""freemium"": 4}}"
103.756105,finish,w0!w000297__freemium,freemium,1,140,plb_nclass,finish,,,,"{""enterprise"": 4, ""freemium"": 2, ""mixed"": 0, ""premium"": 2}","{""0"": 7, ""1"": 9, ""2"": 8, ""3"": 5, ""4"": 10, ""5"": 5, ""6"": 7, ""7"": 9}","{""0"": {""enterprise"": 4, ""freemium"": 0, ""premium"": 3}, ""1"": {""premium"": 1, ""freemium"": 8}, ""2"": {""freemium"": 8, ""premium"": 0}, ""3"": {""freemium"": 0, ""enterprise"": 5}, ""4"": {""enterprise"": 0, ""freemium"": 0, ""premium"": 10}, ""5"": {""premium"": 0, ""enterprise"": 5}, ""6"": {""enterprise"": 6, ""freemium"": 1}, ""7"": {""premium"": 5, ""freemium"": 4}}"
103.97488,start,w0!w000350__enterprise,enterprise,3,342,plb_nclass,own_pool,enterprise,enterprise,under_theta,"{""enterprise"": 4, ""freemium"": 2, ""mixed"": 0, ""premium"": 2}","{""0"": 7, ""1"": 9, ""2"": 8, ""3"": 6, ""4"": 10, ""5"": 5, ""6"": 7, ""7"": 9}","{""0"": {""enterprise"": 4, ""freemium"": 0, ""premium"": 3}, ""1"": {""premium"": 1, ""freemium"": 8}, ""2"": {""freemium"": 8, ""premium"": 0}, ""3"": {""freemium"": 0, ""enterprise"": 6}, ""4"": {""enterprise"": 0, ""freemium"": 0, ""premium"": 10}, ""5"": {""premium"": 0, ""enterprise"": 5}, ""6"": {""enterprise"": 6, ""freemium"": 1}, ""7"": {""premium"": 5, ""freemium"": 4}}"
104.126314,finish,w0!w000314__enterprise,enterprise,5,536,plb_nclass,finish,,,,"{""enterprise"": 4, ""freemium"": 2, ""mixed"": 0, ""premium"": 2}","{""0"": 7, ""1"": 9, ""2"": 8, ""3"": 6, ""4"": 10, ""5"": 4, ""6"": 7, ""7"": 9}","{""0"": {""enterprise"": 4, ""freemium"": 0, ""premium"": 3}, ""1"": {""premium"": 1, ""freemium"": 8}, ""2"": {""freemium"": 8, ""premium"": 0}, ""3"": {""freemium"": 0, ""enterprise"": 6}, ""4"": {""enterprise"": 0, ""freemium"": 0, ""premium"": 10}, ""5"": {""premium"": 0, ""enterprise"": 4}, ""6"": {""enterprise"": 6, ""freemium"": 1}, ""7"": {""premium"": 5, ""freemium"": 4}}"
104.186985,finish,w0!w000287__enterprise,enterprise,5,531,plb_nclass,finish,,,,"{""enterprise"": 4, ""freemium"": 2, ""mixed"": 0, ""premium"": 2}","{""0"": 7, ""1"": 9, ""2"": 8, ""3"": 6, ""4"": 10, ""5"": 3, ""6"": 7, ""7"": 9}","{""0"": {""enterprise"": 4, ""freemium"": 0, ""premium"": 3}, ""1"": {""premium"": 1, ""freemium"": 8}, ""2"": {""freemium"": 8, ""premium"": 0}, ""3"": {""freemium"": 0, ""enterprise"": 6}, ""4"": {""enterprise"": 0, ""freemium"": 0, ""premium"": 10}, ""5"": {""premium"": 0, ""enterprise"": 3}, ""6"": {""enterprise"": 6, ""freemium"": 1}, ""7"": {""premium"": 5, ""freemium"": 4}}"
104.242694,finish,w0!w000275__enterprise,enterprise,6,627,plb_nclass,finish,,,,"{""enterprise"": 4, ""freemium"": 2, ""mixed"": 0, ""premium"": 2}","{""0"": 7, ""1"": 9, ""2"": 8, ""3"": 6, ""4"": 10, ""5"": 3, ""6"": 6, ""7"": 9}","{""0"": {""enterprise"": 4, ""freemium"": 0, ""premium"": 3}, ""1"": {""premium"": 1, ""freemium"": 8}, ""2"": {""freemium"": 8, ""premium"": 0}, ""3"": {""freemium"": 0, ""enterprise"": 6}, ""4"": {""enterprise"": 0, ""freemium"": 0, ""premium"": 10}, ""5"": {""premium"": 0, ""enterprise"": 3}, ""6"": {""enterprise"": 5, ""freemium"": 1}, ""7"": {""premium"": 5, ""freemium"": 4}}"
104.269934,start,w0!w000351__freemium,freemium,2,251,plb_nclass,own_pool,freemium,freemium,under_theta,"{""enterprise"": 4, ""freemium"": 2, ""mixed"": 0, ""premium"": 2}","{""0"": 7, ""1"": 9, ""2"": 9, ""3"": 6, ""4"": 10, ""5"": 3, ""6"": 6, ""7"": 9}","{""0"": {""enterprise"": 4, ""freemium"": 0, ""premium"": 3}, ""1"": {""premium"": 1, ""freemium"": 8}, ""2"": {""freemium"": 9, ""premium"": 0}, ""3"": {""freemium"": 0, ""enterprise"": 6}, ""4"": {""enterprise"": 0, ""freemium"": 0, ""premium"": 10}, ""5"": {""premium"": 0, ""enterprise"": 3}, ""6"": {""enterprise"": 5, ""freemium"": 1}, ""7"": {""premium"": 5, ""freemium"": 4}}"
104.325408,finish,w0!w000263__enterprise,enterprise,6,626,plb_nclass,finish,,,,"{""enterprise"": 4, ""freemium"": 2, ""mixed"": 0, ""premium"": 2}","{""0"": 7, ""1"": 9, ""2"": 9, ""3"": 6, ""4"": 10, ""5"": 3, ""6"": 5, ""7"": 9}","{""0"": {""enterprise"": 4, ""freemium"": 0, ""premium"": 3}, ""1"": {""premium"": 1, ""freemium"": 8}, ""2"": {""freemium"": 9, ""premium"": 0}, ""3"": {""freemium"": 0, ""enterprise"": 6}, ""4"": {""enterprise"": 0, ""freemium"": 0, ""premium"": 10}, ""5"": {""premium"": 0, ""enterprise"": 3}, ""6"": {""enterprise"": 4, ""freemium"": 1}, ""7"": {""premium"": 5, ""freemium"": 4}}"
104.348294,start,w0!w000352__freemium,freemium,1,151,plb_nclass,own_pool,freemium,freemium,under_theta,"{""enterprise"": 4, ""freemium"": 2, ""mixed"": 0, ""premium"": 2}","{""0"": 7, ""1"": 10, ""2"": 9, ""3"": 6, ""4"": 10, ""5"": 3, ""6"": 5, ""7"": 9}","{""0"": {""enterprise"": 4, ""freemium"": 0, ""premium"": 3}, ""1"": {""premium"": 1, ""freemium"": 9}, ""2"": {""freemium"": 9, ""premium"": 0}, ""3"": {""freemium"": 0, ""enterprise"": 6}, ""4"": {""enterprise"": 0, ""freemium"": 0, ""premium"": 10}, ""5"": {""premium"": 0, ""enterprise"": 3}, ""6"": {""enterprise"": 4, ""freemium"": 1}, ""7"": {""premium"": 5, ""freemium"": 4}}"
104.374208,start,w0!w000353__premium,premium,7,742,plb_nclass,own_pool,premium,premium,under_theta,"{""enterprise"": 4, ""freemium"": 2, ""mixed"": 0, ""premium"": 2}","{""0"": 7, ""1"": 10, ""2"": 9, ""3"": 6, ""4"": 10, ""5"": 3, ""6"": 5, ""7"": 10}","{""0"": {""enterprise"": 4, ""freemium"": 0, ""premium"": 3}, ""1"": {""premium"": 1, ""freemium"": 9}, ""2"": {""freemium"": 9, ""premium"": 0}, ""3"": {""freemium"": 0, ""enterprise"": 6}, ""4"": {""enterprise"": 0, ""freemium"": 0, ""premium"": 10}, ""5"": {""premium"": 0, ""enterprise"": 3}, ""6"": {""enterprise"": 4, ""freemium"": 1}, ""7"": {""premium"": 6, ""freemium"": 4}}"
104.615714,start,w0!w000354__freemium,freemium,2,252,plb_nclass,own_pool,freemium,freemium,under_theta,"{""enterprise"": 4, ""freemium"": 2, ""mixed"": 0, ""premium"": 2}","{""0"": 7, ""1"": 10, ""2"": 10, ""3"": 6, ""4"": 10, ""5"": 3, ""6"": 5, ""7"": 10}","{""0"": {""enterprise"": 4, ""freemium"": 0, ""premium"": 3}, ""1"": {""premium"": 1, ""freemium"": 9}, ""2"": {""freemium"": 10, ""premium"": 0}, ""3"": {""freemium"": 0, ""enterprise"": 6}, ""4"": {""enterprise"": 0, ""freemium"": 0, ""premium"": 10}, ""5"": {""premium"": 0, ""enterprise"": 3}, ""6"": {""enterprise"": 4, ""freemium"": 1}, ""7"": {""premium"": 6, ""freemium"": 4}}"
104.618133,start,w0!w000355__premium,premium,5,539,plb_nclass,borrow_higher_surplus,enterprise,premium,safe_surplus,"{""enterprise"": 3, ""freemium"": 2, ""mixed"": 0, ""premium"": 3}","{""0"": 7, ""1"": 10, ""2"": 10, ""3"": 6, ""4"": 10, ""5"": 4, ""6"": 5, ""7"": 10}","{""0"": {""enterprise"": 4, ""freemium"": 0, ""premium"": 3}, ""1"": {""premium"": 1, ""freemium"": 9}, ""2"": {""freemium"": 10, ""premium"": 0}, ""3"": {""freemium"": 0, ""enterprise"": 6}, ""4"": {""enterprise"": 0, ""freemium"": 0, ""premium"": 10}, ""5"": {""premium"": 1, ""enterprise"": 3}, ""6"": {""enterprise"": 4, ""freemium"": 1}, ""7"": {""premium"": 6, ""freemium"": 4}}"
104.806025,finish,w0!w000292__premium,premium,4,435,plb_nclass,finish,,,,"{""enterprise"": 3, ""freemium"": 2, ""mixed"": 0, ""premium"": 3}","{""0"": 7, ""1"": 10, ""2"": 10, ""3"": 6, ""4"": 9, ""5"": 4, ""6"": 5, ""7"": 10}","{""0"": {""enterprise"": 4, ""freemium"": 0, ""premium"": 3}, ""1"": {""premium"": 1, ""freemium"": 9}, ""2"": {""freemium"": 10, ""premium"": 0}, ""3"": {""freemium"": 0, ""enterprise"": 6}, ""4"": {""enterprise"": 0, ""freemium"": 0, ""premium"": 9}, ""5"": {""premium"": 1, ""enterprise"": 3}, ""6"": {""enterprise"": 4, ""freemium"": 1}, ""7"": {""premium"": 6, ""freemium"": 4}}"
105.270463,finish,w0!w000310__freemium,freemium,2,243,plb_nclass,finish,,,,"{""enterprise"": 3, ""freemium"": 2, ""mixed"": 0, ""premium"": 3}","{""0"": 7, ""1"": 10, ""2"": 9, ""3"": 6, ""4"": 9, ""5"": 4, ""6"": 5, ""7"": 10}","{""0"": {""enterprise"": 4, ""freemium"": 0, ""premium"": 3}, ""1"": {""premium"": 1, ""freemium"": 9}, ""2"": {""freemium"": 9, ""premium"": 0}, ""3"": {""freemium"": 0, ""enterprise"": 6}, ""4"": {""enterprise"": 0, ""freemium"": 0, ""premium"": 9}, ""5"": {""premium"": 1, ""enterprise"": 3}, ""6"": {""enterprise"": 4, ""freemium"": 1}, ""7"": {""premium"": 6, ""freemium"": 4}}"
105.344816,start,w0!w000356__enterprise,enterprise,6,635,plb_nclass,own_pool,enterprise,enterprise,under_theta,"{""enterprise"": 3, ""freemium"": 2, ""mixed"": 0, ""premium"": 3}","{""0"": 7, ""1"": 10, ""2"": 9, ""3"": 6, ""4"": 9, ""5"": 4, ""6"": 6, ""7"": 10}","{""0"": {""enterprise"": 4, ""freemium"": 0, ""premium"": 3}, ""1"": {""premium"": 1, ""freemium"": 9}, ""2"": {""freemium"": 9, ""premium"": 0}, ""3"": {""freemium"": 0, ""enterprise"": 6}, ""4"": {""enterprise"": 0, ""freemium"": 0, ""premium"": 9}, ""5"": {""premium"": 1, ""enterprise"": 3}, ""6"": {""enterprise"": 5, ""freemium"": 1}, ""7"": {""premium"": 6, ""freemium"": 4}}"
105.55806,finish,w0!w000294__premium,premium,7,735,plb_nclass,finish,,,,"{""enterprise"": 3, ""freemium"": 2, ""mixed"": 0, ""premium"": 3}","{""0"": 7, ""1"": 10, ""2"": 9, ""3"": 6, ""4"": 9, ""5"": 4, ""6"": 6, ""7"": 9}","{""0"": {""enterprise"": 4, ""freemium"": 0, ""premium"": 3}, ""1"": {""premium"": 1, ""freemium"": 9}, ""2"": {""freemium"": 9, ""premium"": 0}, ""3"": {""freemium"": 0, ""enterprise"": 6}, ""4"": {""enterprise"": 0, ""freemium"": 0, ""premium"": 9}, ""5"": {""premium"": 1, ""enterprise"": 3}, ""6"": {""enterprise"": 5, ""freemium"": 1}, ""7"": {""premium"": 5, ""freemium"": 4}}"
105.606778,start,w0!w000357__premium,premium,5,540,plb_nclass,own_pool,premium,premium,under_theta,"{""enterprise"": 3, ""freemium"": 2, ""mixed"": 0, ""premium"": 3}","{""0"": 7, ""1"": 10, ""2"": 9, ""3"": 6, ""4"": 9, ""5"": 5, ""6"": 6, ""7"": 9}","{""0"": {""enterprise"": 4, ""freemium"": 0, ""premium"": 3}, ""1"": {""premium"": 1, ""freemium"": 9}, ""2"": {""freemium"": 9, ""premium"": 0}, ""3"": {""freemium"": 0, ""enterprise"": 6}, ""4"": {""enterprise"": 0, ""freemium"": 0, ""premium"": 9}, ""5"": {""premium"": 2, ""enterprise"": 3}, ""6"": {""enterprise"": 5, ""freemium"": 1}, ""7"": {""premium"": 5, ""freemium"": 4}}"
105.643326,finish,w0!w000306__premium,premium,4,438,plb_nclass,finish,,,,"{""enterprise"": 3, ""freemium"": 2, ""mixed"": 0, ""premium"": 3}","{""0"": 7, ""1"": 10, ""2"": 9, ""3"": 6, ""4"": 8, ""5"": 5, ""6"": 6, ""7"": 9}","{""0"": {""enterprise"": 4, ""freemium"": 0, ""premium"": 3}, ""1"": {""premium"": 1, ""freemium"": 9}, ""2"": {""freemium"": 9, ""premium"": 0}, ""3"": {""freemium"": 0, ""enterprise"": 6}, ""4"": {""enterprise"": 0, ""freemium"": 0, ""premium"": 8}, ""5"": {""premium"": 2, ""enterprise"": 3}, ""6"": {""enterprise"": 5, ""freemium"": 1}, ""7"": {""premium"": 5, ""freemium"": 4}}"
105.82503,start,w0!w000358__freemium,freemium,2,253,plb_nclass,own_pool,freemium,freemium,under_theta,"{""enterprise"": 3, ""freemium"": 2, ""mixed"": 0, ""premium"": 3}","{""0"": 7, ""1"": 10, ""2"": 10, ""3"": 6, ""4"": 8, ""5"": 5, ""6"": 6, ""7"": 9}","{""0"": {""enterprise"": 4, ""freemium"": 0, ""premium"": 3}, ""1"": {""premium"": 1, ""freemium"": 9}, ""2"": {""freemium"": 10, ""premium"": 0}, ""3"": {""freemium"": 0, ""enterprise"": 6}, ""4"": {""enterprise"": 0, ""freemium"": 0, ""premium"": 8}, ""5"": {""premium"": 2, ""enterprise"": 3}, ""6"": {""enterprise"": 5, ""freemium"": 1}, ""7"": {""premium"": 5, ""freemium"": 4}}"
105.896895,start,w0!w000359__freemium,freemium,5,541,plb_nclass,borrow_higher_surplus,premium,freemium,safe_surplus,"{""enterprise"": 3, ""freemium"": 3, ""mixed"": 0, ""premium"": 2}","{""0"": 7, ""1"": 10, ""2"": 10, ""3"": 6, ""4"": 8, ""5"": 6, ""6"": 6, ""7"": 9}","{""0"": {""enterprise"": 4, ""freemium"": 0, ""premium"": 3}, ""1"": {""premium"": 1, ""freemium"": 9}, ""2"": {""freemium"": 10, ""premium"": 0}, ""3"": {""freemium"": 0, ""enterprise"": 6}, ""4"": {""enterprise"": 0, ""freemium"": 0, ""premium"": 8}, ""5"": {""premium"": 2, ""enterprise"": 3, ""freemium"": 1}, ""6"": {""enterprise"": 5, ""freemium"": 1}, ""7"": {""premium"": 5, ""freemium"": 4}}"
106.19878,finish,w0!w000286__enterprise,enterprise,3,336,plb_nclass,finish,,,,"{""enterprise"": 3, ""freemium"": 3, ""mixed"": 0, ""premium"": 2}","{""0"": 7, ""1"": 10, ""2"": 10, ""3"": 5, ""4"": 8, ""5"": 6, ""6"": 6, ""7"": 9}","{""0"": {""enterprise"": 4, ""freemium"": 0, ""premium"": 3}, ""1"": {""premium"": 1, ""freemium"": 9}, ""2"": {""freemium"": 10, ""premium"": 0}, ""3"": {""freemium"": 0, ""enterprise"": 5}, ""4"": {""enterprise"": 0, ""freemium"": 0, ""premium"": 8}, ""5"": {""premium"": 2, ""enterprise"": 3, ""freemium"": 1}, ""6"": {""enterprise"": 5, ""freemium"": 1}, ""7"": {""premium"": 5, ""freemium"": 4}}"
106.382757,start,w0!w000360__enterprise,enterprise,3,343,plb_nclass,own_pool,enterprise,enterprise,under_theta,"{""enterprise"": 3, ""freemium"": 3, ""mixed"": 0, ""premium"": 2}","{""0"": 7, ""1"": 10, ""2"": 10, ""3"": 6, ""4"": 8, ""5"": 6, ""6"": 6, ""7"": 9}","{""0"": {""enterprise"": 4, ""freemium"": 0, ""premium"": 3}, ""1"": {""premium"": 1, ""freemium"": 9}, ""2"": {""freemium"": 10, ""premium"": 0}, ""3"": {""freemium"": 0, ""enterprise"": 6}, ""4"": {""enterprise"": 0, ""freemium"": 0, ""premium"": 8}, ""5"": {""premium"": 2, ""enterprise"": 3, ""freemium"": 1}, ""6"": {""enterprise"": 5, ""freemium"": 1}, ""7"": {""premium"": 5, ""freemium"": 4}}"
106.487181,start,w0!w000361__freemium,freemium,5,542,plb_nclass,own_pool,freemium,freemium,under_theta,"{""enterprise"": 3, ""freemium"": 3, ""mixed"": 0, ""premium"": 2}","{""0"": 7, ""1"": 10, ""2"": 10, ""3"": 6, ""4"": 8, ""5"": 7, ""6"": 6, ""7"": 9}","{""0"": {""enterprise"": 4, ""freemium"": 0, ""premium"": 3}, ""1"": {""premium"": 1, ""freemium"": 9}, ""2"": {""freemium"": 10, ""premium"": 0}, ""3"": {""freemium"": 0, ""enterprise"": 6}, ""4"": {""enterprise"": 0, ""freemium"": 0, ""premium"": 8}, ""5"": {""premium"": 2, ""enterprise"": 3, ""freemium"": 2}, ""6"": {""enterprise"": 5, ""freemium"": 1}, ""7"": {""premium"": 5, ""freemium"": 4}}"
106.648287,start,w0!w000362__enterprise,enterprise,3,344,plb_nclass,own_pool,enterprise,enterprise,under_theta,"{""enterprise"": 3, ""freemium"": 3, ""mixed"": 0, ""premium"": 2}","{""0"": 7, ""1"": 10, ""2"": 10, ""3"": 7, ""4"": 8, ""5"": 7, ""6"": 6, ""7"": 9}","{""0"": {""enterprise"": 4, ""freemium"": 0, ""premium"": 3}, ""1"": {""premium"": 1, ""freemium"": 9}, ""2"": {""freemium"": 10, ""premium"": 0}, ""3"": {""freemium"": 0, ""enterprise"": 7}, ""4"": {""enterprise"": 0, ""freemium"": 0, ""premium"": 8}, ""5"": {""premium"": 2, ""enterprise"": 3, ""freemium"": 2}, ""6"": {""enterprise"": 5, ""freemium"": 1}, ""7"": {""premium"": 5, ""freemium"": 4}}"
106.914113,finish,w0!w000280__enterprise,enterprise,6,628,plb_nclass,finish,,,,"{""enterprise"": 3, ""freemium"": 3, ""mixed"": 0, ""premium"": 2}","{""0"": 7, ""1"": 10, ""2"": 10, ""3"": 7, ""4"": 8, ""5"": 7, ""6"": 5, ""7"": 9}","{""0"": {""enterprise"": 4, ""freemium"": 0, ""premium"": 3}, ""1"": {""premium"": 1, ""freemium"": 9}, ""2"": {""freemium"": 10, ""premium"": 0}, ""3"": {""freemium"": 0, ""enterprise"": 7}, ""4"": {""enterprise"": 0, ""freemium"": 0, ""premium"": 8}, ""5"": {""premium"": 2, ""enterprise"": 3, ""freemium"": 2}, ""6"": {""enterprise"": 4, ""freemium"": 1}, ""7"": {""premium"": 5, ""freemium"": 4}}"
107.027365,start,w0!w000363__premium,premium,4,445,plb_nclass,own_pool,premium,premium,under_theta,"{""enterprise"": 3, ""freemium"": 3, ""mixed"": 0, ""premium"": 2}","{""0"": 7, ""1"": 10, ""2"": 10, ""3"": 7, ""4"": 9, ""5"": 7, ""6"": 5, ""7"": 9}","{""0"": {""enterprise"": 4, ""freemium"": 0, ""premium"": 3}, ""1"": {""premium"": 1, ""freemium"": 9}, ""2"": {""freemium"": 10, ""premium"": 0}, ""3"": {""freemium"": 0, ""enterprise"": 7}, ""4"": {""enterprise"": 0, ""freemium"": 0, ""premium"": 9}, ""5"": {""premium"": 2, ""enterprise"": 3, ""freemium"": 2}, ""6"": {""enterprise"": 4, ""freemium"": 1}, ""7"": {""premium"": 5, ""freemium"": 4}}"
107.076927,start,w0!w000364__premium,premium,4,446,plb_nclass,own_pool,premium,premium,under_theta,"{""enterprise"": 3, ""freemium"": 3, ""mixed"": 0, ""premium"": 2}","{""0"": 7, ""1"": 10, ""2"": 10, ""3"": 7, ""4"": 10, ""5"": 7, ""6"": 5, ""7"": 9}","{""0"": {""enterprise"": 4, ""freemium"": 0, ""premium"": 3}, ""1"": {""premium"": 1, ""freemium"": 9}, ""2"": {""freemium"": 10, ""premium"": 0}, ""3"": {""freemium"": 0, ""enterprise"": 7}, ""4"": {""enterprise"": 0, ""freemium"": 0, ""premium"": 10}, ""5"": {""premium"": 2, ""enterprise"": 3, ""freemium"": 2}, ""6"": {""enterprise"": 4, ""freemium"": 1}, ""7"": {""premium"": 5, ""freemium"": 4}}"
107.463831,start,w0!w000365__enterprise,enterprise,6,636,plb_nclass,own_pool,enterprise,enterprise,under_theta,"{""enterprise"": 3, ""freemium"": 3, ""mixed"": 0, ""premium"": 2}","{""0"": 7, ""1"": 10, ""2"": 10, ""3"": 7, ""4"": 10, ""5"": 7, ""6"": 6, ""7"": 9}","{""0"": {""enterprise"": 4, ""freemium"": 0, ""premium"": 3}, ""1"": {""premium"": 1, ""freemium"": 9}, ""2"": {""freemium"": 10, ""premium"": 0}, ""3"": {""freemium"": 0, ""enterprise"": 7}, ""4"": {""enterprise"": 0, ""freemium"": 0, ""premium"": 10}, ""5"": {""premium"": 2, ""enterprise"": 3, ""freemium"": 2}, ""6"": {""enterprise"": 5, ""freemium"": 1}, ""7"": {""premium"": 5, ""freemium"": 4}}"
107.499792,start,w0!w000366__premium,premium,7,743,plb_nclass,own_pool,premium,premium,under_theta,"{""enterprise"": 3, ""freemium"": 3, ""mixed"": 0, ""premium"": 2}","{""0"": 7, ""1"": 10, ""2"": 10, ""3"": 7, ""4"": 10, ""5"": 7, ""6"": 6, ""7"": 10}","{""0"": {""enterprise"": 4, ""freemium"": 0, ""premium"": 3}, ""1"": {""premium"": 1, ""freemium"": 9}, ""2"": {""freemium"": 10, ""premium"": 0}, ""3"": {""freemium"": 0, ""enterprise"": 7}, ""4"": {""enterprise"": 0, ""freemium"": 0, ""premium"": 10}, ""5"": {""premium"": 2, ""enterprise"": 3, ""freemium"": 2}, ""6"": {""enterprise"": 5, ""freemium"": 1}, ""7"": {""premium"": 6, ""freemium"": 4}}"
107.536719,finish,w0!w000304__premium,premium,0,39,plb_nclass,finish,,,,"{""enterprise"": 3, ""freemium"": 3, ""mixed"": 0, ""premium"": 2}","{""0"": 6, ""1"": 10, ""2"": 10, ""3"": 7, ""4"": 10, ""5"": 7, ""6"": 6, ""7"": 10}","{""0"": {""enterprise"": 4, ""freemium"": 0, ""premium"": 2}, ""1"": {""premium"": 1, ""freemium"": 9}, ""2"": {""freemium"": 10, ""premium"": 0}, ""3"": {""freemium"": 0, ""enterprise"": 7}, ""4"": {""enterprise"": 0, ""freemium"": 0, ""premium"": 10}, ""5"": {""premium"": 2, ""enterprise"": 3, ""freemium"": 2}, ""6"": {""enterprise"": 5, ""freemium"": 1}, ""7"": {""premium"": 6, ""freemium"": 4}}"
107.728572,start,w0!w000367__premium,premium,5,543,plb_nclass,borrow_lower,freemium,premium,load_first,"{""enterprise"": 3, ""freemium"": 2, ""mixed"": 0, ""premium"": 3}","{""0"": 6, ""1"": 10, ""2"": 10, ""3"": 7, ""4"": 10, ""5"": 8, ""6"": 6, ""7"": 10}","{""0"": {""enterprise"": 4, ""freemium"": 0, ""premium"": 2}, ""1"": {""premium"": 1, ""freemium"": 9}, ""2"": {""freemium"": 10, ""premium"": 0}, ""3"": {""freemium"": 0, ""enterprise"": 7}, ""4"": {""enterprise"": 0, ""freemium"": 0, ""premium"": 10}, ""5"": {""premium"": 3, ""enterprise"": 3, ""freemium"": 2}, ""6"": {""enterprise"": 5, ""freemium"": 1}, ""7"": {""premium"": 6, ""freemium"": 4}}"
107.760403,finish,w0!w000272__enterprise,enterprise,3,334,plb_nclass,finish,,,,"{""enterprise"": 3, ""freemium"": 2, ""mixed"": 0, ""premium"": 3}","{""0"": 6, ""1"": 10, ""2"": 10, ""3"": 6, ""4"": 10, ""5"": 8, ""6"": 6, ""7"": 10}","{""0"": {""enterprise"": 4, ""freemium"": 0, ""premium"": 2}, ""1"": {""premium"": 1, ""freemium"": 9}, ""2"": {""freemium"": 10, ""premium"": 0}, ""3"": {""freemium"": 0, ""enterprise"": 6}, ""4"": {""enterprise"": 0, ""freemium"": 0, ""premium"": 10}, ""5"": {""premium"": 3, ""enterprise"": 3, ""freemium"": 2}, ""6"": {""enterprise"": 5, ""freemium"": 1}, ""7"": {""premium"": 6, ""freemium"": 4}}"
108.036436,start,w0!w000368__freemium,freemium,5,544,plb_nclass,borrow_higher_surplus,premium,freemium,safe_surplus,"{""enterprise"": 3, ""freemium"": 3, ""mixed"": 0, ""premium"": 2}","{""0"": 6, ""1"": 10, ""2"": 10, ""3"": 6, ""4"": 10, ""5"": 9, ""6"": 6, ""7"": 10}","{""0"": {""enterprise"": 4, ""freemium"": 0, ""premium"": 2}, ""1"": {""premium"": 1, ""freemium"": 9}, ""2"": {""freemium"": 10, ""premium"": 0}, ""3"": {""freemium"": 0, ""enterprise"": 6}, ""4"": {""enterprise"": 0, ""freemium"": 0, ""premium"": 10}, ""5"": {""premium"": 3, ""enterprise"": 3, ""freemium"": 3}, ""6"": {""enterprise"": 5, ""freemium"": 1}, ""7"": {""premium"": 6, ""freemium"": 4}}"
108.526786,finish,w0!w000281__premium,premium,0,37,plb_nclass,finish,,,,"{""enterprise"": 3, ""freemium"": 3, ""mixed"": 0, ""premium"": 2}","{""0"": 5, ""1"": 10, ""2"": 10, ""3"": 6, ""4"": 10, ""5"": 9, ""6"": 6, ""7"": 10}","{""0"": {""enterprise"": 4, ""freemium"": 0, ""premium"": 1}, ""1"": {""premium"": 1, ""freemium"": 9}, ""2"": {""freemium"": 10, ""premium"": 0}, ""3"": {""freemium"": 0, ""enterprise"": 6}, ""4"": {""enterprise"": 0, ""freemium"": 0, ""premium"": 10}, ""5"": {""premium"": 3, ""enterprise"": 3, ""freemium"": 3}, ""6"": {""enterprise"": 5, ""freemium"": 1}, ""7"": {""premium"": 6, ""freemium"": 4}}"
108.668218,finish,w0!w000271__freemium,freemium,7,730,plb_nclass,finish,,,,"{""enterprise"": 3, ""freemium"": 3, ""mixed"": 0, ""premium"": 2}","{""0"": 5, ""1"": 10, ""2"": 10, ""3"": 6, ""4"": 10, ""5"": 9, ""6"": 6, ""7"": 9}","{""0"": {""enterprise"": 4, ""freemium"": 0, ""premium"": 1}, ""1"": {""premium"": 1, ""freemium"": 9}, ""2"": {""freemium"": 10, ""premium"": 0}, ""3"": {""freemium"": 0, ""enterprise"": 6}, ""4"": {""enterprise"": 0, ""freemium"": 0, ""premium"": 10}, ""5"": {""premium"": 3, ""enterprise"": 3, ""freemium"": 3}, ""6"": {""enterprise"": 5, ""freemium"": 1}, ""7"": {""premium"": 6, ""freemium"": 3}}"
108.807511,start,w0!w000369__premium,premium,7,744,plb_nclass,own_pool,premium,premium,under_theta,"{""enterprise"": 3, ""freemium"": 3, ""mixed"": 0, ""premium"": 2}","{""0"": 5, ""1"": 10, ""2"": 10, ""3"": 6, ""4"": 10, ""5"": 9, ""6"": 6, ""7"": 10}","{""0"": {""enterprise"": 4, ""freemium"": 0, ""premium"": 1}, ""1"": {""premium"": 1, ""freemium"": 9}, ""2"": {""freemium"": 10, ""premium"": 0}, ""3"": {""freemium"": 0, ""enterprise"": 6}, ""4"": {""enterprise"": 0, ""freemium"": 0, ""premium"": 10}, ""5"": {""premium"": 3, ""enterprise"": 3, ""freemium"": 3}, ""6"": {""enterprise"": 5, ""freemium"": 1}, ""7"": {""premium"": 7, ""freemium"": 3}}"
108.835067,finish,w0!w000313__premium,premium,0,40,plb_nclass,finish,,,,"{""enterprise"": 3, ""freemium"": 3, ""mixed"": 0, ""premium"": 2}","{""0"": 4, ""1"": 10, ""2"": 10, ""3"": 6, ""4"": 10, ""5"": 9, ""6"": 6, ""7"": 10}","{""0"": {""enterprise"": 4, ""freemium"": 0, ""premium"": 0}, ""1"": {""premium"": 1, ""freemium"": 9}, ""2"": {""freemium"": 10, ""premium"": 0}, ""3"": {""freemium"": 0, ""enterprise"": 6}, ""4"": {""enterprise"": 0, ""freemium"": 0, ""premium"": 10}, ""5"": {""premium"": 3, ""enterprise"": 3, ""freemium"": 3}, ""6"": {""enterprise"": 5, ""freemium"": 1}, ""7"": {""premium"": 7, ""freemium"": 3}}"
108.99566,finish,w0!w000273__freemium,freemium,7,731,plb_nclass,finish,,,,"{""enterprise"": 3, ""freemium"": 3, ""mixed"": 0, ""premium"": 2}","{""0"": 4, ""1"": 10, ""2"": 10, ""3"": 6, ""4"": 10, ""5"": 9, ""6"": 6, ""7"": 9}","{""0"": {""enterprise"": 4, ""freemium"": 0, ""premium"": 0}, ""1"": {""premium"": 1, ""freemium"": 9}, ""2"": {""freemium"": 10, ""premium"": 0}, ""3"": {""freemium"": 0, ""enterprise"": 6}, ""4"": {""enterprise"": 0, ""freemium"": 0, ""premium"": 10}, ""5"": {""premium"": 3, ""enterprise"": 3, ""freemium"": 3}, ""6"": {""enterprise"": 5, ""freemium"": 1}, ""7"": {""premium"": 7, ""freemium"": 2}}"
109.028536,finish,w0!w000309__freemium,freemium,1,144,plb_nclass,finish,,,,"{""enterprise"": 3, ""freemium"": 3, ""mixed"": 0, ""premium"": 2}","{""0"": 4, ""1"": 9, ""2"": 10, ""3"": 6, ""4"": 10, ""5"": 9, ""6"": 6, ""7"": 9}","{""0"": {""enterprise"": 4, ""freemium"": 0, ""premium"": 0}, ""1"": {""premium"": 1, ""freemium"": 8}, ""2"": {""freemium"": 10, ""premium"": 0}, ""3"": {""freemium"": 0, ""enterprise"": 6}, ""4"": {""enterprise"": 0, ""freemium"": 0, ""premium"": 10}, ""5"": {""premium"": 3, ""enterprise"": 3, ""freemium"": 3}, ""6"": {""enterprise"": 5, ""freemium"": 1}, ""7"": {""premium"": 7, ""freemium"": 2}}"
109.146862,start,w0!w000370__freemium,freemium,1,152,plb_nclass,own_pool,freemium,freemium,under_theta,"{""enterprise"": 3, ""freemium"": 3, ""mixed"": 0, ""premium"": 2}","{""0"": 4, ""1"": 10, ""2"": 10, ""3"": 6, ""4"": 10, ""5"": 9, ""6"": 6, ""7"": 9}","{""0"": {""enterprise"": 4, ""freemium"": 0, ""premium"": 0}, ""1"": {""premium"": 1, ""freemium"": 9}, ""2"": {""freemium"": 10, ""premium"": 0}, ""3"": {""freemium"": 0, ""enterprise"": 6}, ""4"": {""enterprise"": 0, ""freemium"": 0, ""premium"": 10}, ""5"": {""premium"": 3, ""enterprise"": 3, ""freemium"": 3}, ""6"": {""enterprise"": 5, ""freemium"": 1}, ""7"": {""premium"": 7, ""freemium"": 2}}"
109.303333,start,w0!w000371__premium,premium,7,745,plb_nclass,own_pool,premium,premium,under_theta,"{""enterprise"": 3, ""freemium"": 3, ""mixed"": 0, ""premium"": 2}","{""0"": 4, ""1"": 10, ""2"": 10, ""3"": 6, ""4"": 10, ""5"": 9, ""6"": 6, ""7"": 10}","{""0"": {""enterprise"": 4, ""freemium"": 0, ""premium"": 0}, ""1"": {""premium"": 1, ""freemium"": 9}, ""2"": {""freemium"": 10, ""premium"": 0}, ""3"": {""freemium"": 0, ""enterprise"": 6}, ""4"": {""enterprise"": 0, ""freemium"": 0, ""premium"": 10}, ""5"": {""premium"": 3, ""enterprise"": 3, ""freemium"": 3}, ""6"": {""enterprise"": 5, ""freemium"": 1}, ""7"": {""premium"": 8, ""freemium"": 2}}"
109.54469,finish,w0!w000276__premium,premium,4,432,plb_nclass,finish,,,,"{""enterprise"": 3, ""freemium"": 3, ""mixed"": 0, ""premium"": 2}","{""0"": 4, ""1"": 10, ""2"": 10, ""3"": 6, ""4"": 9, ""5"": 9, ""6"": 6, ""7"": 10}","{""0"": {""enterprise"": 4, ""freemium"": 0, ""premium"": 0}, ""1"": {""premium"": 1, ""freemium"": 9}, ""2"": {""freemium"": 10, ""premium"": 0}, ""3"": {""freemium"": 0, ""enterprise"": 6}, ""4"": {""enterprise"": 0, ""freemium"": 0, ""premium"": 9}, ""5"": {""premium"": 3, ""enterprise"": 3, ""freemium"": 3}, ""6"": {""enterprise"": 5, ""freemium"": 1}, ""7"": {""premium"": 8, ""freemium"": 2}}"
109.557576,finish,w0!w000330__freemium,freemium,1,147,plb_nclass,finish,,,,"{""enterprise"": 3, ""freemium"": 3, ""mixed"": 0, ""premium"": 2}","{""0"": 4, ""1"": 9, ""2"": 10, ""3"": 6, ""4"": 9, ""5"": 9, ""6"": 6, ""7"": 10}","{""0"": {""enterprise"": 4, ""freemium"": 0, ""premium"": 0}, ""1"": {""premium"": 1, ""freemium"": 8}, ""2"": {""freemium"": 10, ""premium"": 0}, ""3"": {""freemium"": 0, ""enterprise"": 6}, ""4"": {""enterprise"": 0, ""freemium"": 0, ""premium"": 9}, ""5"": {""premium"": 3, ""enterprise"": 3, ""freemium"": 3}, ""6"": {""enterprise"": 5, ""freemium"": 1}, ""7"": {""premium"": 8, ""freemium"": 2}}"
109.559881,finish,w0!w000321__premium,premium,4,440,plb_nclass,finish,,,,"{""enterprise"": 3, ""freemium"": 3, ""mixed"": 0, ""premium"": 2}","{""0"": 4, ""1"": 9, ""2"": 10, ""3"": 6, ""4"": 8, ""5"": 9, ""6"": 6, ""7"": 10}","{""0"": {""enterprise"": 4, ""freemium"": 0, ""premium"": 0}, ""1"": {""premium"": 1, ""freemium"": 8}, ""2"": {""freemium"": 10, ""premium"": 0}, ""3"": {""freemium"": 0, ""enterprise"": 6}, ""4"": {""enterprise"": 0, ""freemium"": 0, ""premium"": 8}, ""5"": {""premium"": 3, ""enterprise"": 3, ""freemium"": 3}, ""6"": {""enterprise"": 5, ""freemium"": 1}, ""7"": {""premium"": 8, ""freemium"": 2}}"
109.715764,start,w0!w000372__premium,premium,4,447,plb_nclass,own_pool,premium,premium,under_theta,"{""enterprise"": 3, ""freemium"": 3, ""mixed"": 0, ""premium"": 2}","{""0"": 4, ""1"": 9, ""2"": 10, ""3"": 6, ""4"": 9, ""5"": 9, ""6"": 6, ""7"": 10}","{""0"": {""enterprise"": 4, ""freemium"": 0, ""premium"": 0}, ""1"": {""premium"": 1, ""freemium"": 8}, ""2"": {""freemium"": 10, ""premium"": 0}, ""3"": {""freemium"": 0, ""enterprise"": 6}, ""4"": {""enterprise"": 0, ""freemium"": 0, ""premium"": 9}, ""5"": {""premium"": 3, ""enterprise"": 3, ""freemium"": 3}, ""6"": {""enterprise"": 5, ""freemium"": 1}, ""7"": {""premium"": 8, ""freemium"": 2}}"
109.834673,finish,w0!w000316__freemium,freemium,2,244,plb_nclass,finish,,,,"{""enterprise"": 3, ""freemium"": 3, ""mixed"": 0, ""premium"": 2}","{""0"": 4, ""1"": 9, ""2"": 9, ""3"": 6, ""4"": 9, ""5"": 9, ""6"": 6, ""7"": 10}","{""0"": {""enterprise"": 4, ""freemium"": 0, ""premium"": 0}, ""1"": {""premium"": 1, ""freemium"": 8}, ""2"": {""freemium"": 9, ""premium"": 0}, ""3"": {""freemium"": 0, ""enterprise"": 6}, ""4"": {""enterprise"": 0, ""freemium"": 0, ""premium"": 9}, ""5"": {""premium"": 3, ""enterprise"": 3, ""freemium"": 3}, ""6"": {""enterprise"": 5, ""freemium"": 1}, ""7"": {""premium"": 8, ""freemium"": 2}}"
109.902236,finish,w0!w000312__freemium,freemium,1,145,plb_nclass,finish,,,,"{""enterprise"": 3, ""freemium"": 3, ""mixed"": 0, ""premium"": 2}","{""0"": 4, ""1"": 8, ""2"": 9, ""3"": 6, ""4"": 9, ""5"": 9, ""6"": 6, ""7"": 10}","{""0"": {""enterprise"": 4, ""freemium"": 0, ""premium"": 0}, ""1"": {""premium"": 1, ""freemium"": 7}, ""2"": {""freemium"": 9, ""premium"": 0}, ""3"": {""freemium"": 0, ""enterprise"": 6}, ""4"": {""enterprise"": 0, ""freemium"": 0, ""premium"": 9}, ""5"": {""premium"": 3, ""enterprise"": 3, ""freemium"": 3}, ""6"": {""enterprise"": 5, ""freemium"": 1}, ""7"": {""premium"": 8, ""freemium"": 2}}"
109.977772,finish,w0!w000337__freemium,freemium,7,738,plb_nclass,finish,,,,"{""enterprise"": 3, ""freemium"": 3, ""mixed"": 0, ""premium"": 2}","{""0"": 4, ""1"": 8, ""2"": 9, ""3"": 6, ""4"": 9, ""5"": 9, ""6"": 6, ""7"": 9}","{""0"": {""enterprise"": 4, ""freemium"": 0, ""premium"": 0}, ""1"": {""premium"": 1, ""freemium"": 7}, ""2"": {""freemium"": 9, ""premium"": 0}, ""3"": {""freemium"": 0, ""enterprise"": 6}, ""4"": {""enterprise"": 0, ""freemium"": 0, ""premium"": 9}, ""5"": {""premium"": 3, ""enterprise"": 3, ""freemium"": 3}, ""6"": {""enterprise"": 5, ""freemium"": 1}, ""7"": {""premium"": 8, ""freemium"": 1}}"
110.208259,start,w0!w000373__premium,premium,4,448,plb_nclass,own_pool,premium,premium,under_theta,"{""enterprise"": 3, ""freemium"": 3, ""mixed"": 0, ""premium"": 2}","{""0"": 4, ""1"": 8, ""2"": 9, ""3"": 6, ""4"": 10, ""5"": 9, ""6"": 6, ""7"": 9}","{""0"": {""enterprise"": 4, ""freemium"": 0, ""premium"": 0}, ""1"": {""premium"": 1, ""freemium"": 7}, ""2"": {""freemium"": 9, ""premium"": 0}, ""3"": {""freemium"": 0, ""enterprise"": 6}, ""4"": {""enterprise"": 0, ""freemium"": 0, ""premium"": 10}, ""5"": {""premium"": 3, ""enterprise"": 3, ""freemium"": 3}, ""6"": {""enterprise"": 5, ""freemium"": 1}, ""7"": {""premium"": 8, ""freemium"": 1}}"
110.401343,start,w0!w000374__enterprise,enterprise,0,45,plb_nclass,own_pool,enterprise,enterprise,under_theta,"{""enterprise"": 3, ""freemium"": 3, ""mixed"": 0, ""premium"": 2}","{""0"": 5, ""1"": 8, ""2"": 9, ""3"": 6, ""4"": 10, ""5"": 9, ""6"": 6, ""7"": 9}","{""0"": {""enterprise"": 5, ""freemium"": 0, ""premium"": 0}, ""1"": {""premium"": 1, ""freemium"": 7}, ""2"": {""freemium"": 9, ""premium"": 0}, ""3"": {""freemium"": 0, ""enterprise"": 6}, ""4"": {""enterprise"": 0, ""freemium"": 0, ""premium"": 10}, ""5"": {""premium"": 3, ""enterprise"": 3, ""freemium"": 3}, ""6"": {""enterprise"": 5, ""freemium"": 1}, ""7"": {""premium"": 8, ""freemium"": 1}}"
110.701158,finish,w0!w000308__freemium,freemium,1,143,plb_nclass,finish,,,,"{""enterprise"": 3, ""freemium"": 3, ""mixed"": 0, ""premium"": 2}","{""0"": 5, ""1"": 7, ""2"": 9, ""3"": 6, ""4"": 10, ""5"": 9, ""6"": 6, ""7"": 9}","{""0"": {""enterprise"": 5, ""freemium"": 0, ""premium"": 0}, ""1"": {""premium"": 1, ""freemium"": 6}, ""2"": {""freemium"": 9, ""premium"": 0}, ""3"": {""freemium"": 0, ""enterprise"": 6}, ""4"": {""enterprise"": 0, ""freemium"": 0, ""premium"": 10}, ""5"": {""premium"": 3, ""enterprise"": 3, ""freemium"": 3}, ""6"": {""enterprise"": 5, ""freemium"": 1}, ""7"": {""premium"": 8, ""freemium"": 1}}"
110.74075,finish,w0!w000326__enterprise,enterprise,6,633,plb_nclass,finish,,,,"{""enterprise"": 3, ""freemium"": 3, ""mixed"": 0, ""premium"": 2}","{""0"": 5, ""1"": 7, ""2"": 9, ""3"": 6, ""4"": 10, ""5"": 9, ""6"": 5, ""7"": 9}","{""0"": {""enterprise"": 5, ""freemium"": 0, ""premium"": 0}, ""1"": {""premium"": 1, ""freemium"": 6}, ""2"": {""freemium"": 9, ""premium"": 0}, ""3"": {""freemium"": 0, ""enterprise"": 6}, ""4"": {""enterprise"": 0, ""freemium"": 0, ""premium"": 10}, ""5"": {""premium"": 3, ""enterprise"": 3, ""freemium"": 3}, ""6"": {""enterprise"": 4, ""freemium"": 1}, ""7"": {""premium"": 8, ""freemium"": 1}}"
110.75155,start,w0!w000375__premium,premium,7,746,plb_nclass,own_pool,premium,premium,under_theta,"{""enterprise"": 3, ""freemium"": 3, ""mixed"": 0, ""premium"": 2}","{""0"": 5, ""1"": 7, ""2"": 9, ""3"": 6, ""4"": 10, ""5"": 9, ""6"": 5, ""7"": 10}","{""0"": {""enterprise"": 5, ""freemium"": 0, ""premium"": 0}, ""1"": {""premium"": 1, ""freemium"": 6}, ""2"": {""freemium"": 9, ""premium"": 0}, ""3"": {""freemium"": 0, ""enterprise"": 6}, ""4"": {""enterprise"": 0, ""freemium"": 0, ""premium"": 10}, ""5"": {""premium"": 3, ""enterprise"": 3, ""freemium"": 3}, ""6"": {""enterprise"": 4, ""freemium"": 1}, ""7"": {""premium"": 9, ""freemium"": 1}}"
110.792624,finish,w0!w000298__premium,premium,4,436,plb_nclass,finish,,,,"{""enterprise"": 3, ""freemium"": 3, ""mixed"": 0, ""premium"": 2}","{""0"": 5, ""1"": 7, ""2"": 9, ""3"": 6, ""4"": 9, ""5"": 9, ""6"": 5, ""7"": 10}","{""0"": {""enterprise"": 5, ""freemium"": 0, ""premium"": 0}, ""1"": {""premium"": 1, ""freemium"": 6}, ""2"": {""freemium"": 9, ""premium"": 0}, ""3"": {""freemium"": 0, ""enterprise"": 6}, ""4"": {""enterprise"": 0, ""freemium"": 0, ""premium"": 9}, ""5"": {""premium"": 3, ""enterprise"": 3, ""freemium"": 3}, ""6"": {""enterprise"": 4, ""freemium"": 1}, ""7"": {""premium"": 9, ""freemium"": 1}}"
110.99025,start,w0!w000376__freemium,freemium,1,153,plb_nclass,own_pool,freemium,freemium,under_theta,"{""enterprise"": 3, ""freemium"": 3, ""mixed"": 0, ""premium"": 2}","{""0"": 5, ""1"": 8, ""2"": 9, ""3"": 6, ""4"": 9, ""5"": 9, ""6"": 5, ""7"": 10}","{""0"": {""enterprise"": 5, ""freemium"": 0, ""premium"": 0}, ""1"": {""premium"": 1, ""freemium"": 7}, ""2"": {""freemium"": 9, ""premium"": 0}, ""3"": {""freemium"": 0, ""enterprise"": 6}, ""4"": {""enterprise"": 0, ""freemium"": 0, ""premium"": 9}, ""5"": {""premium"": 3, ""enterprise"": 3, ""freemium"": 3}, ""6"": {""enterprise"": 4, ""freemium"": 1}, ""7"": {""premium"": 9, ""freemium"": 1}}"
111.037675,start,w0!w000377__premium,premium,4,449,plb_nclass,own_pool,premium,premium,under_theta,"{""enterprise"": 3, ""freemium"": 3, ""mixed"": 0, ""premium"": 2}","{""0"": 5, ""1"": 8, ""2"": 9, ""3"": 6, ""4"": 10, ""5"": 9, ""6"": 5, ""7"": 10}","{""0"": {""enterprise"": 5, ""freemium"": 0, ""premium"": 0}, ""1"": {""premium"": 1, ""freemium"": 7}, ""2"": {""freemium"": 9, ""premium"": 0}, ""3"": {""freemium"": 0, ""enterprise"": 6}, ""4"": {""enterprise"": 0, ""freemium"": 0, ""premium"": 10}, ""5"": {""premium"": 3, ""enterprise"": 3, ""freemium"": 3}, ""6"": {""enterprise"": 4, ""freemium"": 1}, ""7"": {""premium"": 9, ""freemium"": 1}}"
111.635431,finish,w0!w000315__freemium,freemium,1,146,plb_nclass,finish,,,,"{""enterprise"": 3, ""freemium"": 3, ""mixed"": 0, ""premium"": 2}","{""0"": 5, ""1"": 7, ""2"": 9, ""3"": 6, ""4"": 10, ""5"": 9, ""6"": 5, ""7"": 10}","{""0"": {""enterprise"": 5, ""freemium"": 0, ""premium"": 0}, ""1"": {""premium"": 1, ""freemium"": 6}, ""2"": {""freemium"": 9, ""premium"": 0}, ""3"": {""freemium"": 0, ""enterprise"": 6}, ""4"": {""enterprise"": 0, ""freemium"": 0, ""premium"": 10}, ""5"": {""premium"": 3, ""enterprise"": 3, ""freemium"": 3}, ""6"": {""enterprise"": 4, ""freemium"": 1}, ""7"": {""premium"": 9, ""freemium"": 1}}"
111.722769,start,w0!w000378__premium,premium,1,154,plb_nclass,borrow_lower,freemium,premium,load_first,"{""enterprise"": 3, ""freemium"": 2, ""mixed"": 0, ""premium"": 3}","{""0"": 5, ""1"": 8, ""2"": 9, ""3"": 6, ""4"": 10, ""5"": 9, ""6"": 5, ""7"": 10}","{""0"": {""enterprise"": 5, ""freemium"": 0, ""premium"": 0}, ""1"": {""premium"": 2, ""freemium"": 6}, ""2"": {""freemium"": 9, ""premium"": 0}, ""3"": {""freemium"": 0, ""enterprise"": 6}, ""4"": {""enterprise"": 0, ""freemium"": 0, ""premium"": 10}, ""5"": {""premium"": 3, ""enterprise"": 3, ""freemium"": 3}, ""6"": {""enterprise"": 4, ""freemium"": 1}, ""7"": {""premium"": 9, ""freemium"": 1}}"
111.764571,start,w0!w000379__freemium,freemium,2,254,plb_nclass,own_pool,freemium,freemium,under_theta,"{""enterprise"": 3, ""freemium"": 2, ""mixed"": 0, ""premium"": 3}","{""0"": 5, ""1"": 8, ""2"": 10, ""3"": 6, ""4"": 10, ""5"": 9, ""6"": 5, ""7"": 10}","{""0"": {""enterprise"": 5, ""freemium"": 0, ""premium"": 0}, ""1"": {""premium"": 2, ""freemium"": 6}, ""2"": {""freemium"": 10, ""premium"": 0}, ""3"": {""freemium"": 0, ""enterprise"": 6}, ""4"": {""enterprise"": 0, ""freemium"": 0, ""premium"": 10}, ""5"": {""premium"": 3, ""enterprise"": 3, ""freemium"": 3}, ""6"": {""enterprise"": 4, ""freemium"": 1}, ""7"": {""premium"": 9, ""freemium"": 1}}"
112.033128,start,w0!w000380__premium,premium,1,155,plb_nclass,own_pool,premium,premium,under_theta,"{""enterprise"": 3, ""freemium"": 2, ""mixed"": 0, ""premium"": 3}","{""0"": 5, ""1"": 9, ""2"": 10, ""3"": 6, ""4"": 10, ""5"": 9, ""6"": 5, ""7"": 10}","{""0"": {""enterprise"": 5, ""freemium"": 0, ""premium"": 0}, ""1"": {""premium"": 3, ""freemium"": 6}, ""2"": {""freemium"": 10, ""premium"": 0}, ""3"": {""freemium"": 0, ""enterprise"": 6}, ""4"": {""enterprise"": 0, ""freemium"": 0, ""premium"": 10}, ""5"": {""premium"": 3, ""enterprise"": 3, ""freemium"": 3}, ""6"": {""enterprise"": 4, ""freemium"": 1}, ""7"": {""premium"": 9, ""freemium"": 1}}"
112.170437,start,w0!w000381__premium,premium,1,156,plb_nclass,own_pool,premium,premium,under_theta,"{""enterprise"": 3, ""freemium"": 2, ""mixed"": 0, ""premium"": 3}","{""0"": 5, ""1"": 10, ""2"": 10, ""3"": 6, ""4"": 10, ""5"": 9, ""6"": 5, ""7"": 10}","{""0"": {""enterprise"": 5, ""freemium"": 0, ""premium"": 0}, ""1"": {""premium"": 4, ""freemium"": 6}, ""2"": {""freemium"": 10, ""premium"": 0}, ""3"": {""freemium"": 0, ""enterprise"": 6}, ""4"": {""enterprise"": 0, ""freemium"": 0, ""premium"": 10}, ""5"": {""premium"": 3, ""enterprise"": 3, ""freemium"": 3}, ""6"": {""enterprise"": 4, ""freemium"": 1}, ""7"": {""premium"": 9, ""freemium"": 1}}"
112.236774,finish,w0!w000282__premium,premium,1,139,plb_nclass,finish,,,,"{""enterprise"": 3, ""freemium"": 2, ""mixed"": 0, ""premium"": 3}","{""0"": 5, ""1"": 9, ""2"": 10, ""3"": 6, ""4"": 10, ""5"": 9, ""6"": 5, ""7"": 10}","{""0"": {""enterprise"": 5, ""freemium"": 0, ""premium"": 0}, ""1"": {""premium"": 3, ""freemium"": 6}, ""2"": {""freemium"": 10, ""premium"": 0}, ""3"": {""freemium"": 0, ""enterprise"": 6}, ""4"": {""enterprise"": 0, ""freemium"": 0, ""premium"": 10}, ""5"": {""premium"": 3, ""enterprise"": 3, ""freemium"": 3}, ""6"": {""enterprise"": 4, ""freemium"": 1}, ""7"": {""premium"": 9, ""freemium"": 1}}"
112.29733,start,w0!w000382__premium,premium,1,157,plb_nclass,own_pool,premium,premium,under_theta,"{""enterprise"": 3, ""freemium"": 2, ""mixed"": 0, ""premium"": 3}","{""0"": 5, ""1"": 10, ""2"": 10, ""3"": 6, ""4"": 10, ""5"": 9, ""6"": 5, ""7"": 10}","{""0"": {""enterprise"": 5, ""freemium"": 0, ""premium"": 0}, ""1"": {""premium"": 4, ""freemium"": 6}, ""2"": {""freemium"": 10, ""premium"": 0}, ""3"": {""freemium"": 0, ""enterprise"": 6}, ""4"": {""enterprise"": 0, ""freemium"": 0, ""premium"": 10}, ""5"": {""premium"": 3, ""enterprise"": 3, ""freemium"": 3}, ""6"": {""enterprise"": 4, ""freemium"": 1}, ""7"": {""premium"": 9, ""freemium"": 1}}"
112.45386,finish,w0!w000325__enterprise,enterprise,6,632,plb_nclass,finish,,,,"{""enterprise"": 3, ""freemium"": 2, ""mixed"": 0, ""premium"": 3}","{""0"": 5, ""1"": 10, ""2"": 10, ""3"": 6, ""4"": 10, ""5"": 9, ""6"": 4, ""7"": 10}","{""0"": {""enterprise"": 5, ""freemium"": 0, ""premium"": 0}, ""1"": {""premium"": 4, ""freemium"": 6}, ""2"": {""freemium"": 10, ""premium"": 0}, ""3"": {""freemium"": 0, ""enterprise"": 6}, ""4"": {""enterprise"": 0, ""freemium"": 0, ""premium"": 10}, ""5"": {""premium"": 3, ""enterprise"": 3, ""freemium"": 3}, ""6"": {""enterprise"": 3, ""freemium"": 1}, ""7"": {""premium"": 9, ""freemium"": 1}}"
112.498046,finish,w0!w000289__freemium,freemium,6,630,plb_nclass,finish,,,,"{""enterprise"": 3, ""freemium"": 2, ""mixed"": 0, ""premium"": 3}","{""0"": 5, ""1"": 10, ""2"": 10, ""3"": 6, ""4"": 10, ""5"": 9, ""6"": 3, ""7"": 10}","{""0"": {""enterprise"": 5, ""freemium"": 0, ""premium"": 0}, ""1"": {""premium"": 4, ""freemium"": 6}, ""2"": {""freemium"": 10, ""premium"": 0}, ""3"": {""freemium"": 0, ""enterprise"": 6}, ""4"": {""enterprise"": 0, ""freemium"": 0, ""premium"": 10}, ""5"": {""premium"": 3, ""enterprise"": 3, ""freemium"": 3}, ""6"": {""enterprise"": 3, ""freemium"": 0}, ""7"": {""premium"": 9, ""freemium"": 1}}"
112.759565,start,w0!w000383__freemium,freemium,5,545,plb_nclass,own_pool,freemium,freemium,under_theta,"{""enterprise"": 3, ""freemium"": 2, ""mixed"": 0, ""premium"": 3}","{""0"": 5, ""1"": 10, ""2"": 10, ""3"": 6, ""4"": 10, ""5"": 10, ""6"": 3, ""7"": 10}","{""0"": {""enterprise"": 5, ""freemium"": 0, ""premium"": 0}, ""1"": {""premium"": 4, ""freemium"": 6}, ""2"": {""freemium"": 10, ""premium"": 0}, ""3"": {""freemium"": 0, ""enterprise"": 6}, ""4"": {""enterprise"": 0, ""freemium"": 0, ""premium"": 10}, ""5"": {""premium"": 3, ""enterprise"": 3, ""freemium"": 4}, ""6"": {""enterprise"": 3, ""freemium"": 0}, ""7"": {""premium"": 9, ""freemium"": 1}}"
112.864372,start,w0!w000384__freemium,freemium,6,637,plb_nclass,borrow_higher_surplus,enterprise,freemium,safe_surplus,"{""enterprise"": 2, ""freemium"": 3, ""mixed"": 0, ""premium"": 3}","{""0"": 5, ""1"": 10, ""2"": 10, ""3"": 6, ""4"": 10, ""5"": 10, ""6"": 4, ""7"": 10}","{""0"": {""enterprise"": 5, ""freemium"": 0, ""premium"": 0}, ""1"": {""premium"": 4, ""freemium"": 6}, ""2"": {""freemium"": 10, ""premium"": 0}, ""3"": {""freemium"": 0, ""enterprise"": 6}, ""4"": {""enterprise"": 0, ""freemium"": 0, ""premium"": 10}, ""5"": {""premium"": 3, ""enterprise"": 3, ""freemium"": 4}, ""6"": {""enterprise"": 3, ""freemium"": 1}, ""7"": {""premium"": 9, ""freemium"": 1}}"
112.895197,finish,w0!w000331__freemium,freemium,2,247,plb_nclass,finish,,,,"{""enterprise"": 2, ""freemium"": 3, ""mixed"": 0, ""premium"": 3}","{""0"": 5, ""1"": 10, ""2"": 9, ""3"": 6, ""4"": 10, ""5"": 10, ""6"": 4, ""7"": 10}","{""0"": {""enterprise"": 5, ""freemium"": 0, ""premium"": 0}, ""1"": {""premium"": 4, ""freemium"": 6}, ""2"": {""freemium"": 9, ""premium"": 0}, ""3"": {""freemium"": 0, ""enterprise"": 6}, ""4"": {""enterprise"": 0, ""freemium"": 0, ""premium"": 10}, ""5"": {""premium"": 3, ""enterprise"": 3, ""freemium"": 4}, ""6"": {""enterprise"": 3, ""freemium"": 1}, ""7"": {""premium"": 9, ""freemium"": 1}}"
112.904637,start,w0!w000385__enterprise,enterprise,0,46,plb_nclass,own_pool,enterprise,enterprise,under_theta,"{""enterprise"": 2, ""freemium"": 3, ""mixed"": 0, ""premium"": 3}","{""0"": 6, ""1"": 10, ""2"": 9, ""3"": 6, ""4"": 10, ""5"": 10, ""6"": 4, ""7"": 10}","{""0"": {""enterprise"": 6, ""freemium"": 0, ""premium"": 0}, ""1"": {""premium"": 4, ""freemium"": 6}, ""2"": {""freemium"": 9, ""premium"": 0}, ""3"": {""freemium"": 0, ""enterprise"": 6}, ""4"": {""enterprise"": 0, ""freemium"": 0, ""premium"": 10}, ""5"": {""premium"": 3, ""enterprise"": 3, ""freemium"": 4}, ""6"": {""enterprise"": 3, ""freemium"": 1}, ""7"": {""premium"": 9, ""freemium"": 1}}"
112.963811,finish,w0!w000307__enterprise,enterprise,5,535,plb_nclass,finish,,,,"{""enterprise"": 2, ""freemium"": 3, ""mixed"": 0, ""premium"": 3}","{""0"": 6, ""1"": 10, ""2"": 9, ""3"": 6, ""4"": 10, ""5"": 9, ""6"": 4, ""7"": 10}","{""0"": {""enterprise"": 6, ""freemium"": 0, ""premium"": 0}, ""1"": {""premium"": 4, ""freemium"": 6}, ""2"": {""freemium"": 9, ""premium"": 0}, ""3"": {""freemium"": 0, ""enterprise"": 6}, ""4"": {""enterprise"": 0, ""freemium"": 0, ""premium"": 10}, ""5"": {""premium"": 3, ""enterprise"": 2, ""freemium"": 4}, ""6"": {""enterprise"": 3, ""freemium"": 1}, ""7"": {""premium"": 9, ""freemium"": 1}}"
113.014752,finish,w0!w000327__enterprise,enterprise,6,634,plb_nclass,finish,,,,"{""enterprise"": 2, ""freemium"": 3, ""mixed"": 0, ""premium"": 3}","{""0"": 6, ""1"": 10, ""2"": 9, ""3"": 6, ""4"": 10, ""5"": 9, ""6"": 3, ""7"": 10}","{""0"": {""enterprise"": 6, ""freemium"": 0, ""premium"": 0}, ""1"": {""premium"": 4, ""freemium"": 6}, ""2"": {""freemium"": 9, ""premium"": 0}, ""3"": {""freemium"": 0, ""enterprise"": 6}, ""4"": {""enterprise"": 0, ""freemium"": 0, ""premium"": 10}, ""5"": {""premium"": 3, ""enterprise"": 2, ""freemium"": 4}, ""6"": {""enterprise"": 2, ""freemium"": 1}, ""7"": {""premium"": 9, ""freemium"": 1}}"
113.460757,finish,w0!w000334__enterprise,enterprise,0,44,plb_nclass,finish,,,,"{""enterprise"": 2, ""freemium"": 3, ""mixed"": 0, ""premium"": 3}","{""0"": 5, ""1"": 10, ""2"": 9, ""3"": 6, ""4"": 10, ""5"": 9, ""6"": 3, ""7"": 10}","{""0"": {""enterprise"": 5, ""freemium"": 0, ""premium"": 0}, ""1"": {""premium"": 4, ""freemium"": 6}, ""2"": {""freemium"": 9, ""premium"": 0}, ""3"": {""freemium"": 0, ""enterprise"": 6}, ""4"": {""enterprise"": 0, ""freemium"": 0, ""premium"": 10}, ""5"": {""premium"": 3, ""enterprise"": 2, ""freemium"": 4}, ""6"": {""enterprise"": 2, ""freemium"": 1}, ""7"": {""premium"": 9, ""freemium"": 1}}"
113.867283,finish,w0!w000323__freemium,freemium,2,245,plb_nclass,finish,,,,"{""enterprise"": 2, ""freemium"": 3, ""mixed"": 0, ""premium"": 3}","{""0"": 5, ""1"": 10, ""2"": 8, ""3"": 6, ""4"": 10, ""5"": 9, ""6"": 3, ""7"": 10}","{""0"": {""enterprise"": 5, ""freemium"": 0, ""premium"": 0}, ""1"": {""premium"": 4, ""freemium"": 6}, ""2"": {""freemium"": 8, ""premium"": 0}, ""3"": {""freemium"": 0, ""enterprise"": 6}, ""4"": {""enterprise"": 0, ""freemium"": 0, ""premium"": 10}, ""5"": {""premium"": 3, ""enterprise"": 2, ""freemium"": 4}, ""6"": {""enterprise"": 2, ""freemium"": 1}, ""7"": {""premium"": 9, ""freemium"": 1}}"
113.881636,finish,w0!w000318__enterprise,enterprise,0,41,plb_nclass,finish,,,,"{""enterprise"": 2, ""freemium"": 3, ""mixed"": 0, ""premium"": 3}","{""0"": 4, ""1"": 10, ""2"": 8, ""3"": 6, ""4"": 10, ""5"": 9, ""6"": 3, ""7"": 10}","{""0"": {""enterprise"": 4, ""freemium"": 0, ""premium"": 0}, ""1"": {""premium"": 4, ""freemium"": 6}, ""2"": {""freemium"": 8, ""premium"": 0}, ""3"": {""freemium"": 0, ""enterprise"": 6}, ""4"": {""enterprise"": 0, ""freemium"": 0, ""premium"": 10}, ""5"": {""premium"": 3, ""enterprise"": 2, ""freemium"": 4}, ""6"": {""enterprise"": 2, ""freemium"": 1}, ""7"": {""premium"": 9, ""freemium"": 1}}"
114.01838,start,w0!w000386__freemium,freemium,6,638,plb_nclass,own_pool,freemium,freemium,under_theta,"{""enterprise"": 2, ""freemium"": 3, ""mixed"": 0, ""premium"": 3}","{""0"": 4, ""1"": 10, ""2"": 8, ""3"": 6, ""4"": 10, ""5"": 9, ""6"": 4, ""7"": 10}","{""0"": {""enterprise"": 4, ""freemium"": 0, ""premium"": 0}, ""1"": {""premium"": 4, ""freemium"": 6}, ""2"": {""freemium"": 8, ""premium"": 0}, ""3"": {""freemium"": 0, ""enterprise"": 6}, ""4"": {""enterprise"": 0, ""freemium"": 0, ""premium"": 10}, ""5"": {""premium"": 3, ""enterprise"": 2, ""freemium"": 4}, ""6"": {""enterprise"": 2, ""freemium"": 2}, ""7"": {""premium"": 9, ""freemium"": 1}}"
114.064546,finish,w0!w000339__freemium,freemium,2,248,plb_nclass,finish,,,,"{""enterprise"": 2, ""freemium"": 3, ""mixed"": 0, ""premium"": 3}","{""0"": 4, ""1"": 10, ""2"": 7, ""3"": 6, ""4"": 10, ""5"": 9, ""6"": 4, ""7"": 10}","{""0"": {""enterprise"": 4, ""freemium"": 0, ""premium"": 0}, ""1"": {""premium"": 4, ""freemium"": 6}, ""2"": {""freemium"": 7, ""premium"": 0}, ""3"": {""freemium"": 0, ""enterprise"": 6}, ""4"": {""enterprise"": 0, ""freemium"": 0, ""premium"": 10}, ""5"": {""premium"": 3, ""enterprise"": 2, ""freemium"": 4}, ""6"": {""enterprise"": 2, ""freemium"": 2}, ""7"": {""premium"": 9, ""freemium"": 1}}"
114.30186,finish,w0!w000328__enterprise,enterprise,3,340,plb_nclass,finish,,,,"{""enterprise"": 2, ""freemium"": 3, ""mixed"": 0, ""premium"": 3}","{""0"": 4, ""1"": 10, ""2"": 7, ""3"": 5, ""4"": 10, ""5"": 9, ""6"": 4, ""7"": 10}","{""0"": {""enterprise"": 4, ""freemium"": 0, ""premium"": 0}, ""1"": {""premium"": 4, ""freemium"": 6}, ""2"": {""freemium"": 7, ""premium"": 0}, ""3"": {""freemium"": 0, ""enterprise"": 5}, ""4"": {""enterprise"": 0, ""freemium"": 0, ""premium"": 10}, ""5"": {""premium"": 3, ""enterprise"": 2, ""freemium"": 4}, ""6"": {""enterprise"": 2, ""freemium"": 2}, ""7"": {""premium"": 9, ""freemium"": 1}}"
114.383329,start,w0!w000387__premium,premium,6,639,plb_nclass,borrow_lower,freemium,premium,load_first,"{""enterprise"": 2, ""freemium"": 2, ""mixed"": 0, ""premium"": 4}","{""0"": 4, ""1"": 10, ""2"": 7, ""3"": 5, ""4"": 10, ""5"": 9, ""6"": 5, ""7"": 10}","{""0"": {""enterprise"": 4, ""freemium"": 0, ""premium"": 0}, ""1"": {""premium"": 4, ""freemium"": 6}, ""2"": {""freemium"": 7, ""premium"": 0}, ""3"": {""freemium"": 0, ""enterprise"": 5}, ""4"": {""enterprise"": 0, ""freemium"": 0, ""premium"": 10}, ""5"": {""premium"": 3, ""enterprise"": 2, ""freemium"": 4}, ""6"": {""enterprise"": 2, ""freemium"": 2, ""premium"": 1}, ""7"": {""premium"": 9, ""freemium"": 1}}"
114.446824,finish,w0!w000319__enterprise,enterprise,0,42,plb_nclass,finish,,,,"{""enterprise"": 2, ""freemium"": 2, ""mixed"": 0, ""premium"": 4}","{""0"": 3, ""1"": 10, ""2"": 7, ""3"": 5, ""4"": 10, ""5"": 9, ""6"": 5, ""7"": 10}","{""0"": {""enterprise"": 3, ""freemium"": 0, ""premium"": 0}, ""1"": {""premium"": 4, ""freemium"": 6}, ""2"": {""freemium"": 7, ""premium"": 0}, ""3"": {""freemium"": 0, ""enterprise"": 5}, ""4"": {""enterprise"": 0, ""freemium"": 0, ""premium"": 10}, ""5"": {""premium"": 3, ""enterprise"": 2, ""freemium"": 4}, ""6"": {""enterprise"": 2, ""freemium"": 2, ""premium"": 1}, ""7"": {""premium"": 9, ""freemium"": 1}}"
114.710503,start,w0!w000388__premium,premium,6,640,plb_nclass,own_pool,premium,premium,under_theta,"{""enterprise"": 2, ""freemium"": 2, ""mixed"": 0, ""premium"": 4}","{""0"": 3, ""1"": 10, ""2"": 7, ""3"": 5, ""4"": 10, ""5"": 9, ""6"": 6, ""7"": 10}","{""0"": {""enterprise"": 3, ""freemium"": 0, ""premium"": 0}, ""1"": {""premium"": 4, ""freemium"": 6}, ""2"": {""freemium"": 7, ""premium"": 0}, ""3"": {""freemium"": 0, ""enterprise"": 5}, ""4"": {""enterprise"": 0, ""freemium"": 0, ""premium"": 10}, ""5"": {""premium"": 3, ""enterprise"": 2, ""freemium"": 4}, ""6"": {""enterprise"": 2, ""freemium"": 2, ""premium"": 2}, ""7"": {""premium"": 9, ""freemium"": 1}}"
114.820334,finish,w0!w000333__premium,premium,7,736,plb_nclass,finish,,,,"{""enterprise"": 2, ""freemium"": 2, ""mixed"": 0, ""premium"": 4}","{""0"": 3, ""1"": 10, ""2"": 7, ""3"": 5, ""4"": 10, ""5"": 9, ""6"": 6, ""7"": 9}","{""0"": {""enterprise"": 3, ""freemium"": 0, ""premium"": 0}, ""1"": {""premium"": 4, ""freemium"": 6}, ""2"": {""freemium"": 7, ""premium"": 0}, ""3"": {""freemium"": 0, ""enterprise"": 5}, ""4"": {""enterprise"": 0, ""freemium"": 0, ""premium"": 10}, ""5"": {""premium"": 3, ""enterprise"": 2, ""freemium"": 4}, ""6"": {""enterprise"": 2, ""freemium"": 2, ""premium"": 2}, ""7"": {""premium"": 8, ""freemium"": 1}}"
115.273966,start,w0!w000389__premium,premium,6,641,plb_nclass,own_pool,premium,premium,under_theta,"{""enterprise"": 2, ""freemium"": 2, ""mixed"": 0, ""premium"": 4}","{""0"": 3, ""1"": 10, ""2"": 7, ""3"": 5, ""4"": 10, ""5"": 9, ""6"": 7, ""7"": 9}","{""0"": {""enterprise"": 3, ""freemium"": 0, ""premium"": 0}, ""1"": {""premium"": 4, ""freemium"": 6}, ""2"": {""freemium"": 7, ""premium"": 0}, ""3"": {""freemium"": 0, ""enterprise"": 5}, ""4"": {""enterprise"": 0, ""freemium"": 0, ""premium"": 10}, ""5"": {""premium"": 3, ""enterprise"": 2, ""freemium"": 4}, ""6"": {""enterprise"": 2, ""freemium"": 2, ""premium"": 3}, ""7"": {""premium"": 8, ""freemium"": 1}}"
115.875134,start,w0!w000390__enterprise,enterprise,0,47,plb_nclass,own_pool,enterprise,enterprise,under_theta,"{""enterprise"": 2, ""freemium"": 2, ""mixed"": 0, ""premium"": 4}","{""0"": 4, ""1"": 10, ""2"": 7, ""3"": 5, ""4"": 10, ""5"": 9, ""6"": 7, ""7"": 9}","{""0"": {""enterprise"": 4, ""freemium"": 0, ""premium"": 0}, ""1"": {""premium"": 4, ""freemium"": 6}, ""2"": {""freemium"": 7, ""premium"": 0}, ""3"": {""freemium"": 0, ""enterprise"": 5}, ""4"": {""enterprise"": 0, ""freemium"": 0, ""premium"": 10}, ""5"": {""premium"": 3, ""enterprise"": 2, ""freemium"": 4}, ""6"": {""enterprise"": 2, ""freemium"": 2, ""premium"": 3}, ""7"": {""premium"": 8, ""freemium"": 1}}"
115.98859,finish,w0!w000335__freemium,freemium,7,737,plb_nclass,finish,,,,"{""enterprise"": 2, ""freemium"": 2, ""mixed"": 0, ""premium"": 4}","{""0"": 4, ""1"": 10, ""2"": 7, ""3"": 5, ""4"": 10, ""5"": 9, ""6"": 7, ""7"": 8}","{""0"": {""enterprise"": 4, ""freemium"": 0, ""premium"": 0}, ""1"": {""premium"": 4, ""freemium"": 6}, ""2"": {""freemium"": 7, ""premium"": 0}, ""3"": {""freemium"": 0, ""enterprise"": 5}, ""4"": {""enterprise"": 0, ""freemium"": 0, ""premium"": 10}, ""5"": {""premium"": 3, ""enterprise"": 2, ""freemium"": 4}, ""6"": {""enterprise"": 2, ""freemium"": 2, ""premium"": 3}, ""7"": {""premium"": 8, ""freemium"": 0}}"
116.335435,finish,w0!w000311__enterprise,enterprise,3,339,plb_nclass,finish,,,,"{""enterprise"": 2, ""freemium"": 2, ""mixed"": 0, ""premium"": 4}","{""0"": 4, ""1"": 10, ""2"": 7, ""3"": 4, ""4"": 10, ""5"": 9, ""6"": 7, ""7"": 8}","{""0"": {""enterprise"": 4, ""freemium"": 0, ""premium"": 0}, ""1"": {""premium"": 4, ""freemium"": 6}, ""2"": {""freemium"": 7, ""premium"": 0}, ""3"": {""freemium"": 0, ""enterprise"": 4}, ""4"": {""enterprise"": 0, ""freemium"": 0, ""premium"": 10}, ""5"": {""premium"": 3, ""enterprise"": 2, ""freemium"": 4}, ""6"": {""enterprise"": 2, ""freemium"": 2, ""premium"": 3}, ""7"": {""premium"": 8, ""freemium"": 0}}"
116.567923,start,w0!w000391__freemium,freemium,2,255,plb_nclass,own_pool,freemium,freemium,under_theta,"{""enterprise"": 2, ""freemium"": 2, ""mixed"": 0, ""premium"": 4}","{""0"": 4, ""1"": 10, ""2"": 8, ""3"": 4, ""4"": 10, ""5"": 9, ""6"": 7, ""7"": 8}","{""0"": {""enterprise"": 4, ""freemium"": 0, ""premium"": 0}, ""1"": {""premium"": 4, ""freemium"": 6}, ""2"": {""freemium"": 8, ""premium"": 0}, ""3"": {""freemium"": 0, ""enterprise"": 4}, ""4"": {""enterprise"": 0, ""freemium"": 0, ""premium"": 10}, ""5"": {""premium"": 3, ""enterprise"": 2, ""freemium"": 4}, ""6"": {""enterprise"": 2, ""freemium"": 2, ""premium"": 3}, ""7"": {""premium"": 8, ""freemium"": 0}}"
116.590828,start,w0!w000392__enterprise,enterprise,0,48,plb_nclass,own_pool,enterprise,enterprise,under_theta,"{""enterprise"": 2, ""freemium"": 2, ""mixed"": 0, ""premium"": 4}","{""0"": 5, ""1"": 10, ""2"": 8, ""3"": 4, ""4"": 10, ""5"": 9, ""6"": 7, ""7"": 8}","{""0"": {""enterprise"": 5, ""freemium"": 0, ""premium"": 0}, ""1"": {""premium"": 4, ""freemium"": 6}, ""2"": {""freemium"": 8, ""premium"": 0}, ""3"": {""freemium"": 0, ""enterprise"": 4}, ""4"": {""enterprise"": 0, ""freemium"": 0, ""premium"": 10}, ""5"": {""premium"": 3, ""enterprise"": 2, ""freemium"": 4}, ""6"": {""enterprise"": 2, ""freemium"": 2, ""premium"": 3}, ""7"": {""premium"": 8, ""freemium"": 0}}"
116.621635,start,w0!w000393__enterprise,enterprise,3,345,plb_nclass,own_pool,enterprise,enterprise,under_theta,"{""enterprise"": 2, ""freemium"": 2, ""mixed"": 0, ""premium"": 4}","{""0"": 5, ""1"": 10, ""2"": 8, ""3"": 5, ""4"": 10, ""5"": 9, ""6"": 7, ""7"": 8}","{""0"": {""enterprise"": 5, ""freemium"": 0, ""premium"": 0}, ""1"": {""premium"": 4, ""freemium"": 6}, ""2"": {""freemium"": 8, ""premium"": 0}, ""3"": {""freemium"": 0, ""enterprise"": 5}, ""4"": {""enterprise"": 0, ""freemium"": 0, ""premium"": 10}, ""5"": {""premium"": 3, ""enterprise"": 2, ""freemium"": 4}, ""6"": {""enterprise"": 2, ""freemium"": 2, ""premium"": 3}, ""7"": {""premium"": 8, ""freemium"": 0}}"
116.660488,finish,w0!w000332__freemium,freemium,1,148,plb_nclass,finish,,,,"{""enterprise"": 2, ""freemium"": 2, ""mixed"": 0, ""premium"": 4}","{""0"": 5, ""1"": 9, ""2"": 8, ""3"": 5, ""4"": 10, ""5"": 9, ""6"": 7, ""7"": 8}","{""0"": {""enterprise"": 5, ""freemium"": 0, ""premium"": 0}, ""1"": {""premium"": 4, ""freemium"": 5}, ""2"": {""freemium"": 8, ""premium"": 0}, ""3"": {""freemium"": 0, ""enterprise"": 5}, ""4"": {""enterprise"": 0, ""freemium"": 0, ""premium"": 10}, ""5"": {""premium"": 3, ""enterprise"": 2, ""freemium"": 4}, ""6"": {""enterprise"": 2, ""freemium"": 2, ""premium"": 3}, ""7"": {""premium"": 8, ""freemium"": 0}}"
116.936253,finish,w0!w000338__premium,premium,4,442,plb_nclass,finish,,,,"{""enterprise"": 2, ""freemium"": 2, ""mixed"": 0, ""premium"": 4}","{""0"": 5, ""1"": 9, ""2"": 8, ""3"": 5, ""4"": 9, ""5"": 9, ""6"": 7, ""7"": 8}","{""0"": {""enterprise"": 5, ""freemium"": 0, ""premium"": 0}, ""1"": {""premium"": 4, ""freemium"": 5}, ""2"": {""freemium"": 8, ""premium"": 0}, ""3"": {""freemium"": 0, ""enterprise"": 5}, ""4"": {""enterprise"": 0, ""freemium"": 0, ""premium"": 9}, ""5"": {""premium"": 3, ""enterprise"": 2, ""freemium"": 4}, ""6"": {""enterprise"": 2, ""freemium"": 2, ""premium"": 3}, ""7"": {""premium"": 8, ""freemium"": 0}}"
117.544145,finish,w0!w000341__premium,premium,7,740,plb_nclass,finish,,,,"{""enterprise"": 2, ""freemium"": 2, ""mixed"": 0, ""premium"": 4}","{""0"": 5, ""1"": 9, ""2"": 8, ""3"": 5, ""4"": 9, ""5"": 9, ""6"": 7, ""7"": 7}","{""0"": {""enterprise"": 5, ""freemium"": 0, ""premium"": 0}, ""1"": {""premium"": 4, ""freemium"": 5}, ""2"": {""freemium"": 8, ""premium"": 0}, ""3"": {""freemium"": 0, ""enterprise"": 5}, ""4"": {""enterprise"": 0, ""freemium"": 0, ""premium"": 9}, ""5"": {""premium"": 3, ""enterprise"": 2, ""freemium"": 4}, ""6"": {""enterprise"": 2, ""freemium"": 2, ""premium"": 3}, ""7"": {""premium"": 7, ""freemium"": 0}}"
117.58264,start,w0!w000394__freemium,freemium,2,256,plb_nclass,own_pool,freemium,freemium,under_theta,"{""enterprise"": 2, ""freemium"": 2, ""mixed"": 0, ""premium"": 4}","{""0"": 5, ""1"": 9, ""2"": 9, ""3"": 5, ""4"": 9, ""5"": 9, ""6"": 7, ""7"": 7}","{""0"": {""enterprise"": 5, ""freemium"": 0, ""premium"": 0}, ""1"": {""premium"": 4, ""freemium"": 5}, ""2"": {""freemium"": 9, ""premium"": 0}, ""3"": {""freemium"": 0, ""enterprise"": 5}, ""4"": {""enterprise"": 0, ""freemium"": 0, ""premium"": 9}, ""5"": {""premium"": 3, ""enterprise"": 2, ""freemium"": 4}, ""6"": {""enterprise"": 2, ""freemium"": 2, ""premium"": 3}, ""7"": {""premium"": 7, ""freemium"": 0}}"
117.864722,start,w0!w000395__premium,premium,6,642,plb_nclass,own_pool,premium,premium,under_theta,"{""enterprise"": 2, ""freemium"": 2, ""mixed"": 0, ""premium"": 4}","{""0"": 5, ""1"": 9, ""2"": 9, ""3"": 5, ""4"": 9, ""5"": 9, ""6"": 8, ""7"": 7}","{""0"": {""enterprise"": 5, ""freemium"": 0, ""premium"": 0}, ""1"": {""premium"": 4, ""freemium"": 5}, ""2"": {""freemium"": 9, ""premium"": 0}, ""3"": {""freemium"": 0, ""enterprise"": 5}, ""4"": {""enterprise"": 0, ""freemium"": 0, ""premium"": 9}, ""5"": {""premium"": 3, ""enterprise"": 2, ""freemium"": 4}, ""6"": {""enterprise"": 2, ""freemium"": 2, ""premium"": 4}, ""7"": {""premium"": 7, ""freemium"": 0}}"
117.920873,start,w0!w000396__enterprise,enterprise,0,49,plb_nclass,own_pool,enterprise,enterprise,under_theta,"{""enterprise"": 2, ""freemium"": 2, ""mixed"": 0, ""premium"": 4}","{""0"": 6, ""1"": 9, ""2"": 9, ""3"": 5, ""4"": 9, ""5"": 9, ""6"": 8, ""7"": 7}","{""0"": {""enterprise"": 6, ""freemium"": 0, ""premium"": 0}, ""1"": {""premium"": 4, ""freemium"": 5}, ""2"": {""freemium"": 9, ""premium"": 0}, ""3"": {""freemium"": 0, ""enterprise"": 5}, ""4"": {""enterprise"": 0, ""freemium"": 0, ""premium"": 9}, ""5"": {""premium"": 3, ""enterprise"": 2, ""freemium"": 4}, ""6"": {""enterprise"": 2, ""freemium"": 2, ""premium"": 4}, ""7"": {""premium"": 7, ""freemium"": 0}}"
118.145499,start,w0!w000397__enterprise,enterprise,3,346,plb_nclass,own_pool,enterprise,enterprise,under_theta,"{""enterprise"": 2, ""freemium"": 2, ""mixed"": 0, ""premium"": 4}","{""0"": 6, ""1"": 9, ""2"": 9, ""3"": 6, ""4"": 9, ""5"": 9, ""6"": 8, ""7"": 7}","{""0"": {""enterprise"": 6, ""freemium"": 0, ""premium"": 0}, ""1"": {""premium"": 4, ""freemium"": 5}, ""2"": {""freemium"": 9, ""premium"": 0}, ""3"": {""freemium"": 0, ""enterprise"": 6}, ""4"": {""enterprise"": 0, ""freemium"": 0, ""premium"": 9}, ""5"": {""premium"": 3, ""enterprise"": 2, ""freemium"": 4}, ""6"": {""enterprise"": 2, ""freemium"": 2, ""premium"": 4}, ""7"": {""premium"": 7, ""freemium"": 0}}"
118.174408,start,w0!w000398__premium,premium,7,747,plb_nclass,own_pool,premium,premium,under_theta,"{""enterprise"": 2, ""freemium"": 2, ""mixed"": 0, ""premium"": 4}","{""0"": 6, ""1"": 9, ""2"": 9, ""3"": 6, ""4"": 9, ""5"": 9, ""6"": 8, ""7"": 8}","{""0"": {""enterprise"": 6, ""freemium"": 0, ""premium"": 0}, ""1"": {""premium"": 4, ""freemium"": 5}, ""2"": {""freemium"": 9, ""premium"": 0}, ""3"": {""freemium"": 0, ""enterprise"": 6}, ""4"": {""enterprise"": 0, ""freemium"": 0, ""premium"": 9}, ""5"": {""premium"": 3, ""enterprise"": 2, ""freemium"": 4}, ""6"": {""enterprise"": 2, ""freemium"": 2, ""premium"": 4}, ""7"": {""premium"": 8, ""freemium"": 0}}"
118.262698,finish,w0!w000356__enterprise,enterprise,6,635,plb_nclass,finish,,,,"{""enterprise"": 2, ""freemium"": 2, ""mixed"": 0, ""premium"": 4}","{""0"": 6, ""1"": 9, ""2"": 9, ""3"": 6, ""4"": 9, ""5"": 9, ""6"": 7, ""7"": 8}","{""0"": {""enterprise"": 6, ""freemium"": 0, ""premium"": 0}, ""1"": {""premium"": 4, ""freemium"": 5}, ""2"": {""freemium"": 9, ""premium"": 0}, ""3"": {""freemium"": 0, ""enterprise"": 6}, ""4"": {""enterprise"": 0, ""freemium"": 0, ""premium"": 9}, ""5"": {""premium"": 3, ""enterprise"": 2, ""freemium"": 4}, ""6"": {""enterprise"": 1, ""freemium"": 2, ""premium"": 4}, ""7"": {""premium"": 8, ""freemium"": 0}}"
118.626068,finish,w0!w000367__premium,premium,5,543,plb_nclass,finish,,,,"{""enterprise"": 2, ""freemium"": 2, ""mixed"": 0, ""premium"": 4}","{""0"": 6, ""1"": 9, ""2"": 9, ""3"": 6, ""4"": 9, ""5"": 8, ""6"": 7, ""7"": 8}","{""0"": {""enterprise"": 6, ""freemium"": 0, ""premium"": 0}, ""1"": {""premium"": 4, ""freemium"": 5}, ""2"": {""freemium"": 9, ""premium"": 0}, ""3"": {""freemium"": 0, ""enterprise"": 6}, ""4"": {""enterprise"": 0, ""freemium"": 0, ""premium"": 9}, ""5"": {""premium"": 2, ""enterprise"": 2, ""freemium"": 4}, ""6"": {""enterprise"": 1, ""freemium"": 2, ""premium"": 4}, ""7"": {""premium"": 8, ""freemium"": 0}}"
118.671581,start,w0!w000399__freemium,freemium,5,546,plb_nclass,own_pool,freemium,freemium,under_theta,"{""enterprise"": 2, ""freemium"": 2, ""mixed"": 0, ""premium"": 4}","{""0"": 6, ""1"": 9, ""2"": 9, ""3"": 6, ""4"": 9, ""5"": 9, ""6"": 7, ""7"": 8}","{""0"": {""enterprise"": 6, ""freemium"": 0, ""premium"": 0}, ""1"": {""premium"": 4, ""freemium"": 5}, ""2"": {""freemium"": 9, ""premium"": 0}, ""3"": {""freemium"": 0, ""enterprise"": 6}, ""4"": {""enterprise"": 0, ""freemium"": 0, ""premium"": 9}, ""5"": {""premium"": 2, ""enterprise"": 2, ""freemium"": 5}, ""6"": {""enterprise"": 1, ""freemium"": 2, ""premium"": 4}, ""7"": {""premium"": 8, ""freemium"": 0}}"
119.173275,start,w0!w000400__premium,premium,6,643,plb_nclass,own_pool,premium,premium,under_theta,"{""enterprise"": 2, ""freemium"": 2, ""mixed"": 0, ""premium"": 4}","{""0"": 6, ""1"": 9, ""2"": 9, ""3"": 6, ""4"": 9, ""5"": 9, ""6"": 8, ""7"": 8}","{""0"": {""enterprise"": 6, ""freemium"": 0, ""premium"": 0}, ""1"": {""premium"": 4, ""freemium"": 5}, ""2"": {""freemium"": 9, ""premium"": 0}, ""3"": {""freemium"": 0, ""enterprise"": 6}, ""4"": {""enterprise"": 0, ""freemium"": 0, ""premium"": 9}, ""5"": {""premium"": 2, ""enterprise"": 2, ""freemium"": 5}, ""6"": {""enterprise"": 1, ""freemium"": 2, ""premium"": 5}, ""7"": {""premium"": 8, ""freemium"": 0}}"
119.176942,start,w0!w000401__enterprise,enterprise,0,50,plb_nclass,own_pool,enterprise,enterprise,under_theta,"{""enterprise"": 2, ""freemium"": 2, ""mixed"": 0, ""premium"": 4}","{""0"": 7, ""1"": 9, ""2"": 9, ""3"": 6, ""4"": 9, ""5"": 9, ""6"": 8, ""7"": 8}","{""0"": {""enterprise"": 7, ""freemium"": 0, ""premium"": 0}, ""1"": {""premium"": 4, ""freemium"": 5}, ""2"": {""freemium"": 9, ""premium"": 0}, ""3"": {""freemium"": 0, ""enterprise"": 6}, ""4"": {""enterprise"": 0, ""freemium"": 0, ""premium"": 9}, ""5"": {""premium"": 2, ""enterprise"": 2, ""freemium"": 5}, ""6"": {""enterprise"": 1, ""freemium"": 2, ""premium"": 5}, ""7"": {""premium"": 8, ""freemium"": 0}}"
119.519329,finish,w0!w000317__enterprise,enterprise,5,537,plb_nclass,finish,,,,"{""enterprise"": 2, ""freemium"": 2, ""mixed"": 0, ""premium"": 4}","{""0"": 7, ""1"": 9, ""2"": 9, ""3"": 6, ""4"": 9, ""5"": 8, ""6"": 8, ""7"": 8}","{""0"": {""enterprise"": 7, ""freemium"": 0, ""premium"": 0}, ""1"": {""premium"": 4, ""freemium"": 5}, ""2"": {""freemium"": 9, ""premium"": 0}, ""3"": {""freemium"": 0, ""enterprise"": 6}, ""4"": {""enterprise"": 0, ""freemium"": 0, ""premium"": 9}, ""5"": {""premium"": 2, ""enterprise"": 1, ""freemium"": 5}, ""6"": {""enterprise"": 1, ""freemium"": 2, ""premium"": 5}, ""7"": {""premium"": 8, ""freemium"": 0}}"
119.944357,start,w0!w000402__freemium,freemium,5,547,plb_nclass,own_pool,freemium,freemium,under_theta,"{""enterprise"": 2, ""freemium"": 2, ""mixed"": 0, ""premium"": 4}","{""0"": 7, ""1"": 9, ""2"": 9, ""3"": 6, ""4"": 9, ""5"": 9, ""6"": 8, ""7"": 8}","{""0"": {""enterprise"": 7, ""freemium"": 0, ""premium"": 0}, ""1"": {""premium"": 4, ""freemium"": 5}, ""2"": {""freemium"": 9, ""premium"": 0}, ""3"": {""freemium"": 0, ""enterprise"": 6}, ""4"": {""enterprise"": 0, ""freemium"": 0, ""premium"": 9}, ""5"": {""premium"": 2, ""enterprise"": 1, ""freemium"": 6}, ""6"": {""enterprise"": 1, ""freemium"": 2, ""premium"": 5}, ""7"": {""premium"": 8, ""freemium"": 0}}"
119.950322,start,w0!w000403__freemium,freemium,2,257,plb_nclass,own_pool,freemium,freemium,under_theta,"{""enterprise"": 2, ""freemium"": 2, ""mixed"": 0, ""premium"": 4}","{""0"": 7, ""1"": 9, ""2"": 10, ""3"": 6, ""4"": 9, ""5"": 9, ""6"": 8, ""7"": 8}","{""0"": {""enterprise"": 7, ""freemium"": 0, ""premium"": 0}, ""1"": {""premium"": 4, ""freemium"": 5}, ""2"": {""freemium"": 10, ""premium"": 0}, ""3"": {""freemium"": 0, ""enterprise"": 6}, ""4"": {""enterprise"": 0, ""freemium"": 0, ""premium"": 9}, ""5"": {""premium"": 2, ""enterprise"": 1, ""freemium"": 6}, ""6"": {""enterprise"": 1, ""freemium"": 2, ""premium"": 5}, ""7"": {""premium"": 8, ""freemium"": 0}}"
120.116684,finish,w0!w000345__freemium,freemium,1,150,plb_nclass,finish,,,,"{""enterprise"": 2, ""freemium"": 2, ""mixed"": 0, ""premium"": 4}","{""0"": 7, ""1"": 8, ""2"": 10, ""3"": 6, ""4"": 9, ""5"": 9, ""6"": 8, ""7"": 8}","{""0"": {""enterprise"": 7, ""freemium"": 0, ""premium"": 0}, ""1"": {""premium"": 4, ""freemium"": 4}, ""2"": {""freemium"": 10, ""premium"": 0}, ""3"": {""freemium"": 0, ""enterprise"": 6}, ""4"": {""enterprise"": 0, ""freemium"": 0, ""premium"": 9}, ""5"": {""premium"": 2, ""enterprise"": 1, ""freemium"": 6}, ""6"": {""enterprise"": 1, ""freemium"": 2, ""premium"": 5}, ""7"": {""premium"": 8, ""freemium"": 0}}"
120.262748,finish,w0!w000324__enterprise,enterprise,5,538,plb_nclass,finish,,,,"{""enterprise"": 2, ""freemium"": 2, ""mixed"": 0, ""premium"": 4}","{""0"": 7, ""1"": 8, ""2"": 10, ""3"": 6, ""4"": 9, ""5"": 8, ""6"": 8, ""7"": 8}","{""0"": {""enterprise"": 7, ""freemium"": 0, ""premium"": 0}, ""1"": {""premium"": 4, ""freemium"": 4}, ""2"": {""freemium"": 10, ""premium"": 0}, ""3"": {""freemium"": 0, ""enterprise"": 6}, ""4"": {""enterprise"": 0, ""freemium"": 0, ""premium"": 9}, ""5"": {""premium"": 2, ""enterprise"": 0, ""freemium"": 6}, ""6"": {""enterprise"": 1, ""freemium"": 2, ""premium"": 5}, ""7"": {""premium"": 8, ""freemium"": 0}}"
120.304507,start,w0!w000404__freemium,freemium,5,548,plb_nclass,own_pool,freemium,freemium,under_theta,"{""enterprise"": 2, ""freemium"": 2, ""mixed"": 0, ""premium"": 4}","{""0"": 7, ""1"": 8, ""2"": 10, ""3"": 6, ""4"": 9, ""5"": 9, ""6"": 8, ""7"": 8}","{""0"": {""enterprise"": 7, ""freemium"": 0, ""premium"": 0}, ""1"": {""premium"": 4, ""freemium"": 4}, ""2"": {""freemium"": 10, ""premium"": 0}, ""3"": {""freemium"": 0, ""enterprise"": 6}, ""4"": {""enterprise"": 0, ""freemium"": 0, ""premium"": 9}, ""5"": {""premium"": 2, ""enterprise"": 0, ""freemium"": 7}, ""6"": {""enterprise"": 1, ""freemium"": 2, ""premium"": 5}, ""7"": {""premium"": 8, ""freemium"": 0}}"
120.463735,start,w0!w000405__premium,premium,1,158,plb_nclass,own_pool,premium,premium,under_theta,"{""enterprise"": 2, ""freemium"": 2, ""mixed"": 0, ""premium"": 4}","{""0"": 7, ""1"": 9, ""2"": 10, ""3"": 6, ""4"": 9, ""5"": 9, ""6"": 8, ""7"": 8}","{""0"": {""enterprise"": 7, ""freemium"": 0, ""premium"": 0}, ""1"": {""premium"": 5, ""freemium"": 4}, ""2"": {""freemium"": 10, ""premium"": 0}, ""3"": {""freemium"": 0, ""enterprise"": 6}, ""4"": {""enterprise"": 0, ""freemium"": 0, ""premium"": 9}, ""5"": {""premium"": 2, ""enterprise"": 0, ""freemium"": 7}, ""6"": {""enterprise"": 1, ""freemium"": 2, ""premium"": 5}, ""7"": {""premium"": 8, ""freemium"": 0}}"
120.668034,finish,w0!w000369__premium,premium,7,744,plb_nclass,finish,,,,"{""enterprise"": 2, ""freemium"": 2, ""mixed"": 0, ""premium"": 4}","{""0"": 7, ""1"": 9, ""2"": 10, ""3"": 6, ""4"": 9, ""5"": 9, ""6"": 8, ""7"": 7}","{""0"": {""enterprise"": 7, ""freemium"": 0, ""premium"": 0}, ""1"": {""premium"": 5, ""freemium"": 4}, ""2"": {""freemium"": 10, ""premium"": 0}, ""3"": {""freemium"": 0, ""enterprise"": 6}, ""4"": {""enterprise"": 0, ""freemium"": 0, ""premium"": 9}, ""5"": {""premium"": 2, ""enterprise"": 0, ""freemium"": 7}, ""6"": {""enterprise"": 1, ""freemium"": 2, ""premium"": 5}, ""7"": {""premium"": 7, ""freemium"": 0}}"
120.671775,start,w0!w000406__enterprise,enterprise,3,347,plb_nclass,own_pool,enterprise,enterprise,under_theta,"{""enterprise"": 2, ""freemium"": 2, ""mixed"": 0, ""premium"": 4}","{""0"": 7, ""1"": 9, ""2"": 10, ""3"": 7, ""4"": 9, ""5"": 9, ""6"": 8, ""7"": 7}","{""0"": {""enterprise"": 7, ""freemium"": 0, ""premium"": 0}, ""1"": {""premium"": 5, ""freemium"": 4}, ""2"": {""freemium"": 10, ""premium"": 0}, ""3"": {""freemium"": 0, ""enterprise"": 7}, ""4"": {""enterprise"": 0, ""freemium"": 0, ""premium"": 9}, ""5"": {""premium"": 2, ""enterprise"": 0, ""freemium"": 7}, ""6"": {""enterprise"": 1, ""freemium"": 2, ""premium"": 5}, ""7"": {""premium"": 7, ""freemium"": 0}}"
120.692615,finish,w0!w000360__enterprise,enterprise,3,343,plb_nclass,finish,,,,"{""enterprise"": 2, ""freemium"": 2, ""mixed"": 0, ""premium"": 4}","{""0"": 7, ""1"": 9, ""2"": 10, ""3"": 6, ""4"": 9, ""5"": 9, ""6"": 8, ""7"": 7}","{""0"": {""enterprise"": 7, ""freemium"": 0, ""premium"": 0}, ""1"": {""premium"": 5, ""freemium"": 4}, ""2"": {""freemium"": 10, ""premium"": 0}, ""3"": {""freemium"": 0, ""enterprise"": 6}, ""4"": {""enterprise"": 0, ""freemium"": 0, ""premium"": 9}, ""5"": {""premium"": 2, ""enterprise"": 0, ""freemium"": 7}, ""6"": {""enterprise"": 1, ""freemium"": 2, ""premium"": 5}, ""7"": {""premium"": 7, ""freemium"": 0}}"
120.800701,finish,w0!w000359__freemium,freemium,5,541,plb_nclass,finish,,,,"{""enterprise"": 2, ""freemium"": 2, ""mixed"": 0, ""premium"": 4}","{""0"": 7, ""1"": 9, ""2"": 10, ""3"": 6, ""4"": 9, ""5"": 8, ""6"": 8, ""7"": 7}","{""0"": {""enterprise"": 7, ""freemium"": 0, ""premium"": 0}, ""1"": {""premium"": 5, ""freemium"": 4}, ""2"": {""freemium"": 10, ""premium"": 0}, ""3"": {""freemium"": 0, ""enterprise"": 6}, ""4"": {""enterprise"": 0, ""freemium"": 0, ""premium"": 9}, ""5"": {""premium"": 2, ""enterprise"": 0, ""freemium"": 6}, ""6"": {""enterprise"": 1, ""freemium"": 2, ""premium"": 5}, ""7"": {""premium"": 7, ""freemium"": 0}}"
120.816664,start,w0!w000407__enterprise,enterprise,3,348,plb_nclass,own_pool,enterprise,enterprise,under_theta,"{""enterprise"": 2, ""freemium"": 2, ""mixed"": 0, ""premium"": 4}","{""0"": 7, ""1"": 9, ""2"": 10, ""3"": 7, ""4"": 9, ""5"": 8, ""6"": 8, ""7"": 7}","{""0"": {""enterprise"": 7, ""freemium"": 0, ""premium"": 0}, ""1"": {""premium"": 5, ""freemium"": 4}, ""2"": {""freemium"": 10, ""premium"": 0}, ""3"": {""freemium"": 0, ""enterprise"": 7}, ""4"": {""enterprise"": 0, ""freemium"": 0, ""premium"": 9}, ""5"": {""premium"": 2, ""enterprise"": 0, ""freemium"": 6}, ""6"": {""enterprise"": 1, ""freemium"": 2, ""premium"": 5}, ""7"": {""premium"": 7, ""freemium"": 0}}"
121.255616,start,w0!w000408__freemium,freemium,5,549,plb_nclass,own_pool,freemium,freemium,under_theta,"{""enterprise"": 2, ""freemium"": 2, ""mixed"": 0, ""premium"": 4}","{""0"": 7, ""1"": 9, ""2"": 10, ""3"": 7, ""4"": 9, ""5"": 9, ""6"": 8, ""7"": 7}","{""0"": {""enterprise"": 7, ""freemium"": 0, ""premium"": 0}, ""1"": {""premium"": 5, ""freemium"": 4}, ""2"": {""freemium"": 10, ""premium"": 0}, ""3"": {""freemium"": 0, ""enterprise"": 7}, ""4"": {""enterprise"": 0, ""freemium"": 0, ""premium"": 9}, ""5"": {""premium"": 2, ""enterprise"": 0, ""freemium"": 7}, ""6"": {""enterprise"": 1, ""freemium"": 2, ""premium"": 5}, ""7"": {""premium"": 7, ""freemium"": 0}}"
121.689469,start,w0!w000409__premium,premium,7,748,plb_nclass,own_pool,premium,premium,under_theta,"{""enterprise"": 2, ""freemium"": 2, ""mixed"": 0, ""premium"": 4}","{""0"": 7, ""1"": 9, ""2"": 10, ""3"": 7, ""4"": 9, ""5"": 9, ""6"": 8, ""7"": 8}","{""0"": {""enterprise"": 7, ""freemium"": 0, ""premium"": 0}, ""1"": {""premium"": 5, ""freemium"": 4}, ""2"": {""freemium"": 10, ""premium"": 0}, ""3"": {""freemium"": 0, ""enterprise"": 7}, ""4"": {""enterprise"": 0, ""freemium"": 0, ""premium"": 9}, ""5"": {""premium"": 2, ""enterprise"": 0, ""freemium"": 7}, ""6"": {""enterprise"": 1, ""freemium"": 2, ""premium"": 5}, ""7"": {""premium"": 8, ""freemium"": 0}}"
121.770483,finish,w0!w000350__enterprise,enterprise,3,342,plb_nclass,finish,,,,"{""enterprise"": 2, ""freemium"": 2, ""mixed"": 0, ""premium"": 4}","{""0"": 7, ""1"": 9, ""2"": 10, ""3"": 6, ""4"": 9, ""5"": 9, ""6"": 8, ""7"": 8}","{""0"": {""enterprise"": 7, ""freemium"": 0, ""premium"": 0}, ""1"": {""premium"": 5, ""freemium"": 4}, ""2"": {""freemium"": 10, ""premium"": 0}, ""3"": {""freemium"": 0, ""enterprise"": 6}, ""4"": {""enterprise"": 0, ""freemium"": 0, ""premium"": 9}, ""5"": {""premium"": 2, ""enterprise"": 0, ""freemium"": 7}, ""6"": {""enterprise"": 1, ""freemium"": 2, ""premium"": 5}, ""7"": {""premium"": 8, ""freemium"": 0}}"
122.074811,start,w0!w000410__premium,premium,6,644,plb_nclass,own_pool,premium,premium,under_theta,"{""enterprise"": 2, ""freemium"": 2, ""mixed"": 0, ""premium"": 4}","{""0"": 7, ""1"": 9, ""2"": 10, ""3"": 6, ""4"": 9, ""5"": 9, ""6"": 9, ""7"": 8}","{""0"": {""enterprise"": 7, ""freemium"": 0, ""premium"": 0}, ""1"": {""premium"": 5, ""freemium"": 4}, ""2"": {""freemium"": 10, ""premium"": 0}, ""3"": {""freemium"": 0, ""enterprise"": 6}, ""4"": {""enterprise"": 0, ""freemium"": 0, ""premium"": 9}, ""5"": {""premium"": 2, ""enterprise"": 0, ""freemium"": 7}, ""6"": {""enterprise"": 1, ""freemium"": 2, ""premium"": 6}, ""7"": {""premium"": 8, ""freemium"": 0}}"
122.310542,start,w0!w000411__freemium,freemium,5,550,plb_nclass,own_pool,freemium,freemium,under_theta,"{""enterprise"": 2, ""freemium"": 2, ""mixed"": 0, ""premium"": 4}","{""0"": 7, ""1"": 9, ""2"": 10, ""3"": 6, ""4"": 9, ""5"": 10, ""6"": 9, ""7"": 8}","{""0"": {""enterprise"": 7, ""freemium"": 0, ""premium"": 0}, ""1"": {""premium"": 5, ""freemium"": 4}, ""2"": {""freemium"": 10, ""premium"": 0}, ""3"": {""freemium"": 0, ""enterprise"": 6}, ""4"": {""enterprise"": 0, ""freemium"": 0, ""premium"": 9}, ""5"": {""premium"": 2, ""enterprise"": 0, ""freemium"": 8}, ""6"": {""enterprise"": 1, ""freemium"": 2, ""premium"": 6}, ""7"": {""premium"": 8, ""freemium"": 0}}"
122.31225,start,w0!w000412__freemium,freemium,7,749,plb_nclass,borrow_higher_surplus,premium,freemium,safe_surplus,"{""enterprise"": 2, ""freemium"": 3, ""mixed"": 0, ""premium"": 3}","{""0"": 7, ""1"": 9, ""2"": 10, ""3"": 6, ""4"": 9, ""5"": 10, ""6"": 9, ""7"": 9}","{""0"": {""enterprise"": 7, ""freemium"": 0, ""premium"": 0}, ""1"": {""premium"": 5, ""freemium"": 4}, ""2"": {""freemium"": 10, ""premium"": 0}, ""3"": {""freemium"": 0, ""enterprise"": 6}, ""4"": {""enterprise"": 0, ""freemium"": 0, ""premium"": 9}, ""5"": {""premium"": 2, ""enterprise"": 0, ""freemium"": 8}, ""6"": {""enterprise"": 1, ""freemium"": 2, ""premium"": 6}, ""7"": {""premium"": 8, ""freemium"": 1}}"
122.608844,finish,w0!w000370__freemium,freemium,1,152,plb_nclass,finish,,,,"{""enterprise"": 2, ""freemium"": 3, ""mixed"": 0, ""premium"": 3}","{""0"": 7, ""1"": 8, ""2"": 10, ""3"": 6, ""4"": 9, ""5"": 10, ""6"": 9, ""7"": 9}","{""0"": {""enterprise"": 7, ""freemium"": 0, ""premium"": 0}, ""1"": {""premium"": 5, ""freemium"": 3}, ""2"": {""freemium"": 10, ""premium"": 0}, ""3"": {""freemium"": 0, ""enterprise"": 6}, ""4"": {""enterprise"": 0, ""freemium"": 0, ""premium"": 9}, ""5"": {""premium"": 2, ""enterprise"": 0, ""freemium"": 8}, ""6"": {""enterprise"": 1, ""freemium"": 2, ""premium"": 6}, ""7"": {""premium"": 8, ""freemium"": 1}}"
122.623864,start,w0!w000413__enterprise,enterprise,3,349,plb_nclass,own_pool,enterprise,enterprise,under_theta,"{""enterprise"": 2, ""freemium"": 3, ""mixed"": 0, ""premium"": 3}","{""0"": 7, ""1"": 8, ""2"": 10, ""3"": 7, ""4"": 9, ""5"": 10, ""6"": 9, ""7"": 9}","{""0"": {""enterprise"": 7, ""freemium"": 0, ""premium"": 0}, ""1"": {""premium"": 5, ""freemium"": 3}, ""2"": {""freemium"": 10, ""premium"": 0}, ""3"": {""freemium"": 0, ""enterprise"": 7}, ""4"": {""enterprise"": 0, ""freemium"": 0, ""premium"": 9}, ""5"": {""premium"": 2, ""enterprise"": 0, ""freemium"": 8}, ""6"": {""enterprise"": 1, ""freemium"": 2, ""premium"": 6}, ""7"": {""premium"": 8, ""freemium"": 1}}"
122.783584,finish,w0!w000320__premium,premium,4,439,plb_nclass,finish,,,,"{""enterprise"": 2, ""freemium"": 3, ""mixed"": 0, ""premium"": 3}","{""0"": 7, ""1"": 8, ""2"": 10, ""3"": 7, ""4"": 8, ""5"": 10, ""6"": 9, ""7"": 9}","{""0"": {""enterprise"": 7, ""freemium"": 0, ""premium"": 0}, ""1"": {""premium"": 5, ""freemium"": 3}, ""2"": {""freemium"": 10, ""premium"": 0}, ""3"": {""freemium"": 0, ""enterprise"": 7}, ""4"": {""enterprise"": 0, ""freemium"": 0, ""premium"": 8}, ""5"": {""premium"": 2, ""enterprise"": 0, ""freemium"": 8}, ""6"": {""enterprise"": 1, ""freemium"": 2, ""premium"": 6}, ""7"": {""premium"": 8, ""freemium"": 1}}"
122.798112,start,w0!w000414__freemium,freemium,7,750,plb_nclass,own_pool,freemium,freemium,under_theta,"{""enterprise"": 2, ""freemium"": 3, ""mixed"": 0, ""premium"": 3}","{""0"": 7, ""1"": 8, ""2"": 10, ""3"": 7, ""4"": 8, ""5"": 10, ""6"": 9, ""7"": 10}","{""0"": {""enterprise"": 7, ""freemium"": 0, ""premium"": 0}, ""1"": {""premium"": 5, ""freemium"": 3}, ""2"": {""freemium"": 10, ""premium"": 0}, ""3"": {""freemium"": 0, ""enterprise"": 7}, ""4"": {""enterprise"": 0, ""freemium"": 0, ""premium"": 8}, ""5"": {""premium"": 2, ""enterprise"": 0, ""freemium"": 8}, ""6"": {""enterprise"": 1, ""freemium"": 2, ""premium"": 6}, ""7"": {""premium"": 8, ""freemium"": 2}}"
122.81551,start,w0!w000415__enterprise,enterprise,0,51,plb_nclass,own_pool,enterprise,enterprise,under_theta,"{""enterprise"": 2, ""freemium"": 3, ""mixed"": 0, ""premium"": 3}","{""0"": 8, ""1"": 8, ""2"": 10, ""3"": 7, ""4"": 8, ""5"": 10, ""6"": 9, ""7"": 10}","{""0"": {""enterprise"": 8, ""freemium"": 0, ""premium"": 0}, ""1"": {""premium"": 5, ""freemium"": 3}, ""2"": {""freemium"": 10, ""premium"": 0}, ""3"": {""freemium"": 0, ""enterprise"": 7}, ""4"": {""enterprise"": 0, ""freemium"": 0, ""premium"": 8}, ""5"": {""premium"": 2, ""enterprise"": 0, ""freemium"": 8}, ""6"": {""enterprise"": 1, ""freemium"": 2, ""premium"": 6}, ""7"": {""premium"": 8, ""freemium"": 2}}"
122.904989,start,w0!w000416__enterprise,enterprise,3,350,plb_nclass,own_pool,enterprise,enterprise,under_theta,"{""enterprise"": 2, ""freemium"": 3, ""mixed"": 0, ""premium"": 3}","{""0"": 8, ""1"": 8, ""2"": 10, ""3"": 8, ""4"": 8, ""5"": 10, ""6"": 9, ""7"": 10}","{""0"": {""enterprise"": 8, ""freemium"": 0, ""premium"": 0}, ""1"": {""premium"": 5, ""freemium"": 3}, ""2"": {""freemium"": 10, ""premium"": 0}, ""3"": {""freemium"": 0, ""enterprise"": 8}, ""4"": {""enterprise"": 0, ""freemium"": 0, ""premium"": 8}, ""5"": {""premium"": 2, ""enterprise"": 0, ""freemium"": 8}, ""6"": {""enterprise"": 1, ""freemium"": 2, ""premium"": 6}, ""7"": {""premium"": 8, ""freemium"": 2}}"
123.24506,finish,w0!w000354__freemium,freemium,2,252,plb_nclass,finish,,,,"{""enterprise"": 2, ""freemium"": 3, ""mixed"": 0, ""premium"": 3}","{""0"": 8, ""1"": 8, ""2"": 9, ""3"": 8, ""4"": 8, ""5"": 10, ""6"": 9, ""7"": 10}","{""0"": {""enterprise"": 8, ""freemium"": 0, ""premium"": 0}, ""1"": {""premium"": 5, ""freemium"": 3}, ""2"": {""freemium"": 9, ""premium"": 0}, ""3"": {""freemium"": 0, ""enterprise"": 8}, ""4"": {""enterprise"": 0, ""freemium"": 0, ""premium"": 8}, ""5"": {""premium"": 2, ""enterprise"": 0, ""freemium"": 8}, ""6"": {""enterprise"": 1, ""freemium"": 2, ""premium"": 6}, ""7"": {""premium"": 8, ""freemium"": 2}}"
123.255837,finish,w0!w000340__premium,premium,7,739,plb_nclass,finish,,,,"{""enterprise"": 2, ""freemium"": 3, ""mixed"": 0, ""premium"": 3}","{""0"": 8, ""1"": 8, ""2"": 9, ""3"": 8, ""4"": 8, ""5"": 10, ""6"": 9, ""7"": 9}","{""0"": {""enterprise"": 8, ""freemium"": 0, ""premium"": 0}, ""1"": {""premium"": 5, ""freemium"": 3}, ""2"": {""freemium"": 9, ""premium"": 0}, ""3"": {""freemium"": 0, ""enterprise"": 8}, ""4"": {""enterprise"": 0, ""freemium"": 0, ""premium"": 8}, ""5"": {""premium"": 2, ""enterprise"": 0, ""freemium"": 8}, ""6"": {""enterprise"": 1, ""freemium"": 2, ""premium"": 6}, ""7"": {""premium"": 7, ""freemium"": 2}}"
123.324005,finish,w0!w000322__enterprise,enterprise,0,43,plb_nclass,finish,,,,"{""enterprise"": 2, ""freemium"": 3, ""mixed"": 0, ""premium"": 3}","{""0"": 7, ""1"": 8, ""2"": 9, ""3"": 8, ""4"": 8, ""5"": 10, ""6"": 9, ""7"": 9}","{""0"": {""enterprise"": 7, ""freemium"": 0, ""premium"": 0}, ""1"": {""premium"": 5, ""freemium"": 3}, ""2"": {""freemium"": 9, ""premium"": 0}, ""3"": {""freemium"": 0, ""enterprise"": 8}, ""4"": {""enterprise"": 0, ""freemium"": 0, ""premium"": 8}, ""5"": {""premium"": 2, ""enterprise"": 0, ""freemium"": 8}, ""6"": {""enterprise"": 1, ""freemium"": 2, ""premium"": 6}, ""7"": {""premium"": 7, ""freemium"": 2}}"
123.398973,finish,w0!w000346__premium,premium,7,741,plb_nclass,finish,,,,"{""enterprise"": 2, ""freemium"": 3, ""mixed"": 0, ""premium"": 3}","{""0"": 7, ""1"": 8, ""2"": 9, ""3"": 8, ""4"": 8, ""5"": 10, ""6"": 9, ""7"": 8}","{""0"": {""enterprise"": 7, ""freemium"": 0, ""premium"": 0}, ""1"": {""premium"": 5, ""freemium"": 3}, ""2"": {""freemium"": 9, ""premium"": 0}, ""3"": {""freemium"": 0, ""enterprise"": 8}, ""4"": {""enterprise"": 0, ""freemium"": 0, ""premium"": 8}, ""5"": {""premium"": 2, ""enterprise"": 0, ""freemium"": 8}, ""6"": {""enterprise"": 1, ""freemium"": 2, ""premium"": 6}, ""7"": {""premium"": 6, ""freemium"": 2}}"
123.433655,finish,w0!w000368__freemium,freemium,5,544,plb_nclass,finish,,,,"{""enterprise"": 2, ""freemium"": 3, ""mixed"": 0, ""premium"": 3}","{""0"": 7, ""1"": 8, ""2"": 9, ""3"": 8, ""4"": 8, ""5"": 9, ""6"": 9, ""7"": 8}","{""0"": {""enterprise"": 7, ""freemium"": 0, ""premium"": 0}, ""1"": {""premium"": 5, ""freemium"": 3}, ""2"": {""freemium"": 9, ""premium"": 0}, ""3"": {""freemium"": 0, ""enterprise"": 8}, ""4"": {""enterprise"": 0, ""freemium"": 0, ""premium"": 8}, ""5"": {""premium"": 2, ""enterprise"": 0, ""freemium"": 7}, ""6"": {""enterprise"": 1, ""freemium"": 2, ""premium"": 6}, ""7"": {""premium"": 6, ""freemium"": 2}}"
123.438197,finish,w0!w000372__premium,premium,4,447,plb_nclass,finish,,,,"{""enterprise"": 2, ""freemium"": 3, ""mixed"": 0, ""premium"": 3}","{""0"": 7, ""1"": 8, ""2"": 9, ""3"": 8, ""4"": 7, ""5"": 9, ""6"": 9, ""7"": 8}","{""0"": {""enterprise"": 7, ""freemium"": 0, ""premium"": 0}, ""1"": {""premium"": 5, ""freemium"": 3}, ""2"": {""freemium"": 9, ""premium"": 0}, ""3"": {""freemium"": 0, ""enterprise"": 8}, ""4"": {""enterprise"": 0, ""freemium"": 0, ""premium"": 7}, ""5"": {""premium"": 2, ""enterprise"": 0, ""freemium"": 7}, ""6"": {""enterprise"": 1, ""freemium"": 2, ""premium"": 6}, ""7"": {""premium"": 6, ""freemium"": 2}}"
123.452205,finish,w0!w000336__premium,premium,4,441,plb_nclass,finish,,,,"{""enterprise"": 2, ""freemium"": 3, ""mixed"": 0, ""premium"": 3}","{""0"": 7, ""1"": 8, ""2"": 9, ""3"": 8, ""4"": 6, ""5"": 9, ""6"": 9, ""7"": 8}","{""0"": {""enterprise"": 7, ""freemium"": 0, ""premium"": 0}, ""1"": {""premium"": 5, ""freemium"": 3}, ""2"": {""freemium"": 9, ""premium"": 0}, ""3"": {""freemium"": 0, ""enterprise"": 8}, ""4"": {""enterprise"": 0, ""freemium"": 0, ""premium"": 6}, ""5"": {""premium"": 2, ""enterprise"": 0, ""freemium"": 7}, ""6"": {""enterprise"": 1, ""freemium"": 2, ""premium"": 6}, ""7"": {""premium"": 6, ""freemium"": 2}}"
123.469808,start,w0!w000417__enterprise,enterprise,0,52,plb_nclass,own_pool,enterprise,enterprise,under_theta,"{""enterprise"": 2, ""freemium"": 3, ""mixed"": 0, ""premium"": 3}","{""0"": 8, ""1"": 8, ""2"": 9, ""3"": 8, ""4"": 6, ""5"": 9, ""6"": 9, ""7"": 8}","{""0"": {""enterprise"": 8, ""freemium"": 0, ""premium"": 0}, ""1"": {""premium"": 5, ""freemium"": 3}, ""2"": {""freemium"": 9, ""premium"": 0}, ""3"": {""freemium"": 0, ""enterprise"": 8}, ""4"": {""enterprise"": 0, ""freemium"": 0, ""premium"": 6}, ""5"": {""premium"": 2, ""enterprise"": 0, ""freemium"": 7}, ""6"": {""enterprise"": 1, ""freemium"": 2, ""premium"": 6}, ""7"": {""premium"": 6, ""freemium"": 2}}"
123.63041,finish,w0!w000385__enterprise,enterprise,0,46,plb_nclass,finish,,,,"{""enterprise"": 2, ""freemium"": 3, ""mixed"": 0, ""premium"": 3}","{""0"": 7, ""1"": 8, ""2"": 9, ""3"": 8, ""4"": 6, ""5"": 9, ""6"": 9, ""7"": 8}","{""0"": {""enterprise"": 7, ""freemium"": 0, ""premium"": 0}, ""1"": {""premium"": 5, ""freemium"": 3}, ""2"": {""freemium"": 9, ""premium"": 0}, ""3"": {""freemium"": 0, ""enterprise"": 8}, ""4"": {""enterprise"": 0, ""freemium"": 0, ""premium"": 6}, ""5"": {""premium"": 2, ""enterprise"": 0, ""freemium"": 7}, ""6"": {""enterprise"": 1, ""freemium"": 2, ""premium"": 6}, ""7"": {""premium"": 6, ""freemium"": 2}}"
123.686115,finish,w0!w000329__freemium,freemium,2,246,plb_nclass,finish,,,,"{""enterprise"": 2, ""freemium"": 3, ""mixed"": 0, ""premium"": 3}","{""0"": 7, ""1"": 8, ""2"": 8, ""3"": 8, ""4"": 6, ""5"": 9, ""6"": 9, ""7"": 8}","{""0"": {""enterprise"": 7, ""freemium"": 0, ""premium"": 0}, ""1"": {""premium"": 5, ""freemium"": 3}, ""2"": {""freemium"": 8, ""premium"": 0}, ""3"": {""freemium"": 0, ""enterprise"": 8}, ""4"": {""enterprise"": 0, ""freemium"": 0, ""premium"": 6}, ""5"": {""premium"": 2, ""enterprise"": 0, ""freemium"": 7}, ""6"": {""enterprise"": 1, ""freemium"": 2, ""premium"": 6}, ""7"": {""premium"": 6, ""freemium"": 2}}"
123.901078,finish,w0!w000366__premium,premium,7,743,plb_nclass,finish,,,,"{""enterprise"": 2, ""freemium"": 3, ""mixed"": 0, ""premium"": 3}","{""0"": 7, ""1"": 8, ""2"": 8, ""3"": 8, ""4"": 6, ""5"": 9, ""6"": 9, ""7"": 7}","{""0"": {""enterprise"": 7, ""freemium"": 0, ""premium"": 0}, ""1"": {""premium"": 5, ""freemium"": 3}, ""2"": {""freemium"": 8, ""premium"": 0}, ""3"": {""freemium"": 0, ""enterprise"": 8}, ""4"": {""enterprise"": 0, ""freemium"": 0, ""premium"": 6}, ""5"": {""premium"": 2, ""enterprise"": 0, ""freemium"": 7}, ""6"": {""enterprise"": 1, ""freemium"": 2, ""premium"": 6}, ""7"": {""premium"": 5, ""freemium"": 2}}"
124.418681,finish,w0!w000374__enterprise,enterprise,0,45,plb_nclass,finish,,,,"{""enterprise"": 2, ""freemium"": 3, ""mixed"": 0, ""premium"": 3}","{""0"": 6, ""1"": 8, ""2"": 8, ""3"": 8, ""4"": 6, ""5"": 9, ""6"": 9, ""7"": 7}","{""0"": {""enterprise"": 6, ""freemium"": 0, ""premium"": 0}, ""1"": {""premium"": 5, ""freemium"": 3}, ""2"": {""freemium"": 8, ""premium"": 0}, ""3"": {""freemium"": 0, ""enterprise"": 8}, ""4"": {""enterprise"": 0, ""freemium"": 0, ""premium"": 6}, ""5"": {""premium"": 2, ""enterprise"": 0, ""freemium"": 7}, ""6"": {""enterprise"": 1, ""freemium"": 2, ""premium"": 6}, ""7"": {""premium"": 5, ""freemium"": 2}}"
124.716735,finish,w0!w000351__freemium,freemium,2,251,plb_nclass,finish,,,,"{""enterprise"": 2, ""freemium"": 3, ""mixed"": 0, ""premium"": 3}","{""0"": 6, ""1"": 8, ""2"": 7, ""3"": 8, ""4"": 6, ""5"": 9, ""6"": 9, ""7"": 7}","{""0"": {""enterprise"": 6, ""freemium"": 0, ""premium"": 0}, ""1"": {""premium"": 5, ""freemium"": 3}, ""2"": {""freemium"": 7, ""premium"": 0}, ""3"": {""freemium"": 0, ""enterprise"": 8}, ""4"": {""enterprise"": 0, ""freemium"": 0, ""premium"": 6}, ""5"": {""premium"": 2, ""enterprise"": 0, ""freemium"": 7}, ""6"": {""enterprise"": 1, ""freemium"": 2, ""premium"": 6}, ""7"": {""premium"": 5, ""freemium"": 2}}"
124.820656,start,w0!w000418__premium,premium,4,450,plb_nclass,own_pool,premium,premium,under_theta,"{""enterprise"": 2, ""freemium"": 3, ""mixed"": 0, ""premium"": 3}","{""0"": 6, ""1"": 8, ""2"": 7, ""3"": 8, ""4"": 7, ""5"": 9, ""6"": 9, ""7"": 7}","{""0"": {""enterprise"": 6, ""freemium"": 0, ""premium"": 0}, ""1"": {""premium"": 5, ""freemium"": 3}, ""2"": {""freemium"": 7, ""premium"": 0}, ""3"": {""freemium"": 0, ""enterprise"": 8}, ""4"": {""enterprise"": 0, ""freemium"": 0, ""premium"": 7}, ""5"": {""premium"": 2, ""enterprise"": 0, ""freemium"": 7}, ""6"": {""enterprise"": 1, ""freemium"": 2, ""premium"": 6}, ""7"": {""premium"": 5, ""freemium"": 2}}"
125.038274,start,w0!w000419__freemium,freemium,2,258,plb_nclass,own_pool,freemium,freemium,under_theta,"{""enterprise"": 2, ""freemium"": 3, ""mixed"": 0, ""premium"": 3}","{""0"": 6, ""1"": 8, ""2"": 8, ""3"": 8, ""4"": 7, ""5"": 9, ""6"": 9, ""7"": 7}","{""0"": {""enterprise"": 6, ""freemium"": 0, ""premium"": 0}, ""1"": {""premium"": 5, ""freemium"": 3}, ""2"": {""freemium"": 8, ""premium"": 0}, ""3"": {""freemium"": 0, ""enterprise"": 8}, ""4"": {""enterprise"": 0, ""freemium"": 0, ""premium"": 7}, ""5"": {""premium"": 2, ""enterprise"": 0, ""freemium"": 7}, ""6"": {""enterprise"": 1, ""freemium"": 2, ""premium"": 6}, ""7"": {""premium"": 5, ""freemium"": 2}}"
125.044874,finish,w0!w000358__freemium,freemium,2,253,plb_nclass,finish,,,,"{""enterprise"": 2, ""freemium"": 3, ""mixed"": 0, ""premium"": 3}","{""0"": 6, ""1"": 8, ""2"": 7, ""3"": 8, ""4"": 7, ""5"": 9, ""6"": 9, ""7"": 7}","{""0"": {""enterprise"": 6, ""freemium"": 0, ""premium"": 0}, ""1"": {""premium"": 5, ""freemium"": 3}, ""2"": {""freemium"": 7, ""premium"": 0}, ""3"": {""freemium"": 0, ""enterprise"": 8}, ""4"": {""enterprise"": 0, ""freemium"": 0, ""premium"": 7}, ""5"": {""premium"": 2, ""enterprise"": 0, ""freemium"": 7}, ""6"": {""enterprise"": 1, ""freemium"": 2, ""premium"": 6}, ""7"": {""premium"": 5, ""freemium"": 2}}"
125.28932,finish,w0!w000364__premium,premium,4,446,plb_nclass,finish,,,,"{""enterprise"": 2, ""freemium"": 3, ""mixed"": 0, ""premium"": 3}","{""0"": 6, ""1"": 8, ""2"": 7, ""3"": 8, ""4"": 6, ""5"": 9, ""6"": 9, ""7"": 7}","{""0"": {""enterprise"": 6, ""freemium"": 0, ""premium"": 0}, ""1"": {""premium"": 5, ""freemium"": 3}, ""2"": {""freemium"": 7, ""premium"": 0}, ""3"": {""freemium"": 0, ""enterprise"": 8}, ""4"": {""enterprise"": 0, ""freemium"": 0, ""premium"": 6}, ""5"": {""premium"": 2, ""enterprise"": 0, ""freemium"": 7}, ""6"": {""enterprise"": 1, ""freemium"": 2, ""premium"": 6}, ""7"": {""premium"": 5, ""freemium"": 2}}"
125.322769,finish,w0!w000375__premium,premium,7,746,plb_nclass,finish,,,,"{""enterprise"": 2, ""freemium"": 3, ""mixed"": 0, ""premium"": 3}","{""0"": 6, ""1"": 8, ""2"": 7, ""3"": 8, ""4"": 6, ""5"": 9, ""6"": 9, ""7"": 6}","{""0"": {""enterprise"": 6, ""freemium"": 0, ""premium"": 0}, ""1"": {""premium"": 5, ""freemium"": 3}, ""2"": {""freemium"": 7, ""premium"": 0}, ""3"": {""freemium"": 0, ""enterprise"": 8}, ""4"": {""enterprise"": 0, ""freemium"": 0, ""premium"": 6}, ""5"": {""premium"": 2, ""enterprise"": 0, ""freemium"": 7}, ""6"": {""enterprise"": 1, ""freemium"": 2, ""premium"": 6}, ""7"": {""premium"": 4, ""freemium"": 2}}"
125.656765,start,w0!w000420__premium,premium,4,451,plb_nclass,own_pool,premium,premium,under_theta,"{""enterprise"": 2, ""freemium"": 3, ""mixed"": 0, ""premium"": 3}","{""0"": 6, ""1"": 8, ""2"": 7, ""3"": 8, ""4"": 7, ""5"": 9, ""6"": 9, ""7"": 6}","{""0"": {""enterprise"": 6, ""freemium"": 0, ""premium"": 0}, ""1"": {""premium"": 5, ""freemium"": 3}, ""2"": {""freemium"": 7, ""premium"": 0}, ""3"": {""freemium"": 0, ""enterprise"": 8}, ""4"": {""enterprise"": 0, ""freemium"": 0, ""premium"": 7}, ""5"": {""premium"": 2, ""enterprise"": 0, ""freemium"": 7}, ""6"": {""enterprise"": 1, ""freemium"": 2, ""premium"": 6}, ""7"": {""premium"": 4, ""freemium"": 2}}"
125.861811,finish,w0!w000365__enterprise,enterprise,6,636,plb_nclass,finish,,,,"{""enterprise"": 2, ""freemium"": 3, ""mixed"": 0, ""premium"": 3}","{""0"": 6, ""1"": 8, ""2"": 7, ""3"": 8, ""4"": 7, ""5"": 9, ""6"": 8, ""7"": 6}","{""0"": {""enterprise"": 6, ""freemium"": 0, ""premium"": 0}, ""1"": {""premium"": 5, ""freemium"": 3}, ""2"": {""freemium"": 7, ""premium"": 0}, ""3"": {""freemium"": 0, ""enterprise"": 8}, ""4"": {""enterprise"": 0, ""freemium"": 0, ""premium"": 7}, ""5"": {""premium"": 2, ""enterprise"": 0, ""freemium"": 7}, ""6"": {""enterprise"": 0, ""freemium"": 2, ""premium"": 6}, ""7"": {""premium"": 4, ""freemium"": 2}}"
125.864439,finish,w0!w000371__premium,premium,7,745,plb_nclass,finish,,,,"{""enterprise"": 2, ""freemium"": 3, ""mixed"": 0, ""premium"": 3}","{""0"": 6, ""1"": 8, ""2"": 7, ""3"": 8, ""4"": 7, ""5"": 9, ""6"": 8, ""7"": 5}","{""0"": {""enterprise"": 6, ""freemium"": 0, ""premium"": 0}, ""1"": {""premium"": 5, ""freemium"": 3}, ""2"": {""freemium"": 7, ""premium"": 0}, ""3"": {""freemium"": 0, ""enterprise"": 8}, ""4"": {""enterprise"": 0, ""freemium"": 0, ""premium"": 7}, ""5"": {""premium"": 2, ""enterprise"": 0, ""freemium"": 7}, ""6"": {""enterprise"": 0, ""freemium"": 2, ""premium"": 6}, ""7"": {""premium"": 3, ""freemium"": 2}}"
125.889599,finish,w0!w000342__freemium,freemium,2,249,plb_nclass,finish,,,,"{""enterprise"": 2, ""freemium"": 3, ""mixed"": 0, ""premium"": 3}","{""0"": 6, ""1"": 8, ""2"": 6, ""3"": 8, ""4"": 7, ""5"": 9, ""6"": 8, ""7"": 5}","{""0"": {""enterprise"": 6, ""freemium"": 0, ""premium"": 0}, ""1"": {""premium"": 5, ""freemium"": 3}, ""2"": {""freemium"": 6, ""premium"": 0}, ""3"": {""freemium"": 0, ""enterprise"": 8}, ""4"": {""enterprise"": 0, ""freemium"": 0, ""premium"": 7}, ""5"": {""premium"": 2, ""enterprise"": 0, ""freemium"": 7}, ""6"": {""enterprise"": 0, ""freemium"": 2, ""premium"": 6}, ""7"": {""premium"": 3, ""freemium"": 2}}"
125.96711,start,w0!w000421__enterprise,enterprise,0,53,plb_nclass,own_pool,enterprise,enterprise,under_theta,"{""enterprise"": 2, ""freemium"": 3, ""mixed"": 0, ""premium"": 3}","{""0"": 7, ""1"": 8, ""2"": 6, ""3"": 8, ""4"": 7, ""5"": 9, ""6"": 8, ""7"": 5}","{""0"": {""enterprise"": 7, ""freemium"": 0, ""premium"": 0}, ""1"": {""premium"": 5, ""freemium"": 3}, ""2"": {""freemium"": 6, ""premium"": 0}, ""3"": {""freemium"": 0, ""enterprise"": 8}, ""4"": {""enterprise"": 0, ""freemium"": 0, ""premium"": 7}, ""5"": {""premium"": 2, ""enterprise"": 0, ""freemium"": 7}, ""6"": {""enterprise"": 0, ""freemium"": 2, ""premium"": 6}, ""7"": {""premium"": 3, ""freemium"": 2}}"
126.053944,finish,w0!w000376__freemium,freemium,1,153,plb_nclass,finish,,,,"{""enterprise"": 2, ""freemium"": 3, ""mixed"": 0, ""premium"": 3}","{""0"": 7, ""1"": 7, ""2"": 6, ""3"": 8, ""4"": 7, ""5"": 9, ""6"": 8, ""7"": 5}","{""0"": {""enterprise"": 7, ""freemium"": 0, ""premium"": 0}, ""1"": {""premium"": 5, ""freemium"": 2}, ""2"": {""freemium"": 6, ""premium"": 0}, ""3"": {""freemium"": 0, ""enterprise"": 8}, ""4"": {""enterprise"": 0, ""freemium"": 0, ""premium"": 7}, ""5"": {""premium"": 2, ""enterprise"": 0, ""freemium"": 7}, ""6"": {""enterprise"": 0, ""freemium"": 2, ""premium"": 6}, ""7"": {""premium"": 3, ""freemium"": 2}}"
126.078197,finish,w0!w000357__premium,premium,5,540,plb_nclass,finish,,,,"{""enterprise"": 2, ""freemium"": 3, ""mixed"": 0, ""premium"": 3}","{""0"": 7, ""1"": 7, ""2"": 6, ""3"": 8, ""4"": 7, ""5"": 8, ""6"": 8, ""7"": 5}","{""0"": {""enterprise"": 7, ""freemium"": 0, ""premium"": 0}, ""1"": {""premium"": 5, ""freemium"": 2}, ""2"": {""freemium"": 6, ""premium"": 0}, ""3"": {""freemium"": 0, ""enterprise"": 8}, ""4"": {""enterprise"": 0, ""freemium"": 0, ""premium"": 7}, ""5"": {""premium"": 1, ""enterprise"": 0, ""freemium"": 7}, ""6"": {""enterprise"": 0, ""freemium"": 2, ""premium"": 6}, ""7"": {""premium"": 3, ""freemium"": 2}}"
126.089656,start,w0!w000422__enterprise,enterprise,0,54,plb_nclass,own_pool,enterprise,enterprise,under_theta,"{""enterprise"": 2, ""freemium"": 3, ""mixed"": 0, ""premium"": 3}","{""0"": 8, ""1"": 7, ""2"": 6, ""3"": 8, ""4"": 7, ""5"": 8, ""6"": 8, ""7"": 5}","{""0"": {""enterprise"": 8, ""freemium"": 0, ""premium"": 0}, ""1"": {""premium"": 5, ""freemium"": 2}, ""2"": {""freemium"": 6, ""premium"": 0}, ""3"": {""freemium"": 0, ""enterprise"": 8}, ""4"": {""enterprise"": 0, ""freemium"": 0, ""premium"": 7}, ""5"": {""premium"": 1, ""enterprise"": 0, ""freemium"": 7}, ""6"": {""enterprise"": 0, ""freemium"": 2, ""premium"": 6}, ""7"": {""premium"": 3, ""freemium"": 2}}"
126.094736,start,w0!w000423__freemium,freemium,7,751,plb_nclass,own_pool,freemium,freemium,under_theta,"{""enterprise"": 2, ""freemium"": 3, ""mixed"": 0, ""premium"": 3}","{""0"": 8, ""1"": 7, ""2"": 6, ""3"": 8, ""4"": 7, ""5"": 8, ""6"": 8, ""7"": 6}","{""0"": {""enterprise"": 8, ""freemium"": 0, ""premium"": 0}, ""1"": {""premium"": 5, ""freemium"": 2}, ""2"": {""freemium"": 6, ""premium"": 0}, ""3"": {""freemium"": 0, ""enterprise"": 8}, ""4"": {""enterprise"": 0, ""freemium"": 0, ""premium"": 7}, ""5"": {""premium"": 1, ""enterprise"": 0, ""freemium"": 7}, ""6"": {""enterprise"": 0, ""freemium"": 2, ""premium"": 6}, ""7"": {""premium"": 3, ""freemium"": 3}}"
126.236144,start,w0!w000424__freemium,freemium,2,259,plb_nclass,own_pool,freemium,freemium,under_theta,"{""enterprise"": 2, ""freemium"": 3, ""mixed"": 0, ""premium"": 3}","{""0"": 8, ""1"": 7, ""2"": 7, ""3"": 8, ""4"": 7, ""5"": 8, ""6"": 8, ""7"": 6}","{""0"": {""enterprise"": 8, ""freemium"": 0, ""premium"": 0}, ""1"": {""premium"": 5, ""freemium"": 2}, ""2"": {""freemium"": 7, ""premium"": 0}, ""3"": {""freemium"": 0, ""enterprise"": 8}, ""4"": {""enterprise"": 0, ""freemium"": 0, ""premium"": 7}, ""5"": {""premium"": 1, ""enterprise"": 0, ""freemium"": 7}, ""6"": {""enterprise"": 0, ""freemium"": 2, ""premium"": 6}, ""7"": {""premium"": 3, ""freemium"": 3}}"
126.244589,finish,w0!w000352__freemium,freemium,1,151,plb_nclass,finish,,,,"{""enterprise"": 2, ""freemium"": 3, ""mixed"": 0, ""premium"": 3}","{""0"": 8, ""1"": 6, ""2"": 7, ""3"": 8, ""4"": 7, ""5"": 8, ""6"": 8, ""7"": 6}","{""0"": {""enterprise"": 8, ""freemium"": 0, ""premium"": 0}, ""1"": {""premium"": 5, ""freemium"": 1}, ""2"": {""freemium"": 7, ""premium"": 0}, ""3"": {""freemium"": 0, ""enterprise"": 8}, ""4"": {""enterprise"": 0, ""freemium"": 0, ""premium"": 7}, ""5"": {""premium"": 1, ""enterprise"": 0, ""freemium"": 7}, ""6"": {""enterprise"": 0, ""freemium"": 2, ""premium"": 6}, ""7"": {""premium"": 3, ""freemium"": 3}}"
126.532802,finish,w0!w000362__enterprise,enterprise,3,344,plb_nclass,finish,,,,"{""enterprise"": 2, ""freemium"": 3, ""mixed"": 0, ""premium"": 3}","{""0"": 8, ""1"": 6, ""2"": 7, ""3"": 7, ""4"": 7, ""5"": 8, ""6"": 8, ""7"": 6}","{""0"": {""enterprise"": 8, ""freemium"": 0, ""premium"": 0}, ""1"": {""premium"": 5, ""freemium"": 1}, ""2"": {""freemium"": 7, ""premium"": 0}, ""3"": {""freemium"": 0, ""enterprise"": 7}, ""4"": {""enterprise"": 0, ""freemium"": 0, ""premium"": 7}, ""5"": {""premium"": 1, ""enterprise"": 0, ""freemium"": 7}, ""6"": {""enterprise"": 0, ""freemium"": 2, ""premium"": 6}, ""7"": {""premium"": 3, ""freemium"": 3}}"
126.862875,start,w0!w000425__enterprise,enterprise,3,351,plb_nclass,own_pool,enterprise,enterprise,under_theta,"{""enterprise"": 2, ""freemium"": 3, ""mixed"": 0, ""premium"": 3}","{""0"": 8, ""1"": 6, ""2"": 7, ""3"": 8, ""4"": 7, ""5"": 8, ""6"": 8, ""7"": 6}","{""0"": {""enterprise"": 8, ""freemium"": 0, ""premium"": 0}, ""1"": {""premium"": 5, ""freemium"": 1}, ""2"": {""freemium"": 7, ""premium"": 0}, ""3"": {""freemium"": 0, ""enterprise"": 8}, ""4"": {""enterprise"": 0, ""freemium"": 0, ""premium"": 7}, ""5"": {""premium"": 1, ""enterprise"": 0, ""freemium"": 7}, ""6"": {""enterprise"": 0, ""freemium"": 2, ""premium"": 6}, ""7"": {""premium"": 3, ""freemium"": 3}}"
126.87352,start,w0!w000426__freemium,freemium,7,752,plb_nclass,own_pool,freemium,freemium,under_theta,"{""enterprise"": 2, ""freemium"": 3, ""mixed"": 0, ""premium"": 3}","{""0"": 8, ""1"": 6, ""2"": 7, ""3"": 8, ""4"": 7, ""5"": 8, ""6"": 8, ""7"": 7}","{""0"": {""enterprise"": 8, ""freemium"": 0, ""premium"": 0}, ""1"": {""premium"": 5, ""freemium"": 1}, ""2"": {""freemium"": 7, ""premium"": 0}, ""3"": {""freemium"": 0, ""enterprise"": 8}, ""4"": {""enterprise"": 0, ""freemium"": 0, ""premium"": 7}, ""5"": {""premium"": 1, ""enterprise"": 0, ""freemium"": 7}, ""6"": {""enterprise"": 0, ""freemium"": 2, ""premium"": 6}, ""7"": {""premium"": 3, ""freemium"": 4}}"
126.941732,start,w0!w000427__premium,premium,1,159,plb_nclass,own_pool,premium,premium,under_theta,"{""enterprise"": 2, ""freemium"": 3, ""mixed"": 0, ""premium"": 3}","{""0"": 8, ""1"": 7, ""2"": 7, ""3"": 8, ""4"": 7, ""5"": 8, ""6"": 8, ""7"": 7}","{""0"": {""enterprise"": 8, ""freemium"": 0, ""premium"": 0}, ""1"": {""premium"": 6, ""freemium"": 1}, ""2"": {""freemium"": 7, ""premium"": 0}, ""3"": {""freemium"": 0, ""enterprise"": 8}, ""4"": {""enterprise"": 0, ""freemium"": 0, ""premium"": 7}, ""5"": {""premium"": 1, ""enterprise"": 0, ""freemium"": 7}, ""6"": {""enterprise"": 0, ""freemium"": 2, ""premium"": 6}, ""7"": {""premium"": 3, ""freemium"": 4}}"
127.132287,start,w0!w000428__premium,premium,1,160,plb_nclass,own_pool,premium,premium,under_theta,"{""enterprise"": 2, ""freemium"": 3, ""mixed"": 0, ""premium"": 3}","{""0"": 8, ""1"": 8, ""2"": 7, ""3"": 8, ""4"": 7, ""5"": 8, ""6"": 8, ""7"": 7}","{""0"": {""enterprise"": 8, ""freemium"": 0, ""premium"": 0}, ""1"": {""premium"": 7, ""freemium"": 1}, ""2"": {""freemium"": 7, ""premium"": 0}, ""3"": {""freemium"": 0, ""enterprise"": 8}, ""4"": {""enterprise"": 0, ""freemium"": 0, ""premium"": 7}, ""5"": {""premium"": 1, ""enterprise"": 0, ""freemium"": 7}, ""6"": {""enterprise"": 0, ""freemium"": 2, ""premium"": 6}, ""7"": {""premium"": 3, ""freemium"": 4}}"
127.418857,finish,w0!w000348__premium,premium,4,443,plb_nclass,finish,,,,"{""enterprise"": 2, ""freemium"": 3, ""mixed"": 0, ""premium"": 3}","{""0"": 8, ""1"": 8, ""2"": 7, ""3"": 8, ""4"": 6, ""5"": 8, ""6"": 8, ""7"": 7}","{""0"": {""enterprise"": 8, ""freemium"": 0, ""premium"": 0}, ""1"": {""premium"": 7, ""freemium"": 1}, ""2"": {""freemium"": 7, ""premium"": 0}, ""3"": {""freemium"": 0, ""enterprise"": 8}, ""4"": {""enterprise"": 0, ""freemium"": 0, ""premium"": 6}, ""5"": {""premium"": 1, ""enterprise"": 0, ""freemium"": 7}, ""6"": {""enterprise"": 0, ""freemium"": 2, ""premium"": 6}, ""7"": {""premium"": 3, ""freemium"": 4}}"
127.54008,finish,w0!w000389__premium,premium,6,641,plb_nclass,finish,,,,"{""enterprise"": 2, ""freemium"": 3, ""mixed"": 0, ""premium"": 3}","{""0"": 8, ""1"": 8, ""2"": 7, ""3"": 8, ""4"": 6, ""5"": 8, ""6"": 7, ""7"": 7}","{""0"": {""enterprise"": 8, ""freemium"": 0, ""premium"": 0}, ""1"": {""premium"": 7, ""freemium"": 1}, ""2"": {""freemium"": 7, ""premium"": 0}, ""3"": {""freemium"": 0, ""enterprise"": 8}, ""4"": {""enterprise"": 0, ""freemium"": 0, ""premium"": 6}, ""5"": {""premium"": 1, ""enterprise"": 0, ""freemium"": 7}, ""6"": {""enterprise"": 0, ""freemium"": 2, ""premium"": 5}, ""7"": {""premium"": 3, ""freemium"": 4}}"
128.212559,start,w0!w000429__premium,premium,4,452,plb_nclass,own_pool,premium,premium,under_theta,"{""enterprise"": 2, ""freemium"": 3, ""mixed"": 0, ""premium"": 3}","{""0"": 8, ""1"": 8, ""2"": 7, ""3"": 8, ""4"": 7, ""5"": 8, ""6"": 7, ""7"": 7}","{""0"": {""enterprise"": 8, ""freemium"": 0, ""premium"": 0}, ""1"": {""premium"": 7, ""freemium"": 1}, ""2"": {""freemium"": 7, ""premium"": 0}, ""3"": {""freemium"": 0, ""enterprise"": 8}, ""4"": {""enterprise"": 0, ""freemium"": 0, ""premium"": 7}, ""5"": {""premium"": 1, ""enterprise"": 0, ""freemium"": 7}, ""6"": {""enterprise"": 0, ""freemium"": 2, ""premium"": 5}, ""7"": {""premium"": 3, ""freemium"": 4}}"
128.397558,start,w0!w000430__enterprise,enterprise,0,55,plb_nclass,own_pool,enterprise,enterprise,under_theta,"{""enterprise"": 2, ""freemium"": 3, ""mixed"": 0, ""premium"": 3}","{""0"": 9, ""1"": 8, ""2"": 7, ""3"": 8, ""4"": 7, ""5"": 8, ""6"": 7, ""7"": 7}","{""0"": {""enterprise"": 9, ""freemium"": 0, ""premium"": 0}, ""1"": {""premium"": 7, ""freemium"": 1}, ""2"": {""freemium"": 7, ""premium"": 0}, ""3"": {""freemium"": 0, ""enterprise"": 8}, ""4"": {""enterprise"": 0, ""freemium"": 0, ""premium"": 7}, ""5"": {""premium"": 1, ""enterprise"": 0, ""freemium"": 7}, ""6"": {""enterprise"": 0, ""freemium"": 2, ""premium"": 5}, ""7"": {""premium"": 3, ""freemium"": 4}}"
128.591157,finish,w0!w000349__premium,premium,4,444,plb_nclass,finish,,,,"{""enterprise"": 2, ""freemium"": 3, ""mixed"": 0, ""premium"": 3}","{""0"": 9, ""1"": 8, ""2"": 7, ""3"": 8, ""4"": 6, ""5"": 8, ""6"": 7, ""7"": 7}","{""0"": {""enterprise"": 9, ""freemium"": 0, ""premium"": 0}, ""1"": {""premium"": 7, ""freemium"": 1}, ""2"": {""freemium"": 7, ""premium"": 0}, ""3"": {""freemium"": 0, ""enterprise"": 8}, ""4"": {""enterprise"": 0, ""freemium"": 0, ""premium"": 6}, ""5"": {""premium"": 1, ""enterprise"": 0, ""freemium"": 7}, ""6"": {""enterprise"": 0, ""freemium"": 2, ""premium"": 5}, ""7"": {""premium"": 3, ""freemium"": 4}}"
128.654363,start,w0!w000431__premium,premium,4,453,plb_nclass,own_pool,premium,premium,under_theta,"{""enterprise"": 2, ""freemium"": 3, ""mixed"": 0, ""premium"": 3}","{""0"": 9, ""1"": 8, ""2"": 7, ""3"": 8, ""4"": 7, ""5"": 8, ""6"": 7, ""7"": 7}","{""0"": {""enterprise"": 9, ""freemium"": 0, ""premium"": 0}, ""1"": {""premium"": 7, ""freemium"": 1}, ""2"": {""freemium"": 7, ""premium"": 0}, ""3"": {""freemium"": 0, ""enterprise"": 8}, ""4"": {""enterprise"": 0, ""freemium"": 0, ""premium"": 7}, ""5"": {""premium"": 1, ""enterprise"": 0, ""freemium"": 7}, ""6"": {""enterprise"": 0, ""freemium"": 2, ""premium"": 5}, ""7"": {""premium"": 3, ""freemium"": 4}}"
128.777295,finish,w0!w000382__premium,premium,1,157,plb_nclass,finish,,,,"{""enterprise"": 2, ""freemium"": 3, ""mixed"": 0, ""premium"": 3}","{""0"": 9, ""1"": 7, ""2"": 7, ""3"": 8, ""4"": 7, ""5"": 8, ""6"": 7, ""7"": 7}","{""0"": {""enterprise"": 9, ""freemium"": 0, ""premium"": 0}, ""1"": {""premium"": 6, ""freemium"": 1}, ""2"": {""freemium"": 7, ""premium"": 0}, ""3"": {""freemium"": 0, ""enterprise"": 8}, ""4"": {""enterprise"": 0, ""freemium"": 0, ""premium"": 7}, ""5"": {""premium"": 1, ""enterprise"": 0, ""freemium"": 7}, ""6"": {""enterprise"": 0, ""freemium"": 2, ""premium"": 5}, ""7"": {""premium"": 3, ""freemium"": 4}}"
129.701966,start,w0!w000432__enterprise,enterprise,3,352,plb_nclass,own_pool,enterprise,enterprise,under_theta,"{""enterprise"": 2, ""freemium"": 3, ""mixed"": 0, ""premium"": 3}","{""0"": 9, ""1"": 7, ""2"": 7, ""3"": 9, ""4"": 7, ""5"": 8, ""6"": 7, ""7"": 7}","{""0"": {""enterprise"": 9, ""freemium"": 0, ""premium"": 0}, ""1"": {""premium"": 6, ""freemium"": 1}, ""2"": {""freemium"": 7, ""premium"": 0}, ""3"": {""freemium"": 0, ""enterprise"": 9}, ""4"": {""enterprise"": 0, ""freemium"": 0, ""premium"": 7}, ""5"": {""premium"": 1, ""enterprise"": 0, ""freemium"": 7}, ""6"": {""enterprise"": 0, ""freemium"": 2, ""premium"": 5}, ""7"": {""premium"": 3, ""freemium"": 4}}"
130.138533,finish,w0!w000402__freemium,freemium,5,547,plb_nclass,finish,,,,"{""enterprise"": 2, ""freemium"": 3, ""mixed"": 0, ""premium"": 3}","{""0"": 9, ""1"": 7, ""2"": 7, ""3"": 9, ""4"": 7, ""5"": 7, ""6"": 7, ""7"": 7}","{""0"": {""enterprise"": 9, ""freemium"": 0, ""premium"": 0}, ""1"": {""premium"": 6, ""freemium"": 1}, ""2"": {""freemium"": 7, ""premium"": 0}, ""3"": {""freemium"": 0, ""enterprise"": 9}, ""4"": {""enterprise"": 0, ""freemium"": 0, ""premium"": 7}, ""5"": {""premium"": 1, ""enterprise"": 0, ""freemium"": 6}, ""6"": {""enterprise"": 0, ""freemium"": 2, ""premium"": 5}, ""7"": {""premium"": 3, ""freemium"": 4}}"
130.330365,start,w0!w000433__freemium,freemium,2,260,plb_nclass,own_pool,freemium,freemium,under_theta,"{""enterprise"": 2, ""freemium"": 3, ""mixed"": 0, ""premium"": 3}","{""0"": 9, ""1"": 7, ""2"": 8, ""3"": 9, ""4"": 7, ""5"": 7, ""6"": 7, ""7"": 7}","{""0"": {""enterprise"": 9, ""freemium"": 0, ""premium"": 0}, ""1"": {""premium"": 6, ""freemium"": 1}, ""2"": {""freemium"": 8, ""premium"": 0}, ""3"": {""freemium"": 0, ""enterprise"": 9}, ""4"": {""enterprise"": 0, ""freemium"": 0, ""premium"": 7}, ""5"": {""premium"": 1, ""enterprise"": 0, ""freemium"": 6}, ""6"": {""enterprise"": 0, ""freemium"": 2, ""premium"": 5}, ""7"": {""premium"": 3, ""freemium"": 4}}"
131.019566,finish,w0!w000344__freemium,freemium,2,250,plb_nclass,finish,,,,"{""enterprise"": 2, ""freemium"": 3, ""mixed"": 0, ""premium"": 3}","{""0"": 9, ""1"": 7, ""2"": 7, ""3"": 9, ""4"": 7, ""5"": 7, ""6"": 7, ""7"": 7}","{""0"": {""enterprise"": 9, ""freemium"": 0, ""premium"": 0}, ""1"": {""premium"": 6, ""freemium"": 1}, ""2"": {""freemium"": 7, ""premium"": 0}, ""3"": {""freemium"": 0, ""enterprise"": 9}, ""4"": {""enterprise"": 0, ""freemium"": 0, ""premium"": 7}, ""5"": {""premium"": 1, ""enterprise"": 0, ""freemium"": 6}, ""6"": {""enterprise"": 0, ""freemium"": 2, ""premium"": 5}, ""7"": {""premium"": 3, ""freemium"": 4}}"
131.213312,finish,w0!w000377__premium,premium,4,449,plb_nclass,finish,,,,"{""enterprise"": 2, ""freemium"": 3, ""mixed"": 0, ""premium"": 3}","{""0"": 9, ""1"": 7, ""2"": 7, ""3"": 9, ""4"": 6, ""5"": 7, ""6"": 7, ""7"": 7}","{""0"": {""enterprise"": 9, ""freemium"": 0, ""premium"": 0}, ""1"": {""premium"": 6, ""freemium"": 1}, ""2"": {""freemium"": 7, ""premium"": 0}, ""3"": {""freemium"": 0, ""enterprise"": 9}, ""4"": {""enterprise"": 0, ""freemium"": 0, ""premium"": 6}, ""5"": {""premium"": 1, ""enterprise"": 0, ""freemium"": 6}, ""6"": {""enterprise"": 0, ""freemium"": 2, ""premium"": 5}, ""7"": {""premium"": 3, ""freemium"": 4}}"
131.366194,finish,w0!w000343__freemium,freemium,1,149,plb_nclass,finish,,,,"{""enterprise"": 2, ""freemium"": 3, ""mixed"": 0, ""premium"": 3}","{""0"": 9, ""1"": 6, ""2"": 7, ""3"": 9, ""4"": 6, ""5"": 7, ""6"": 7, ""7"": 7}","{""0"": {""enterprise"": 9, ""freemium"": 0, ""premium"": 0}, ""1"": {""premium"": 6, ""freemium"": 0}, ""2"": {""freemium"": 7, ""premium"": 0}, ""3"": {""freemium"": 0, ""enterprise"": 9}, ""4"": {""enterprise"": 0, ""freemium"": 0, ""premium"": 6}, ""5"": {""premium"": 1, ""enterprise"": 0, ""freemium"": 6}, ""6"": {""enterprise"": 0, ""freemium"": 2, ""premium"": 5}, ""7"": {""premium"": 3, ""freemium"": 4}}"
131.383655,start,w0!w000434__enterprise,enterprise,0,56,plb_nclass,own_pool,enterprise,enterprise,under_theta,"{""enterprise"": 2, ""freemium"": 3, ""mixed"": 0, ""premium"": 3}","{""0"": 10, ""1"": 6, ""2"": 7, ""3"": 9, ""4"": 6, ""5"": 7, ""6"": 7, ""7"": 7}","{""0"": {""enterprise"": 10, ""freemium"": 0, ""premium"": 0}, ""1"": {""premium"": 6, ""freemium"": 0}, ""2"": {""freemium"": 7, ""premium"": 0}, ""3"": {""freemium"": 0, ""enterprise"": 9}, ""4"": {""enterprise"": 0, ""freemium"": 0, ""premium"": 6}, ""5"": {""premium"": 1, ""enterprise"": 0, ""freemium"": 6}, ""6"": {""enterprise"": 0, ""freemium"": 2, ""premium"": 5}, ""7"": {""premium"": 3, ""freemium"": 4}}"
131.392058,start,w0!w000435__freemium,freemium,2,261,plb_nclass,own_pool,freemium,freemium,under_theta,"{""enterprise"": 2, ""freemium"": 3, ""mixed"": 0, ""premium"": 3}","{""0"": 10, ""1"": 6, ""2"": 8, ""3"": 9, ""4"": 6, ""5"": 7, ""6"": 7, ""7"": 7}","{""0"": {""enterprise"": 10, ""freemium"": 0, ""premium"": 0}, ""1"": {""premium"": 6, ""freemium"": 0}, ""2"": {""freemium"": 8, ""premium"": 0}, ""3"": {""freemium"": 0, ""enterprise"": 9}, ""4"": {""enterprise"": 0, ""freemium"": 0, ""premium"": 6}, ""5"": {""premium"": 1, ""enterprise"": 0, ""freemium"": 6}, ""6"": {""enterprise"": 0, ""freemium"": 2, ""premium"": 5}, ""7"": {""premium"": 3, ""freemium"": 4}}"
131.501252,finish,w0!w000355__premium,premium,5,539,plb_nclass,finish,,,,"{""enterprise"": 2, ""freemium"": 3, ""mixed"": 0, ""premium"": 3}","{""0"": 10, ""1"": 6, ""2"": 8, ""3"": 9, ""4"": 6, ""5"": 6, ""6"": 7, ""7"": 7}","{""0"": {""enterprise"": 10, ""freemium"": 0, ""premium"": 0}, ""1"": {""premium"": 6, ""freemium"": 0}, ""2"": {""freemium"": 8, ""premium"": 0}, ""3"": {""freemium"": 0, ""enterprise"": 9}, ""4"": {""enterprise"": 0, ""freemium"": 0, ""premium"": 6}, ""5"": {""premium"": 0, ""enterprise"": 0, ""freemium"": 6}, ""6"": {""enterprise"": 0, ""freemium"": 2, ""premium"": 5}, ""7"": {""premium"": 3, ""freemium"": 4}}"
131.687054,finish,w0!w000373__premium,premium,4,448,plb_nclass,finish,,,,"{""enterprise"": 2, ""freemium"": 3, ""mixed"": 0, ""premium"": 3}","{""0"": 10, ""1"": 6, ""2"": 8, ""3"": 9, ""4"": 5, ""5"": 6, ""6"": 7, ""7"": 7}","{""0"": {""enterprise"": 10, ""freemium"": 0, ""premium"": 0}, ""1"": {""premium"": 6, ""freemium"": 0}, ""2"": {""freemium"": 8, ""premium"": 0}, ""3"": {""freemium"": 0, ""enterprise"": 9}, ""4"": {""enterprise"": 0, ""freemium"": 0, ""premium"": 5}, ""5"": {""premium"": 0, ""enterprise"": 0, ""freemium"": 6}, ""6"": {""enterprise"": 0, ""freemium"": 2, ""premium"": 5}, ""7"": {""premium"": 3, ""freemium"": 4}}"
132.032403,finish,w0!w000347__enterprise,enterprise,3,341,plb_nclass,finish,,,,"{""enterprise"": 2, ""freemium"": 3, ""mixed"": 0, ""premium"": 3}","{""0"": 10, ""1"": 6, ""2"": 8, ""3"": 8, ""4"": 5, ""5"": 6, ""6"": 7, ""7"": 7}","{""0"": {""enterprise"": 10, ""freemium"": 0, ""premium"": 0}, ""1"": {""premium"": 6, ""freemium"": 0}, ""2"": {""freemium"": 8, ""premium"": 0}, ""3"": {""freemium"": 0, ""enterprise"": 8}, ""4"": {""enterprise"": 0, ""freemium"": 0, ""premium"": 5}, ""5"": {""premium"": 0, ""enterprise"": 0, ""freemium"": 6}, ""6"": {""enterprise"": 0, ""freemium"": 2, ""premium"": 5}, ""7"": {""premium"": 3, ""freemium"": 4}}"
132.088014,start,w0!w000436__freemium,freemium,5,551,plb_nclass,own_pool,freemium,freemium,under_theta,"{""enterprise"": 2, ""freemium"": 3, ""mixed"": 0, ""premium"": 3}","{""0"": 10, ""1"": 6, ""2"": 8, ""3"": 8, ""4"": 5, ""5"": 7, ""6"": 7, ""7"": 7}","{""0"": {""enterprise"": 10, ""freemium"": 0, ""premium"": 0}, ""1"": {""premium"": 6, ""freemium"": 0}, ""2"": {""freemium"": 8, ""premium"": 0}, ""3"": {""freemium"": 0, ""enterprise"": 8}, ""4"": {""enterprise"": 0, ""freemium"": 0, ""premium"": 5}, ""5"": {""premium"": 0, ""enterprise"": 0, ""freemium"": 7}, ""6"": {""enterprise"": 0, ""freemium"": 2, ""premium"": 5}, ""7"": {""premium"": 3, ""freemium"": 4}}"
132.36815,finish,w0!w000381__premium,premium,1,156,plb_nclass,finish,,,,"{""enterprise"": 2, ""freemium"": 3, ""mixed"": 0, ""premium"": 3}","{""0"": 10, ""1"": 5, ""2"": 8, ""3"": 8, ""4"": 5, ""5"": 7, ""6"": 7, ""7"": 7}","{""0"": {""enterprise"": 10, ""freemium"": 0, ""premium"": 0}, ""1"": {""premium"": 5, ""freemium"": 0}, ""2"": {""freemium"": 8, ""premium"": 0}, ""3"": {""freemium"": 0, ""enterprise"": 8}, ""4"": {""enterprise"": 0, ""freemium"": 0, ""premium"": 5}, ""5"": {""premium"": 0, ""enterprise"": 0, ""freemium"": 7}, ""6"": {""enterprise"": 0, ""freemium"": 2, ""premium"": 5}, ""7"": {""premium"": 3, ""freemium"": 4}}"
132.413293,finish,w0!w000410__premium,premium,6,644,plb_nclass,finish,,,,"{""enterprise"": 2, ""freemium"": 3, ""mixed"": 0, ""premium"": 3}","{""0"": 10, ""1"": 5, ""2"": 8, ""3"": 8, ""4"": 5, ""5"": 7, ""6"": 6, ""7"": 7}","{""0"": {""enterprise"": 10, ""freemium"": 0, ""premium"": 0}, ""1"": {""premium"": 5, ""freemium"": 0}, ""2"": {""freemium"": 8, ""premium"": 0}, ""3"": {""freemium"": 0, ""enterprise"": 8}, ""4"": {""enterprise"": 0, ""freemium"": 0, ""premium"": 5}, ""5"": {""premium"": 0, ""enterprise"": 0, ""freemium"": 7}, ""6"": {""enterprise"": 0, ""freemium"": 2, ""premium"": 4}, ""7"": {""premium"": 3, ""freemium"": 4}}"
132.491709,start,w0!w000437__premium,premium,1,161,plb_nclass,own_pool,premium,premium,under_theta,"{""enterprise"": 2, ""freemium"": 3, ""mixed"": 0, ""premium"": 3}","{""0"": 10, ""1"": 6, ""2"": 8, ""3"": 8, ""4"": 5, ""5"": 7, ""6"": 6, ""7"": 7}","{""0"": {""enterprise"": 10, ""freemium"": 0, ""premium"": 0}, ""1"": {""premium"": 6, ""freemium"": 0}, ""2"": {""freemium"": 8, ""premium"": 0}, ""3"": {""freemium"": 0, ""enterprise"": 8}, ""4"": {""enterprise"": 0, ""freemium"": 0, ""premium"": 5}, ""5"": {""premium"": 0, ""enterprise"": 0, ""freemium"": 7}, ""6"": {""enterprise"": 0, ""freemium"": 2, ""premium"": 4}, ""7"": {""premium"": 3, ""freemium"": 4}}"
132.590971,finish,w0!w000384__freemium,freemium,6,637,plb_nclass,finish,,,,"{""enterprise"": 2, ""freemium"": 3, ""mixed"": 0, ""premium"": 3}","{""0"": 10, ""1"": 6, ""2"": 8, ""3"": 8, ""4"": 5, ""5"": 7, ""6"": 5, ""7"": 7}","{""0"": {""enterprise"": 10, ""freemium"": 0, ""premium"": 0}, ""1"": {""premium"": 6, ""freemium"": 0}, ""2"": {""freemium"": 8, ""premium"": 0}, ""3"": {""freemium"": 0, ""enterprise"": 8}, ""4"": {""enterprise"": 0, ""freemium"": 0, ""premium"": 5}, ""5"": {""premium"": 0, ""enterprise"": 0, ""freemium"": 7}, ""6"": {""enterprise"": 0, ""freemium"": 1, ""premium"": 4}, ""7"": {""premium"": 3, ""freemium"": 4}}"
132.808232,start,w0!w000438__enterprise,enterprise,3,353,plb_nclass,own_pool,enterprise,enterprise,under_theta,"{""enterprise"": 2, ""freemium"": 3, ""mixed"": 0, ""premium"": 3}","{""0"": 10, ""1"": 6, ""2"": 8, ""3"": 9, ""4"": 5, ""5"": 7, ""6"": 5, ""7"": 7}","{""0"": {""enterprise"": 10, ""freemium"": 0, ""premium"": 0}, ""1"": {""premium"": 6, ""freemium"": 0}, ""2"": {""freemium"": 8, ""premium"": 0}, ""3"": {""freemium"": 0, ""enterprise"": 9}, ""4"": {""enterprise"": 0, ""freemium"": 0, ""premium"": 5}, ""5"": {""premium"": 0, ""enterprise"": 0, ""freemium"": 7}, ""6"": {""enterprise"": 0, ""freemium"": 1, ""premium"": 4}, ""7"": {""premium"": 3, ""freemium"": 4}}"
132.977904,start,w0!w000439__enterprise,enterprise,3,354,plb_nclass,own_pool,enterprise,enterprise,under_theta,"{""enterprise"": 2, ""freemium"": 3, ""mixed"": 0, ""premium"": 3}","{""0"": 10, ""1"": 6, ""2"": 8, ""3"": 10, ""4"": 5, ""5"": 7, ""6"": 5, ""7"": 7}","{""0"": {""enterprise"": 10, ""freemium"": 0, ""premium"": 0}, ""1"": {""premium"": 6, ""freemium"": 0}, ""2"": {""freemium"": 8, ""premium"": 0}, ""3"": {""freemium"": 0, ""enterprise"": 10}, ""4"": {""enterprise"": 0, ""freemium"": 0, ""premium"": 5}, ""5"": {""premium"": 0, ""enterprise"": 0, ""freemium"": 7}, ""6"": {""enterprise"": 0, ""freemium"": 1, ""premium"": 4}, ""7"": {""premium"": 3, ""freemium"": 4}}"
133.407917,finish,w0!w000391__freemium,freemium,2,255,plb_nclass,finish,,,,"{""enterprise"": 2, ""freemium"": 3, ""mixed"": 0, ""premium"": 3}","{""0"": 10, ""1"": 6, ""2"": 7, ""3"": 10, ""4"": 5, ""5"": 7, ""6"": 5, ""7"": 7}","{""0"": {""enterprise"": 10, ""freemium"": 0, ""premium"": 0}, ""1"": {""premium"": 6, ""freemium"": 0}, ""2"": {""freemium"": 7, ""premium"": 0}, ""3"": {""freemium"": 0, ""enterprise"": 10}, ""4"": {""enterprise"": 0, ""freemium"": 0, ""premium"": 5}, ""5"": {""premium"": 0, ""enterprise"": 0, ""freemium"": 7}, ""6"": {""enterprise"": 0, ""freemium"": 1, ""premium"": 4}, ""7"": {""premium"": 3, ""freemium"": 4}}"
133.426391,start,w0!w000440__premium,premium,4,454,plb_nclass,own_pool,premium,premium,under_theta,"{""enterprise"": 2, ""freemium"": 3, ""mixed"": 0, ""premium"": 3}","{""0"": 10, ""1"": 6, ""2"": 7, ""3"": 10, ""4"": 6, ""5"": 7, ""6"": 5, ""7"": 7}","{""0"": {""enterprise"": 10, ""freemium"": 0, ""premium"": 0}, ""1"": {""premium"": 6, ""freemium"": 0}, ""2"": {""freemium"": 7, ""premium"": 0}, ""3"": {""freemium"": 0, ""enterprise"": 10}, ""4"": {""enterprise"": 0, ""freemium"": 0, ""premium"": 6}, ""5"": {""premium"": 0, ""enterprise"": 0, ""freemium"": 7}, ""6"": {""enterprise"": 0, ""freemium"": 1, ""premium"": 4}, ""7"": {""premium"": 3, ""freemium"": 4}}"
133.56354,start,w0!w000441__enterprise,enterprise,6,645,plb_nclass,borrow_lower,premium,enterprise,load_first,"{""enterprise"": 3, ""freemium"": 3, ""mixed"": 0, ""premium"": 2}","{""0"": 10, ""1"": 6, ""2"": 7, ""3"": 10, ""4"": 6, ""5"": 7, ""6"": 6, ""7"": 7}","{""0"": {""enterprise"": 10, ""freemium"": 0, ""premium"": 0}, ""1"": {""premium"": 6, ""freemium"": 0}, ""2"": {""freemium"": 7, ""premium"": 0}, ""3"": {""freemium"": 0, ""enterprise"": 10}, ""4"": {""enterprise"": 0, ""freemium"": 0, ""premium"": 6}, ""5"": {""premium"": 0, ""enterprise"": 0, ""freemium"": 7}, ""6"": {""enterprise"": 1, ""freemium"": 1, ""premium"": 4}, ""7"": {""premium"": 3, ""freemium"": 4}}"
133.597672,finish,w0!w000414__freemium,freemium,7,750,plb_nclass,finish,,,,"{""enterprise"": 3, ""freemium"": 3, ""mixed"": 0, ""premium"": 2}","{""0"": 10, ""1"": 6, ""2"": 7, ""3"": 10, ""4"": 6, ""5"": 7, ""6"": 6, ""7"": 6}","{""0"": {""enterprise"": 10, ""freemium"": 0, ""premium"": 0}, ""1"": {""premium"": 6, ""freemium"": 0}, ""2"": {""freemium"": 7, ""premium"": 0}, ""3"": {""freemium"": 0, ""enterprise"": 10}, ""4"": {""enterprise"": 0, ""freemium"": 0, ""premium"": 6}, ""5"": {""premium"": 0, ""enterprise"": 0, ""freemium"": 7}, ""6"": {""enterprise"": 1, ""freemium"": 1, ""premium"": 4}, ""7"": {""premium"": 3, ""freemium"": 3}}"
133.738678,finish,w0!w000353__premium,premium,7,742,plb_nclass,finish,,,,"{""enterprise"": 3, ""freemium"": 3, ""mixed"": 0, ""premium"": 2}","{""0"": 10, ""1"": 6, ""2"": 7, ""3"": 10, ""4"": 6, ""5"": 7, ""6"": 6, ""7"": 5}","{""0"": {""enterprise"": 10, ""freemium"": 0, ""premium"": 0}, ""1"": {""premium"": 6, ""freemium"": 0}, ""2"": {""freemium"": 7, ""premium"": 0}, ""3"": {""freemium"": 0, ""enterprise"": 10}, ""4"": {""enterprise"": 0, ""freemium"": 0, ""premium"": 6}, ""5"": {""premium"": 0, ""enterprise"": 0, ""freemium"": 7}, ""6"": {""enterprise"": 1, ""freemium"": 1, ""premium"": 4}, ""7"": {""premium"": 2, ""freemium"": 3}}"
133.76683,start,w0!w000442__enterprise,enterprise,6,646,plb_nclass,own_pool,enterprise,enterprise,under_theta,"{""enterprise"": 3, ""freemium"": 3, ""mixed"": 0, ""premium"": 2}","{""0"": 10, ""1"": 6, ""2"": 7, ""3"": 10, ""4"": 6, ""5"": 7, ""6"": 7, ""7"": 5}","{""0"": {""enterprise"": 10, ""freemium"": 0, ""premium"": 0}, ""1"": {""premium"": 6, ""freemium"": 0}, ""2"": {""freemium"": 7, ""premium"": 0}, ""3"": {""freemium"": 0, ""enterprise"": 10}, ""4"": {""enterprise"": 0, ""freemium"": 0, ""premium"": 6}, ""5"": {""premium"": 0, ""enterprise"": 0, ""freemium"": 7}, ""6"": {""enterprise"": 2, ""freemium"": 1, ""premium"": 4}, ""7"": {""premium"": 2, ""freemium"": 3}}"
134.031716,finish,w0!w000390__enterprise,enterprise,0,47,plb_nclass,finish,,,,"{""enterprise"": 3, ""freemium"": 3, ""mixed"": 0, ""premium"": 2}","{""0"": 9, ""1"": 6, ""2"": 7, ""3"": 10, ""4"": 6, ""5"": 7, ""6"": 7, ""7"": 5}","{""0"": {""enterprise"": 9, ""freemium"": 0, ""premium"": 0}, ""1"": {""premium"": 6, ""freemium"": 0}, ""2"": {""freemium"": 7, ""premium"": 0}, ""3"": {""freemium"": 0, ""enterprise"": 10}, ""4"": {""enterprise"": 0, ""freemium"": 0, ""premium"": 6}, ""5"": {""premium"": 0, ""enterprise"": 0, ""freemium"": 7}, ""6"": {""enterprise"": 2, ""freemium"": 1, ""premium"": 4}, ""7"": {""premium"": 2, ""freemium"": 3}}"
134.092639,start,w0!w000443__premium,premium,1,162,plb_nclass,own_pool,premium,premium,under_theta,"{""enterprise"": 3, ""freemium"": 3, ""mixed"": 0, ""premium"": 2}","{""0"": 9, ""1"": 7, ""2"": 7, ""3"": 10, ""4"": 6, ""5"": 7, ""6"": 7, ""7"": 5}","{""0"": {""enterprise"": 9, ""freemium"": 0, ""premium"": 0}, ""1"": {""premium"": 7, ""freemium"": 0}, ""2"": {""freemium"": 7, ""premium"": 0}, ""3"": {""freemium"": 0, ""enterprise"": 10}, ""4"": {""enterprise"": 0, ""freemium"": 0, ""premium"": 6}, ""5"": {""premium"": 0, ""enterprise"": 0, ""freemium"": 7}, ""6"": {""enterprise"": 2, ""freemium"": 1, ""premium"": 4}, ""7"": {""premium"": 2, ""freemium"": 3}}"
134.227455,start,w0!w000444__enterprise,enterprise,6,647,plb_nclass,own_pool,enterprise,enterprise,under_theta,"{""enterprise"": 3, ""freemium"": 3, ""mixed"": 0, ""premium"": 2}","{""0"": 9, ""1"": 7, ""2"": 7, ""3"": 10, ""4"": 6, ""5"": 7, ""6"": 8, ""7"": 5}","{""0"": {""enterprise"": 9, ""freemium"": 0, ""premium"": 0}, ""1"": {""premium"": 7, ""freemium"": 0}, ""2"": {""freemium"": 7, ""premium"": 0}, ""3"": {""freemium"": 0, ""enterprise"": 10}, ""4"": {""enterprise"": 0, ""freemium"": 0, ""premium"": 6}, ""5"": {""premium"": 0, ""enterprise"": 0, ""freemium"": 7}, ""6"": {""enterprise"": 3, ""freemium"": 1, ""premium"": 4}, ""7"": {""premium"": 2, ""freemium"": 3}}"
134.248343,finish,w0!w000388__premium,premium,6,640,plb_nclass,finish,,,,"{""enterprise"": 3, ""freemium"": 3, ""mixed"": 0, ""premium"": 2}","{""0"": 9, ""1"": 7, ""2"": 7, ""3"": 10, ""4"": 6, ""5"": 7, ""6"": 7, ""7"": 5}","{""0"": {""enterprise"": 9, ""freemium"": 0, ""premium"": 0}, ""1"": {""premium"": 7, ""freemium"": 0}, ""2"": {""freemium"": 7, ""premium"": 0}, ""3"": {""freemium"": 0, ""enterprise"": 10}, ""4"": {""enterprise"": 0, ""freemium"": 0, ""premium"": 6}, ""5"": {""premium"": 0, ""enterprise"": 0, ""freemium"": 7}, ""6"": {""enterprise"": 3, ""freemium"": 1, ""premium"": 3}, ""7"": {""premium"": 2, ""freemium"": 3}}"
134.302744,start,w0!w000445__premium,premium,4,455,plb_nclass,own_pool,premium,premium,under_theta,"{""enterprise"": 3, ""freemium"": 3, ""mixed"": 0, ""premium"": 2}","{""0"": 9, ""1"": 7, ""2"": 7, ""3"": 10, ""4"": 7, ""5"": 7, ""6"": 7, ""7"": 5}","{""0"": {""enterprise"": 9, ""freemium"": 0, ""premium"": 0}, ""1"": {""premium"": 7, ""freemium"": 0}, ""2"": {""freemium"": 7, ""premium"": 0}, ""3"": {""freemium"": 0, ""enterprise"": 10}, ""4"": {""enterprise"": 0, ""freemium"": 0, ""premium"": 7}, ""5"": {""premium"": 0, ""enterprise"": 0, ""freemium"": 7}, ""6"": {""enterprise"": 3, ""freemium"": 1, ""premium"": 3}, ""7"": {""premium"": 2, ""freemium"": 3}}"
134.738197,start,w0!w000446__freemium,freemium,7,753,plb_nclass,own_pool,freemium,freemium,under_theta,"{""enterprise"": 3, ""freemium"": 3, ""mixed"": 0, ""premium"": 2}","{""0"": 9, ""1"": 7, ""2"": 7, ""3"": 10, ""4"": 7, ""5"": 7, ""6"": 7, ""7"": 6}","{""0"": {""enterprise"": 9, ""freemium"": 0, ""premium"": 0}, ""1"": {""premium"": 7, ""freemium"": 0}, ""2"": {""freemium"": 7, ""premium"": 0}, ""3"": {""freemium"": 0, ""enterprise"": 10}, ""4"": {""enterprise"": 0, ""freemium"": 0, ""premium"": 7}, ""5"": {""premium"": 0, ""enterprise"": 0, ""freemium"": 7}, ""6"": {""enterprise"": 3, ""freemium"": 1, ""premium"": 3}, ""7"": {""premium"": 2, ""freemium"": 4}}"
134.835213,finish,w0!w000380__premium,premium,1,155,plb_nclass,finish,,,,"{""enterprise"": 3, ""freemium"": 3, ""mixed"": 0, ""premium"": 2}","{""0"": 9, ""1"": 6, ""2"": 7, ""3"": 10, ""4"": 7, ""5"": 7, ""6"": 7, ""7"": 6}","{""0"": {""enterprise"": 9, ""freemium"": 0, ""premium"": 0}, ""1"": {""premium"": 6, ""freemium"": 0}, ""2"": {""freemium"": 7, ""premium"": 0}, ""3"": {""freemium"": 0, ""enterprise"": 10}, ""4"": {""enterprise"": 0, ""freemium"": 0, ""premium"": 7}, ""5"": {""premium"": 0, ""enterprise"": 0, ""freemium"": 7}, ""6"": {""enterprise"": 3, ""freemium"": 1, ""premium"": 3}, ""7"": {""premium"": 2, ""freemium"": 4}}"
134.858369,start,w0!w000447__enterprise,enterprise,6,648,plb_nclass,own_pool,enterprise,enterprise,under_theta,"{""enterprise"": 3, ""freemium"": 3, ""mixed"": 0, ""premium"": 2}","{""0"": 9, ""1"": 6, ""2"": 7, ""3"": 10, ""4"": 7, ""5"": 7, ""6"": 8, ""7"": 6}","{""0"": {""enterprise"": 9, ""freemium"": 0, ""premium"": 0}, ""1"": {""premium"": 6, ""freemium"": 0}, ""2"": {""freemium"": 7, ""premium"": 0}, ""3"": {""freemium"": 0, ""enterprise"": 10}, ""4"": {""enterprise"": 0, ""freemium"": 0, ""premium"": 7}, ""5"": {""premium"": 0, ""enterprise"": 0, ""freemium"": 7}, ""6"": {""enterprise"": 4, ""freemium"": 1, ""premium"": 3}, ""7"": {""premium"": 2, ""freemium"": 4}}"
135.38247,finish,w0!w000361__freemium,freemium,5,542,plb_nclass,finish,,,,"{""enterprise"": 3, ""freemium"": 3, ""mixed"": 0, ""premium"": 2}","{""0"": 9, ""1"": 6, ""2"": 7, ""3"": 10, ""4"": 7, ""5"": 6, ""6"": 8, ""7"": 6}","{""0"": {""enterprise"": 9, ""freemium"": 0, ""premium"": 0}, ""1"": {""premium"": 6, ""freemium"": 0}, ""2"": {""freemium"": 7, ""premium"": 0}, ""3"": {""freemium"": 0, ""enterprise"": 10}, ""4"": {""enterprise"": 0, ""freemium"": 0, ""premium"": 7}, ""5"": {""premium"": 0, ""enterprise"": 0, ""freemium"": 6}, ""6"": {""enterprise"": 4, ""freemium"": 1, ""premium"": 3}, ""7"": {""premium"": 2, ""freemium"": 4}}"
135.396128,finish,w0!w000387__premium,premium,6,639,plb_nclass,finish,,,,"{""enterprise"": 3, ""freemium"": 3, ""mixed"": 0, ""premium"": 2}","{""0"": 9, ""1"": 6, ""2"": 7, ""3"": 10, ""4"": 7, ""5"": 6, ""6"": 7, ""7"": 6}","{""0"": {""enterprise"": 9, ""freemium"": 0, ""premium"": 0}, ""1"": {""premium"": 6, ""freemium"": 0}, ""2"": {""freemium"": 7, ""premium"": 0}, ""3"": {""freemium"": 0, ""enterprise"": 10}, ""4"": {""enterprise"": 0, ""freemium"": 0, ""premium"": 7}, ""5"": {""premium"": 0, ""enterprise"": 0, ""freemium"": 6}, ""6"": {""enterprise"": 4, ""freemium"": 1, ""premium"": 2}, ""7"": {""premium"": 2, ""freemium"": 4}}"
135.459226,finish,w0!w000378__premium,premium,1,154,plb_nclass,finish,,,,"{""enterprise"": 3, ""freemium"": 3, ""mixed"": 0, ""premium"": 2}","{""0"": 9, ""1"": 5, ""2"": 7, ""3"": 10, ""4"": 7, ""5"": 6, ""6"": 7, ""7"": 6}","{""0"": {""enterprise"": 9, ""freemium"": 0, ""premium"": 0}, ""1"": {""premium"": 5, ""freemium"": 0}, ""2"": {""freemium"": 7, ""premium"": 0}, ""3"": {""freemium"": 0, ""enterprise"": 10}, ""4"": {""enterprise"": 0, ""freemium"": 0, ""premium"": 7}, ""5"": {""premium"": 0, ""enterprise"": 0, ""freemium"": 6}, ""6"": {""enterprise"": 4, ""freemium"": 1, ""premium"": 2}, ""7"": {""premium"": 2, ""freemium"": 4}}"
135.468976,finish,w0!w000397__enterprise,enterprise,3,346,plb_nclass,finish,,,,"{""enterprise"": 3, ""freemium"": 3, ""mixed"": 0, ""premium"": 2}","{""0"": 9, ""1"": 5, ""2"": 7, ""3"": 9, ""4"": 7, ""5"": 6, ""6"": 7, ""7"": 6}","{""0"": {""enterprise"": 9, ""freemium"": 0, ""premium"": 0}, ""1"": {""premium"": 5, ""freemium"": 0}, ""2"": {""freemium"": 7, ""premium"": 0}, ""3"": {""freemium"": 0, ""enterprise"": 9}, ""4"": {""enterprise"": 0, ""freemium"": 0, ""premium"": 7}, ""5"": {""premium"": 0, ""enterprise"": 0, ""freemium"": 6}, ""6"": {""enterprise"": 4, ""freemium"": 1, ""premium"": 2}, ""7"": {""premium"": 2, ""freemium"": 4}}"
135.506865,finish,w0!w000363__premium,premium,4,445,plb_nclass,finish,,,,"{""enterprise"": 3, ""freemium"": 3, ""mixed"": 0, ""premium"": 2}","{""0"": 9, ""1"": 5, ""2"": 7, ""3"": 9, ""4"": 6, ""5"": 6, ""6"": 7, ""7"": 6}","{""0"": {""enterprise"": 9, ""freemium"": 0, ""premium"": 0}, ""1"": {""premium"": 5, ""freemium"": 0}, ""2"": {""freemium"": 7, ""premium"": 0}, ""3"": {""freemium"": 0, ""enterprise"": 9}, ""4"": {""enterprise"": 0, ""freemium"": 0, ""premium"": 6}, ""5"": {""premium"": 0, ""enterprise"": 0, ""freemium"": 6}, ""6"": {""enterprise"": 4, ""freemium"": 1, ""premium"": 2}, ""7"": {""premium"": 2, ""freemium"": 4}}"
135.5693,finish,w0!w000395__premium,premium,6,642,plb_nclass,finish,,,,"{""enterprise"": 3, ""freemium"": 3, ""mixed"": 0, ""premium"": 2}","{""0"": 9, ""1"": 5, ""2"": 7, ""3"": 9, ""4"": 6, ""5"": 6, ""6"": 6, ""7"": 6}","{""0"": {""enterprise"": 9, ""freemium"": 0, ""premium"": 0}, ""1"": {""premium"": 5, ""freemium"": 0}, ""2"": {""freemium"": 7, ""premium"": 0}, ""3"": {""freemium"": 0, ""enterprise"": 9}, ""4"": {""enterprise"": 0, ""freemium"": 0, ""premium"": 6}, ""5"": {""premium"": 0, ""enterprise"": 0, ""freemium"": 6}, ""6"": {""enterprise"": 4, ""freemium"": 1, ""premium"": 1}, ""7"": {""premium"": 2, ""freemium"": 4}}"
135.966409,start,w0!w000448__enterprise,enterprise,6,649,plb_nclass,own_pool,enterprise,enterprise,under_theta,"{""enterprise"": 3, ""freemium"": 3, ""mixed"": 0, ""premium"": 2}","{""0"": 9, ""1"": 5, ""2"": 7, ""3"": 9, ""4"": 6, ""5"": 6, ""6"": 7, ""7"": 6}","{""0"": {""enterprise"": 9, ""freemium"": 0, ""premium"": 0}, ""1"": {""premium"": 5, ""freemium"": 0}, ""2"": {""freemium"": 7, ""premium"": 0}, ""3"": {""freemium"": 0, ""enterprise"": 9}, ""4"": {""enterprise"": 0, ""freemium"": 0, ""premium"": 6}, ""5"": {""premium"": 0, ""enterprise"": 0, ""freemium"": 6}, ""6"": {""enterprise"": 5, ""freemium"": 1, ""premium"": 1}, ""7"": {""premium"": 2, ""freemium"": 4}}"
135.969067,start,w0!w000449__enterprise,enterprise,6,650,plb_nclass,own_pool,enterprise,enterprise,under_theta,"{""enterprise"": 3, ""freemium"": 3, ""mixed"": 0, ""premium"": 2}","{""0"": 9, ""1"": 5, ""2"": 7, ""3"": 9, ""4"": 6, ""5"": 6, ""6"": 8, ""7"": 6}","{""0"": {""enterprise"": 9, ""freemium"": 0, ""premium"": 0}, ""1"": {""premium"": 5, ""freemium"": 0}, ""2"": {""freemium"": 7, ""premium"": 0}, ""3"": {""freemium"": 0, ""enterprise"": 9}, ""4"": {""enterprise"": 0, ""freemium"": 0, ""premium"": 6}, ""5"": {""premium"": 0, ""enterprise"": 0, ""freemium"": 6}, ""6"": {""enterprise"": 6, ""freemium"": 1, ""premium"": 1}, ""7"": {""premium"": 2, ""freemium"": 4}}"
136.043447,start,w0!w000450__premium,premium,1,163,plb_nclass,own_pool,premium,premium,under_theta,"{""enterprise"": 3, ""freemium"": 3, ""mixed"": 0, ""premium"": 2}","{""0"": 9, ""1"": 6, ""2"": 7, ""3"": 9, ""4"": 6, ""5"": 6, ""6"": 8, ""7"": 6}","{""0"": {""enterprise"": 9, ""freemium"": 0, ""premium"": 0}, ""1"": {""premium"": 6, ""freemium"": 0}, ""2"": {""freemium"": 7, ""premium"": 0}, ""3"": {""freemium"": 0, ""enterprise"": 9}, ""4"": {""enterprise"": 0, ""freemium"": 0, ""premium"": 6}, ""5"": {""premium"": 0, ""enterprise"": 0, ""freemium"": 6}, ""6"": {""enterprise"": 6, ""freemium"": 1, ""premium"": 1}, ""7"": {""premium"": 2, ""freemium"": 4}}"
136.133319,start,w0!w000451__premium,premium,1,164,plb_nclass,own_pool,premium,premium,under_theta,"{""enterprise"": 3, ""freemium"": 3, ""mixed"": 0, ""premium"": 2}","{""0"": 9, ""1"": 7, ""2"": 7, ""3"": 9, ""4"": 6, ""5"": 6, ""6"": 8, ""7"": 6}","{""0"": {""enterprise"": 9, ""freemium"": 0, ""premium"": 0}, ""1"": {""premium"": 7, ""freemium"": 0}, ""2"": {""freemium"": 7, ""premium"": 0}, ""3"": {""freemium"": 0, ""enterprise"": 9}, ""4"": {""enterprise"": 0, ""freemium"": 0, ""premium"": 6}, ""5"": {""premium"": 0, ""enterprise"": 0, ""freemium"": 6}, ""6"": {""enterprise"": 6, ""freemium"": 1, ""premium"": 1}, ""7"": {""premium"": 2, ""freemium"": 4}}"
136.349012,finish,w0!w000393__enterprise,enterprise,3,345,plb_nclass,finish,,,,"{""enterprise"": 3, ""freemium"": 3, ""mixed"": 0, ""premium"": 2}","{""0"": 9, ""1"": 7, ""2"": 7, ""3"": 8, ""4"": 6, ""5"": 6, ""6"": 8, ""7"": 6}","{""0"": {""enterprise"": 9, ""freemium"": 0, ""premium"": 0}, ""1"": {""premium"": 7, ""freemium"": 0}, ""2"": {""freemium"": 7, ""premium"": 0}, ""3"": {""freemium"": 0, ""enterprise"": 8}, ""4"": {""enterprise"": 0, ""freemium"": 0, ""premium"": 6}, ""5"": {""premium"": 0, ""enterprise"": 0, ""freemium"": 6}, ""6"": {""enterprise"": 6, ""freemium"": 1, ""premium"": 1}, ""7"": {""premium"": 2, ""freemium"": 4}}"
136.490917,start,w0!w000452__premium,premium,4,456,plb_nclass,own_pool,premium,premium,under_theta,"{""enterprise"": 3, ""freemium"": 3, ""mixed"": 0, ""premium"": 2}","{""0"": 9, ""1"": 7, ""2"": 7, ""3"": 8, ""4"": 7, ""5"": 6, ""6"": 8, ""7"": 6}","{""0"": {""enterprise"": 9, ""freemium"": 0, ""premium"": 0}, ""1"": {""premium"": 7, ""freemium"": 0}, ""2"": {""freemium"": 7, ""premium"": 0}, ""3"": {""freemium"": 0, ""enterprise"": 8}, ""4"": {""enterprise"": 0, ""freemium"": 0, ""premium"": 7}, ""5"": {""premium"": 0, ""enterprise"": 0, ""freemium"": 6}, ""6"": {""enterprise"": 6, ""freemium"": 1, ""premium"": 1}, ""7"": {""premium"": 2, ""freemium"": 4}}"
136.770682,start,w0!w000453__freemium,freemium,5,552,plb_nclass,own_pool,freemium,freemium,under_theta,"{""enterprise"": 3, ""freemium"": 3, ""mixed"": 0, ""premium"": 2}","{""0"": 9, ""1"": 7, ""2"": 7, ""3"": 8, ""4"": 7, ""5"": 7, ""6"": 8, ""7"": 6}","{""0"": {""enterprise"": 9, ""freemium"": 0, ""premium"": 0}, ""1"": {""premium"": 7, ""freemium"": 0}, ""2"": {""freemium"": 7, ""premium"": 0}, ""3"": {""freemium"": 0, ""enterprise"": 8}, ""4"": {""enterprise"": 0, ""freemium"": 0, ""premium"": 7}, ""5"": {""premium"": 0, ""enterprise"": 0, ""freemium"": 7}, ""6"": {""enterprise"": 6, ""freemium"": 1, ""premium"": 1}, ""7"": {""premium"": 2, ""freemium"": 4}}"
136.886494,start,w0!w000454__premium,premium,1,165,plb_nclass,own_pool,premium,premium,under_theta,"{""enterprise"": 3, ""freemium"": 3, ""mixed"": 0, ""premium"": 2}","{""0"": 9, ""1"": 8, ""2"": 7, ""3"": 8, ""4"": 7, ""5"": 7, ""6"": 8, ""7"": 6}","{""0"": {""enterprise"": 9, ""freemium"": 0, ""premium"": 0}, ""1"": {""premium"": 8, ""freemium"": 0}, ""2"": {""freemium"": 7, ""premium"": 0}, ""3"": {""freemium"": 0, ""enterprise"": 8}, ""4"": {""enterprise"": 0, ""freemium"": 0, ""premium"": 7}, ""5"": {""premium"": 0, ""enterprise"": 0, ""freemium"": 7}, ""6"": {""enterprise"": 6, ""freemium"": 1, ""premium"": 1}, ""7"": {""premium"": 2, ""freemium"": 4}}"
137.063517,finish,w0!w000419__freemium,freemium,2,258,plb_nclass,finish,,,,"{""enterprise"": 3, ""freemium"": 3, ""mixed"": 0, ""premium"": 2}","{""0"": 9, ""1"": 8, ""2"": 6, ""3"": 8, ""4"": 7, ""5"": 7, ""6"": 8, ""7"": 6}","{""0"": {""enterprise"": 9, ""freemium"": 0, ""premium"": 0}, ""1"": {""premium"": 8, ""freemium"": 0}, ""2"": {""freemium"": 6, ""premium"": 0}, ""3"": {""freemium"": 0, ""enterprise"": 8}, ""4"": {""enterprise"": 0, ""freemium"": 0, ""premium"": 7}, ""5"": {""premium"": 0, ""enterprise"": 0, ""freemium"": 7}, ""6"": {""enterprise"": 6, ""freemium"": 1, ""premium"": 1}, ""7"": {""premium"": 2, ""freemium"": 4}}"
137.137605,finish,w0!w000411__freemium,freemium,5,550,plb_nclass,finish,,,,"{""enterprise"": 3, ""freemium"": 3, ""mixed"": 0, ""premium"": 2}","{""0"": 9, ""1"": 8, ""2"": 6, ""3"": 8, ""4"": 7, ""5"": 6, ""6"": 8, ""7"": 6}","{""0"": {""enterprise"": 9, ""freemium"": 0, ""premium"": 0}, ""1"": {""premium"": 8, ""freemium"": 0}, ""2"": {""freemium"": 6, ""premium"": 0}, ""3"": {""freemium"": 0, ""enterprise"": 8}, ""4"": {""enterprise"": 0, ""freemium"": 0, ""premium"": 7}, ""5"": {""premium"": 0, ""enterprise"": 0, ""freemium"": 6}, ""6"": {""enterprise"": 6, ""freemium"": 1, ""premium"": 1}, ""7"": {""premium"": 2, ""freemium"": 4}}"
137.214574,start,w0!w000455__premium,premium,4,457,plb_nclass,own_pool,premium,premium,under_theta,"{""enterprise"": 3, ""freemium"": 3, ""mixed"": 0, ""premium"": 2}","{""0"": 9, ""1"": 8, ""2"": 6, ""3"": 8, ""4"": 8, ""5"": 6, ""6"": 8, ""7"": 6}","{""0"": {""enterprise"": 9, ""freemium"": 0, ""premium"": 0}, ""1"": {""premium"": 8, ""freemium"": 0}, ""2"": {""freemium"": 6, ""premium"": 0}, ""3"": {""freemium"": 0, ""enterprise"": 8}, ""4"": {""enterprise"": 0, ""freemium"": 0, ""premium"": 8}, ""5"": {""premium"": 0, ""enterprise"": 0, ""freemium"": 6}, ""6"": {""enterprise"": 6, ""freemium"": 1, ""premium"": 1}, ""7"": {""premium"": 2, ""freemium"": 4}}"
137.655491,finish,w0!w000417__enterprise,enterprise,0,52,plb_nclass,finish,,,,"{""enterprise"": 3, ""freemium"": 3, ""mixed"": 0, ""premium"": 2}","{""0"": 8, ""1"": 8, ""2"": 6, ""3"": 8, ""4"": 8, ""5"": 6, ""6"": 8, ""7"": 6}","{""0"": {""enterprise"": 8, ""freemium"": 0, ""premium"": 0}, ""1"": {""premium"": 8, ""freemium"": 0}, ""2"": {""freemium"": 6, ""premium"": 0}, ""3"": {""freemium"": 0, ""enterprise"": 8}, ""4"": {""enterprise"": 0, ""freemium"": 0, ""premium"": 8}, ""5"": {""premium"": 0, ""enterprise"": 0, ""freemium"": 6}, ""6"": {""enterprise"": 6, ""freemium"": 1, ""premium"": 1}, ""7"": {""premium"": 2, ""freemium"": 4}}"
137.827559,start,w0!w000456__enterprise,enterprise,0,57,plb_nclass,own_pool,enterprise,enterprise,under_theta,"{""enterprise"": 3, ""freemium"": 3, ""mixed"": 0, ""premium"": 2}","{""0"": 9, ""1"": 8, ""2"": 6, ""3"": 8, ""4"": 8, ""5"": 6, ""6"": 8, ""7"": 6}","{""0"": {""enterprise"": 9, ""freemium"": 0, ""premium"": 0}, ""1"": {""premium"": 8, ""freemium"": 0}, ""2"": {""freemium"": 6, ""premium"": 0}, ""3"": {""freemium"": 0, ""enterprise"": 8}, ""4"": {""enterprise"": 0, ""freemium"": 0, ""premium"": 8}, ""5"": {""premium"": 0, ""enterprise"": 0, ""freemium"": 6}, ""6"": {""enterprise"": 6, ""freemium"": 1, ""premium"": 1}, ""7"": {""premium"": 2, ""freemium"": 4}}"
138.242311,finish,w0!w000399__freemium,freemium,5,546,plb_nclass,finish,,,,"{""enterprise"": 3, ""freemium"": 3, ""mixed"": 0, ""premium"": 2}","{""0"": 9, ""1"": 8, ""2"": 6, ""3"": 8, ""4"": 8, ""5"": 5, ""6"": 8, ""7"": 6}","{""0"": {""enterprise"": 9, ""freemium"": 0, ""premium"": 0}, ""1"": {""premium"": 8, ""freemium"": 0}, ""2"": {""freemium"": 6, ""premium"": 0}, ""3"": {""freemium"": 0, ""enterprise"": 8}, ""4"": {""enterprise"": 0, ""freemium"": 0, ""premium"": 8}, ""5"": {""premium"": 0, ""enterprise"": 0, ""freemium"": 5}, ""6"": {""enterprise"": 6, ""freemium"": 1, ""premium"": 1}, ""7"": {""premium"": 2, ""freemium"": 4}}"
138.272764,start,w0!w000457__premium,premium,1,166,plb_nclass,own_pool,premium,premium,under_theta,"{""enterprise"": 3, ""freemium"": 3, ""mixed"": 0, ""premium"": 2}","{""0"": 9, ""1"": 9, ""2"": 6, ""3"": 8, ""4"": 8, ""5"": 5, ""6"": 8, ""7"": 6}","{""0"": {""enterprise"": 9, ""freemium"": 0, ""premium"": 0}, ""1"": {""premium"": 9, ""freemium"": 0}, ""2"": {""freemium"": 6, ""premium"": 0}, ""3"": {""freemium"": 0, ""enterprise"": 8}, ""4"": {""enterprise"": 0, ""freemium"": 0, ""premium"": 8}, ""5"": {""premium"": 0, ""enterprise"": 0, ""freemium"": 5}, ""6"": {""enterprise"": 6, ""freemium"": 1, ""premium"": 1}, ""7"": {""premium"": 2, ""freemium"": 4}}"
138.366522,start,w0!w000458__enterprise,enterprise,3,355,plb_nclass,own_pool,enterprise,enterprise,under_theta,"{""enterprise"": 3, ""freemium"": 3, ""mixed"": 0, ""premium"": 2}","{""0"": 9, ""1"": 9, ""2"": 6, ""3"": 9, ""4"": 8, ""5"": 5, ""6"": 8, ""7"": 6}","{""0"": {""enterprise"": 9, ""freemium"": 0, ""premium"": 0}, ""1"": {""premium"": 9, ""freemium"": 0}, ""2"": {""freemium"": 6, ""premium"": 0}, ""3"": {""freemium"": 0, ""enterprise"": 9}, ""4"": {""enterprise"": 0, ""freemium"": 0, ""premium"": 8}, ""5"": {""premium"": 0, ""enterprise"": 0, ""freemium"": 5}, ""6"": {""enterprise"": 6, ""freemium"": 1, ""premium"": 1}, ""7"": {""premium"": 2, ""freemium"": 4}}"
138.457869,start,w0!w000459__enterprise,enterprise,6,651,plb_nclass,own_pool,enterprise,enterprise,under_theta,"{""enterprise"": 3, ""freemium"": 3, ""mixed"": 0, ""premium"": 2}","{""0"": 9, ""1"": 9, ""2"": 6, ""3"": 9, ""4"": 8, ""5"": 5, ""6"": 9, ""7"": 6}","{""0"": {""enterprise"": 9, ""freemium"": 0, ""premium"": 0}, ""1"": {""premium"": 9, ""freemium"": 0}, ""2"": {""freemium"": 6, ""premium"": 0}, ""3"": {""freemium"": 0, ""enterprise"": 9}, ""4"": {""enterprise"": 0, ""freemium"": 0, ""premium"": 8}, ""5"": {""premium"": 0, ""enterprise"": 0, ""freemium"": 5}, ""6"": {""enterprise"": 7, ""freemium"": 1, ""premium"": 1}, ""7"": {""premium"": 2, ""freemium"": 4}}"
138.465585,start,w0!w000460__enterprise,enterprise,0,58,plb_nclass,own_pool,enterprise,enterprise,under_theta,"{""enterprise"": 3, ""freemium"": 3, ""mixed"": 0, ""premium"": 2}","{""0"": 10, ""1"": 9, ""2"": 6, ""3"": 9, ""4"": 8, ""5"": 5, ""6"": 9, ""7"": 6}","{""0"": {""enterprise"": 10, ""freemium"": 0, ""premium"": 0}, ""1"": {""premium"": 9, ""freemium"": 0}, ""2"": {""freemium"": 6, ""premium"": 0}, ""3"": {""freemium"": 0, ""enterprise"": 9}, ""4"": {""enterprise"": 0, ""freemium"": 0, ""premium"": 8}, ""5"": {""premium"": 0, ""enterprise"": 0, ""freemium"": 5}, ""6"": {""enterprise"": 7, ""freemium"": 1, ""premium"": 1}, ""7"": {""premium"": 2, ""freemium"": 4}}"
138.478092,finish,w0!w000404__freemium,freemium,5,548,plb_nclass,finish,,,,"{""enterprise"": 3, ""freemium"": 3, ""mixed"": 0, ""premium"": 2}","{""0"": 10, ""1"": 9, ""2"": 6, ""3"": 9, ""4"": 8, ""5"": 4, ""6"": 9, ""7"": 6}","{""0"": {""enterprise"": 10, ""freemium"": 0, ""premium"": 0}, ""1"": {""premium"": 9, ""freemium"": 0}, ""2"": {""freemium"": 6, ""premium"": 0}, ""3"": {""freemium"": 0, ""enterprise"": 9}, ""4"": {""enterprise"": 0, ""freemium"": 0, ""premium"": 8}, ""5"": {""premium"": 0, ""enterprise"": 0, ""freemium"": 4}, ""6"": {""enterprise"": 7, ""freemium"": 1, ""premium"": 1}, ""7"": {""premium"": 2, ""freemium"": 4}}"
138.488591,start,w0!w000461__premium,premium,4,458,plb_nclass,own_pool,premium,premium,under_theta,"{""enterprise"": 3, ""freemium"": 3, ""mixed"": 0, ""premium"": 2}","{""0"": 10, ""1"": 9, ""2"": 6, ""3"": 9, ""4"": 9, ""5"": 4, ""6"": 9, ""7"": 6}","{""0"": {""enterprise"": 10, ""freemium"": 0, ""premium"": 0}, ""1"": {""premium"": 9, ""freemium"": 0}, ""2"": {""freemium"": 6, ""premium"": 0}, ""3"": {""freemium"": 0, ""enterprise"": 9}, ""4"": {""enterprise"": 0, ""freemium"": 0, ""premium"": 9}, ""5"": {""premium"": 0, ""enterprise"": 0, ""freemium"": 4}, ""6"": {""enterprise"": 7, ""freemium"": 1, ""premium"": 1}, ""7"": {""premium"": 2, ""freemium"": 4}}"
138.571551,start,w0!w000462__enterprise,enterprise,3,356,plb_nclass,own_pool,enterprise,enterprise,under_theta,"{""enterprise"": 3, ""freemium"": 3, ""mixed"": 0, ""premium"": 2}","{""0"": 10, ""1"": 9, ""2"": 6, ""3"": 10, ""4"": 9, ""5"": 4, ""6"": 9, ""7"": 6}","{""0"": {""enterprise"": 10, ""freemium"": 0, ""premium"": 0}, ""1"": {""premium"": 9, ""freemium"": 0}, ""2"": {""freemium"": 6, ""premium"": 0}, ""3"": {""freemium"": 0, ""enterprise"": 10}, ""4"": {""enterprise"": 0, ""freemium"": 0, ""premium"": 9}, ""5"": {""premium"": 0, ""enterprise"": 0, ""freemium"": 4}, ""6"": {""enterprise"": 7, ""freemium"": 1, ""premium"": 1}, ""7"": {""premium"": 2, ""freemium"": 4}}"
138.637137,finish,w0!w000429__premium,premium,4,452,plb_nclass,finish,,,,"{""enterprise"": 3, ""freemium"": 3, ""mixed"": 0, ""premium"": 2}","{""0"": 10, ""1"": 9, ""2"": 6, ""3"": 10, ""4"": 8, ""5"": 4, ""6"": 9, ""7"": 6}","{""0"": {""enterprise"": 10, ""freemium"": 0, ""premium"": 0}, ""1"": {""premium"": 9, ""freemium"": 0}, ""2"": {""freemium"": 6, ""premium"": 0}, ""3"": {""freemium"": 0, ""enterprise"": 10}, ""4"": {""enterprise"": 0, ""freemium"": 0, ""premium"": 8}, ""5"": {""premium"": 0, ""enterprise"": 0, ""freemium"": 4}, ""6"": {""enterprise"": 7, ""freemium"": 1, ""premium"": 1}, ""7"": {""premium"": 2, ""freemium"": 4}}"
138.810662,start,w0!w000463__premium,premium,4,459,plb_nclass,own_pool,premium,premium,under_theta,"{""enterprise"": 3, ""freemium"": 3, ""mixed"": 0, ""premium"": 2}","{""0"": 10, ""1"": 9, ""2"": 6, ""3"": 10, ""4"": 9, ""5"": 4, ""6"": 9, ""7"": 6}","{""0"": {""enterprise"": 10, ""freemium"": 0, ""premium"": 0}, ""1"": {""premium"": 9, ""freemium"": 0}, ""2"": {""freemium"": 6, ""premium"": 0}, ""3"": {""freemium"": 0, ""enterprise"": 10}, ""4"": {""enterprise"": 0, ""freemium"": 0, ""premium"": 9}, ""5"": {""premium"": 0, ""enterprise"": 0, ""freemium"": 4}, ""6"": {""enterprise"": 7, ""freemium"": 1, ""premium"": 1}, ""7"": {""premium"": 2, ""freemium"": 4}}"
138.936665,finish,w0!w000412__freemium,freemium,7,749,plb_nclass,finish,,,,"{""enterprise"": 3, ""freemium"": 3, ""mixed"": 0, ""premium"": 2}","{""0"": 10, ""1"": 9, ""2"": 6, ""3"": 10, ""4"": 9, ""5"": 4, ""6"": 9, ""7"": 5}","{""0"": {""enterprise"": 10, ""freemium"": 0, ""premium"": 0}, ""1"": {""premium"": 9, ""freemium"": 0}, ""2"": {""freemium"": 6, ""premium"": 0}, ""3"": {""freemium"": 0, ""enterprise"": 10}, ""4"": {""enterprise"": 0, ""freemium"": 0, ""premium"": 9}, ""5"": {""premium"": 0, ""enterprise"": 0, ""freemium"": 4}, ""6"": {""enterprise"": 7, ""freemium"": 1, ""premium"": 1}, ""7"": {""premium"": 2, ""freemium"": 3}}"
139.39024,finish,w0!w000379__freemium,freemium,2,254,plb_nclass,finish,,,,"{""enterprise"": 3, ""freemium"": 3, ""mixed"": 0, ""premium"": 2}","{""0"": 10, ""1"": 9, ""2"": 5, ""3"": 10, ""4"": 9, ""5"": 4, ""6"": 9, ""7"": 5}","{""0"": {""enterprise"": 10, ""freemium"": 0, ""premium"": 0}, ""1"": {""premium"": 9, ""freemium"": 0}, ""2"": {""freemium"": 5, ""premium"": 0}, ""3"": {""freemium"": 0, ""enterprise"": 10}, ""4"": {""enterprise"": 0, ""freemium"": 0, ""premium"": 9}, ""5"": {""premium"": 0, ""enterprise"": 0, ""freemium"": 4}, ""6"": {""enterprise"": 7, ""freemium"": 1, ""premium"": 1}, ""7"": {""premium"": 2, ""freemium"": 3}}"
139.518883,start,w0!w000464__freemium,freemium,5,553,plb_nclass,own_pool,freemium,freemium,under_theta,"{""enterprise"": 3, ""freemium"": 3, ""mixed"": 0, ""premium"": 2}","{""0"": 10, ""1"": 9, ""2"": 5, ""3"": 10, ""4"": 9, ""5"": 5, ""6"": 9, ""7"": 5}","{""0"": {""enterprise"": 10, ""freemium"": 0, ""premium"": 0}, ""1"": {""premium"": 9, ""freemium"": 0}, ""2"": {""freemium"": 5, ""premium"": 0}, ""3"": {""freemium"": 0, ""enterprise"": 10}, ""4"": {""enterprise"": 0, ""freemium"": 0, ""premium"": 9}, ""5"": {""premium"": 0, ""enterprise"": 0, ""freemium"": 5}, ""6"": {""enterprise"": 7, ""freemium"": 1, ""premium"": 1}, ""7"": {""premium"": 2, ""freemium"": 3}}"
140.101558,start,w0!w000465__premium,premium,1,167,plb_nclass,own_pool,premium,premium,under_theta,"{""enterprise"": 3, ""freemium"": 3, ""mixed"": 0, ""premium"": 2}","{""0"": 10, ""1"": 10, ""2"": 5, ""3"": 10, ""4"": 9, ""5"": 5, ""6"": 9, ""7"": 5}","{""0"": {""enterprise"": 10, ""freemium"": 0, ""premium"": 0}, ""1"": {""premium"": 10, ""freemium"": 0}, ""2"": {""freemium"": 5, ""premium"": 0}, ""3"": {""freemium"": 0, ""enterprise"": 10}, ""4"": {""enterprise"": 0, ""freemium"": 0, ""premium"": 9}, ""5"": {""premium"": 0, ""enterprise"": 0, ""freemium"": 5}, ""6"": {""enterprise"": 7, ""freemium"": 1, ""premium"": 1}, ""7"": {""premium"": 2, ""freemium"": 3}}"
140.150687,start,w0!w000466__enterprise,enterprise,6,652,plb_nclass,own_pool,enterprise,enterprise,under_theta,"{""enterprise"": 3, ""freemium"": 3, ""mixed"": 0, ""premium"": 2}","{""0"": 10, ""1"": 10, ""2"": 5, ""3"": 10, ""4"": 9, ""5"": 5, ""6"": 10, ""7"": 5}","{""0"": {""enterprise"": 10, ""freemium"": 0, ""premium"": 0}, ""1"": {""premium"": 10, ""freemium"": 0}, ""2"": {""freemium"": 5, ""premium"": 0}, ""3"": {""freemium"": 0, ""enterprise"": 10}, ""4"": {""enterprise"": 0, ""freemium"": 0, ""premium"": 9}, ""5"": {""premium"": 0, ""enterprise"": 0, ""freemium"": 5}, ""6"": {""enterprise"": 8, ""freemium"": 1, ""premium"": 1}, ""7"": {""premium"": 2, ""freemium"": 3}}"
140.434536,start,w0!w000467__enterprise,enterprise,2,262,plb_nclass,borrow_lower,freemium,enterprise,load_first,"{""enterprise"": 4, ""freemium"": 2, ""mixed"": 0, ""premium"": 2}","{""0"": 10, ""1"": 10, ""2"": 6, ""3"": 10, ""4"": 9, ""5"": 5, ""6"": 10, ""7"": 5}","{""0"": {""enterprise"": 10, ""freemium"": 0, ""premium"": 0}, ""1"": {""premium"": 10, ""freemium"": 0}, ""2"": {""freemium"": 5, ""premium"": 0, ""enterprise"": 1}, ""3"": {""freemium"": 0, ""enterprise"": 10}, ""4"": {""enterprise"": 0, ""freemium"": 0, ""premium"": 9}, ""5"": {""premium"": 0, ""enterprise"": 0, ""freemium"": 5}, ""6"": {""enterprise"": 8, ""freemium"": 1, ""premium"": 1}, ""7"": {""premium"": 2, ""freemium"": 3}}"
140.516077,start,w0!w000468__premium,premium,4,460,plb_nclass,own_pool,premium,premium,under_theta,"{""enterprise"": 4, ""freemium"": 2, ""mixed"": 0, ""premium"": 2}","{""0"": 10, ""1"": 10, ""2"": 6, ""3"": 10, ""4"": 10, ""5"": 5, ""6"": 10, ""7"": 5}","{""0"": {""enterprise"": 10, ""freemium"": 0, ""premium"": 0}, ""1"": {""premium"": 10, ""freemium"": 0}, ""2"": {""freemium"": 5, ""premium"": 0, ""enterprise"": 1}, ""3"": {""freemium"": 0, ""enterprise"": 10}, ""4"": {""enterprise"": 0, ""freemium"": 0, ""premium"": 10}, ""5"": {""premium"": 0, ""enterprise"": 0, ""freemium"": 5}, ""6"": {""enterprise"": 8, ""freemium"": 1, ""premium"": 1}, ""7"": {""premium"": 2, ""freemium"": 3}}"
140.584051,start,w0!w000469__freemium,freemium,5,554,plb_nclass,own_pool,freemium,freemium,under_theta,"{""enterprise"": 4, ""freemium"": 2, ""mixed"": 0, ""premium"": 2}","{""0"": 10, ""1"": 10, ""2"": 6, ""3"": 10, ""4"": 10, ""5"": 6, ""6"": 10, ""7"": 5}","{""0"": {""enterprise"": 10, ""freemium"": 0, ""premium"": 0}, ""1"": {""premium"": 10, ""freemium"": 0}, ""2"": {""freemium"": 5, ""premium"": 0, ""enterprise"": 1}, ""3"": {""freemium"": 0, ""enterprise"": 10}, ""4"": {""enterprise"": 0, ""freemium"": 0, ""premium"": 10}, ""5"": {""premium"": 0, ""enterprise"": 0, ""freemium"": 6}, ""6"": {""enterprise"": 8, ""freemium"": 1, ""premium"": 1}, ""7"": {""premium"": 2, ""freemium"": 3}}"
140.674277,finish,w0!w000413__enterprise,enterprise,3,349,plb_nclass,finish,,,,"{""enterprise"": 4, ""freemium"": 2, ""mixed"": 0, ""premium"": 2}","{""0"": 10, ""1"": 10, ""2"": 6, ""3"": 9, ""4"": 10, ""5"": 6, ""6"": 10, ""7"": 5}","{""0"": {""enterprise"": 10, ""freemium"": 0, ""premium"": 0}, ""1"": {""premium"": 10, ""freemium"": 0}, ""2"": {""freemium"": 5, ""premium"": 0, ""enterprise"": 1}, ""3"": {""freemium"": 0, ""enterprise"": 9}, ""4"": {""enterprise"": 0, ""freemium"": 0, ""premium"": 10}, ""5"": {""premium"": 0, ""enterprise"": 0, ""freemium"": 6}, ""6"": {""enterprise"": 8, ""freemium"": 1, ""premium"": 1}, ""7"": {""premium"": 2, ""freemium"": 3}}"
140.678127,start,w0!w000470__enterprise,enterprise,2,263,plb_nclass,own_pool,enterprise,enterprise,under_theta,"{""enterprise"": 4, ""freemium"": 2, ""mixed"": 0, ""premium"": 2}","{""0"": 10, ""1"": 10, ""2"": 7, ""3"": 9, ""4"": 10, ""5"": 6, ""6"": 10, ""7"": 5}","{""0"": {""enterprise"": 10, ""freemium"": 0, ""premium"": 0}, ""1"": {""premium"": 10, ""freemium"": 0}, ""2"": {""freemium"": 5, ""premium"": 0, ""enterprise"": 2}, ""3"": {""freemium"": 0, ""enterprise"": 9}, ""4"": {""enterprise"": 0, ""freemium"": 0, ""premium"": 10}, ""5"": {""premium"": 0, ""enterprise"": 0, ""freemium"": 6}, ""6"": {""enterprise"": 8, ""freemium"": 1, ""premium"": 1}, ""7"": {""premium"": 2, ""freemium"": 3}}"
140.721904,start,w0!w000471__freemium,freemium,7,754,plb_nclass,own_pool,freemium,freemium,under_theta,"{""enterprise"": 4, ""freemium"": 2, ""mixed"": 0, ""premium"": 2}","{""0"": 10, ""1"": 10, ""2"": 7, ""3"": 9, ""4"": 10, ""5"": 6, ""6"": 10, ""7"": 6}","{""0"": {""enterprise"": 10, ""freemium"": 0, ""premium"": 0}, ""1"": {""premium"": 10, ""freemium"": 0}, ""2"": {""freemium"": 5, ""premium"": 0, ""enterprise"": 2}, ""3"": {""freemium"": 0, ""enterprise"": 9}, ""4"": {""enterprise"": 0, ""freemium"": 0, ""premium"": 10}, ""5"": {""premium"": 0, ""enterprise"": 0, ""freemium"": 6}, ""6"": {""enterprise"": 8, ""freemium"": 1, ""premium"": 1}, ""7"": {""premium"": 2, ""freemium"": 4}}"
140.791462,start,w0!w000472__premium,premium,5,555,plb_nclass,borrow_lower,freemium,premium,load_first,"{""enterprise"": 4, ""freemium"": 1, ""mixed"": 0, ""premium"": 3}","{""0"": 10, ""1"": 10, ""2"": 7, ""3"": 9, ""4"": 10, ""5"": 7, ""6"": 10, ""7"": 6}","{""0"": {""enterprise"": 10, ""freemium"": 0, ""premium"": 0}, ""1"": {""premium"": 10, ""freemium"": 0}, ""2"": {""freemium"": 5, ""premium"": 0, ""enterprise"": 2}, ""3"": {""freemium"": 0, ""enterprise"": 9}, ""4"": {""enterprise"": 0, ""freemium"": 0, ""premium"": 10}, ""5"": {""premium"": 1, ""enterprise"": 0, ""freemium"": 6}, ""6"": {""enterprise"": 8, ""freemium"": 1, ""premium"": 1}, ""7"": {""premium"": 2, ""freemium"": 4}}"
140.834309,finish,w0!w000394__freemium,freemium,2,256,plb_nclass,finish,,,,"{""enterprise"": 4, ""freemium"": 1, ""mixed"": 0, ""premium"": 3}","{""0"": 10, ""1"": 10, ""2"": 6, ""3"": 9, ""4"": 10, ""5"": 7, ""6"": 10, ""7"": 6}","{""0"": {""enterprise"": 10, ""freemium"": 0, ""premium"": 0}, ""1"": {""premium"": 10, ""freemium"": 0}, ""2"": {""freemium"": 4, ""premium"": 0, ""enterprise"": 2}, ""3"": {""freemium"": 0, ""enterprise"": 9}, ""4"": {""enterprise"": 0, ""freemium"": 0, ""premium"": 10}, ""5"": {""premium"": 1, ""enterprise"": 0, ""freemium"": 6}, ""6"": {""enterprise"": 8, ""freemium"": 1, ""premium"": 1}, ""7"": {""premium"": 2, ""freemium"": 4}}"
140.855884,start,w0!w000473__freemium,freemium,7,755,plb_nclass,own_pool,freemium,freemium,under_theta,"{""enterprise"": 4, ""freemium"": 1, ""mixed"": 0, ""premium"": 3}","{""0"": 10, ""1"": 10, ""2"": 6, ""3"": 9, ""4"": 10, ""5"": 7, ""6"": 10, ""7"": 7}","{""0"": {""enterprise"": 10, ""freemium"": 0, ""premium"": 0}, ""1"": {""premium"": 10, ""freemium"": 0}, ""2"": {""freemium"": 4, ""premium"": 0, ""enterprise"": 2}, ""3"": {""freemium"": 0, ""enterprise"": 9}, ""4"": {""enterprise"": 0, ""freemium"": 0, ""premium"": 10}, ""5"": {""premium"": 1, ""enterprise"": 0, ""freemium"": 6}, ""6"": {""enterprise"": 8, ""freemium"": 1, ""premium"": 1}, ""7"": {""premium"": 2, ""freemium"": 5}}"
140.923382,finish,w0!w000401__enterprise,enterprise,0,50,plb_nclass,finish,,,,"{""enterprise"": 4, ""freemium"": 1, ""mixed"": 0, ""premium"": 3}","{""0"": 9, ""1"": 10, ""2"": 6, ""3"": 9, ""4"": 10, ""5"": 7, ""6"": 10, ""7"": 7}","{""0"": {""enterprise"": 9, ""freemium"": 0, ""premium"": 0}, ""1"": {""premium"": 10, ""freemium"": 0}, ""2"": {""freemium"": 4, ""premium"": 0, ""enterprise"": 2}, ""3"": {""freemium"": 0, ""enterprise"": 9}, ""4"": {""enterprise"": 0, ""freemium"": 0, ""premium"": 10}, ""5"": {""premium"": 1, ""enterprise"": 0, ""freemium"": 6}, ""6"": {""enterprise"": 8, ""freemium"": 1, ""premium"": 1}, ""7"": {""premium"": 2, ""freemium"": 5}}"
140.927144,start,w0!w000474__enterprise,enterprise,2,264,plb_nclass,own_pool,enterprise,enterprise,under_theta,"{""enterprise"": 4, ""freemium"": 1, ""mixed"": 0, ""premium"": 3}","{""0"": 9, ""1"": 10, ""2"": 7, ""3"": 9, ""4"": 10, ""5"": 7, ""6"": 10, ""7"": 7}","{""0"": {""enterprise"": 9, ""freemium"": 0, ""premium"": 0}, ""1"": {""premium"": 10, ""freemium"": 0}, ""2"": {""freemium"": 4, ""premium"": 0, ""enterprise"": 3}, ""3"": {""freemium"": 0, ""enterprise"": 9}, ""4"": {""enterprise"": 0, ""freemium"": 0, ""premium"": 10}, ""5"": {""premium"": 1, ""enterprise"": 0, ""freemium"": 6}, ""6"": {""enterprise"": 8, ""freemium"": 1, ""premium"": 1}, ""7"": {""premium"": 2, ""freemium"": 5}}"
141.236326,finish,w0!w000416__enterprise,enterprise,3,350,plb_nclass,finish,,,,"{""enterprise"": 4, ""freemium"": 1, ""mixed"": 0, ""premium"": 3}","{""0"": 9, ""1"": 10, ""2"": 7, ""3"": 8, ""4"": 10, ""5"": 7, ""6"": 10, ""7"": 7}","{""0"": {""enterprise"": 9, ""freemium"": 0, ""premium"": 0}, ""1"": {""premium"": 10, ""freemium"": 0}, ""2"": {""freemium"": 4, ""premium"": 0, ""enterprise"": 3}, ""3"": {""freemium"": 0, ""enterprise"": 8}, ""4"": {""enterprise"": 0, ""freemium"": 0, ""premium"": 10}, ""5"": {""premium"": 1, ""enterprise"": 0, ""freemium"": 6}, ""6"": {""enterprise"": 8, ""freemium"": 1, ""premium"": 1}, ""7"": {""premium"": 2, ""freemium"": 5}}"
141.462829,finish,w0!w000383__freemium,freemium,5,545,plb_nclass,finish,,,,"{""enterprise"": 4, ""freemium"": 1, ""mixed"": 0, ""premium"": 3}","{""0"": 9, ""1"": 10, ""2"": 7, ""3"": 8, ""4"": 10, ""5"": 6, ""6"": 10, ""7"": 7}","{""0"": {""enterprise"": 9, ""freemium"": 0, ""premium"": 0}, ""1"": {""premium"": 10, ""freemium"": 0}, ""2"": {""freemium"": 4, ""premium"": 0, ""enterprise"": 3}, ""3"": {""freemium"": 0, ""enterprise"": 8}, ""4"": {""enterprise"": 0, ""freemium"": 0, ""premium"": 10}, ""5"": {""premium"": 1, ""enterprise"": 0, ""freemium"": 5}, ""6"": {""enterprise"": 8, ""freemium"": 1, ""premium"": 1}, ""7"": {""premium"": 2, ""freemium"": 5}}"
141.782819,finish,w0!w000424__freemium,freemium,2,259,plb_nclass,finish,,,,"{""enterprise"": 4, ""freemium"": 1, ""mixed"": 0, ""premium"": 3}","{""0"": 9, ""1"": 10, ""2"": 6, ""3"": 8, ""4"": 10, ""5"": 6, ""6"": 10, ""7"": 7}","{""0"": {""enterprise"": 9, ""freemium"": 0, ""premium"": 0}, ""1"": {""premium"": 10, ""freemium"": 0}, ""2"": {""freemium"": 3, ""premium"": 0, ""enterprise"": 3}, ""3"": {""freemium"": 0, ""enterprise"": 8}, ""4"": {""enterprise"": 0, ""freemium"": 0, ""premium"": 10}, ""5"": {""premium"": 1, ""enterprise"": 0, ""freemium"": 5}, ""6"": {""enterprise"": 8, ""freemium"": 1, ""premium"": 1}, ""7"": {""premium"": 2, ""freemium"": 5}}"
141.830109,finish,w0!w000434__enterprise,enterprise,0,56,plb_nclass,finish,,,,"{""enterprise"": 4, ""freemium"": 1, ""mixed"": 0, ""premium"": 3}","{""0"": 8, ""1"": 10, ""2"": 6, ""3"": 8, ""4"": 10, ""5"": 6, ""6"": 10, ""7"": 7}","{""0"": {""enterprise"": 8, ""freemium"": 0, ""premium"": 0}, ""1"": {""premium"": 10, ""freemium"": 0}, ""2"": {""freemium"": 3, ""premium"": 0, ""enterprise"": 3}, ""3"": {""freemium"": 0, ""enterprise"": 8}, ""4"": {""enterprise"": 0, ""freemium"": 0, ""premium"": 10}, ""5"": {""premium"": 1, ""enterprise"": 0, ""freemium"": 5}, ""6"": {""enterprise"": 8, ""freemium"": 1, ""premium"": 1}, ""7"": {""premium"": 2, ""freemium"": 5}}"
142.025739,start,w0!w000475__premium,premium,5,556,plb_nclass,own_pool,premium,premium,under_theta,"{""enterprise"": 4, ""freemium"": 1, ""mixed"": 0, ""premium"": 3}","{""0"": 8, ""1"": 10, ""2"": 6, ""3"": 8, ""4"": 10, ""5"": 7, ""6"": 10, ""7"": 7}","{""0"": {""enterprise"": 8, ""freemium"": 0, ""premium"": 0}, ""1"": {""premium"": 10, ""freemium"": 0}, ""2"": {""freemium"": 3, ""premium"": 0, ""enterprise"": 3}, ""3"": {""freemium"": 0, ""enterprise"": 8}, ""4"": {""enterprise"": 0, ""freemium"": 0, ""premium"": 10}, ""5"": {""premium"": 2, ""enterprise"": 0, ""freemium"": 5}, ""6"": {""enterprise"": 8, ""freemium"": 1, ""premium"": 1}, ""7"": {""premium"": 2, ""freemium"": 5}}"
142.222125,finish,w0!w000398__premium,premium,7,747,plb_nclass,finish,,,,"{""enterprise"": 4, ""freemium"": 1, ""mixed"": 0, ""premium"": 3}","{""0"": 8, ""1"": 10, ""2"": 6, ""3"": 8, ""4"": 10, ""5"": 7, ""6"": 10, ""7"": 6}","{""0"": {""enterprise"": 8, ""freemium"": 0, ""premium"": 0}, ""1"": {""premium"": 10, ""freemium"": 0}, ""2"": {""freemium"": 3, ""premium"": 0, ""enterprise"": 3}, ""3"": {""freemium"": 0, ""enterprise"": 8}, ""4"": {""enterprise"": 0, ""freemium"": 0, ""premium"": 10}, ""5"": {""premium"": 2, ""enterprise"": 0, ""freemium"": 5}, ""6"": {""enterprise"": 8, ""freemium"": 1, ""premium"": 1}, ""7"": {""premium"": 1, ""freemium"": 5}}"
142.670943,start,w0!w000476__premium,premium,5,557,plb_nclass,own_pool,premium,premium,under_theta,"{""enterprise"": 4, ""freemium"": 1, ""mixed"": 0, ""premium"": 3}","{""0"": 8, ""1"": 10, ""2"": 6, ""3"": 8, ""4"": 10, ""5"": 8, ""6"": 10, ""7"": 6}","{""0"": {""enterprise"": 8, ""freemium"": 0, ""premium"": 0}, ""1"": {""premium"": 10, ""freemium"": 0}, ""2"": {""freemium"": 3, ""premium"": 0, ""enterprise"": 3}, ""3"": {""freemium"": 0, ""enterprise"": 8}, ""4"": {""enterprise"": 0, ""freemium"": 0, ""premium"": 10}, ""5"": {""premium"": 3, ""enterprise"": 0, ""freemium"": 5}, ""6"": {""enterprise"": 8, ""freemium"": 1, ""premium"": 1}, ""7"": {""premium"": 1, ""freemium"": 5}}"
142.966801,finish,w0!w000430__enterprise,enterprise,0,55,plb_nclass,finish,,,,"{""enterprise"": 4, ""freemium"": 1, ""mixed"": 0, ""premium"": 3}","{""0"": 7, ""1"": 10, ""2"": 6, ""3"": 8, ""4"": 10, ""5"": 8, ""6"": 10, ""7"": 6}","{""0"": {""enterprise"": 7, ""freemium"": 0, ""premium"": 0}, ""1"": {""premium"": 10, ""freemium"": 0}, ""2"": {""freemium"": 3, ""premium"": 0, ""enterprise"": 3}, ""3"": {""freemium"": 0, ""enterprise"": 8}, ""4"": {""enterprise"": 0, ""freemium"": 0, ""premium"": 10}, ""5"": {""premium"": 3, ""enterprise"": 0, ""freemium"": 5}, ""6"": {""enterprise"": 8, ""freemium"": 1, ""premium"": 1}, ""7"": {""premium"": 1, ""freemium"": 5}}"
143.203117,start,w0!w000477__freemium,freemium,7,756,plb_nclass,own_pool,freemium,freemium,under_theta,"{""enterprise"": 4, ""freemium"": 1, ""mixed"": 0, ""premium"": 3}","{""0"": 7, ""1"": 10, ""2"": 6, ""3"": 8, ""4"": 10, ""5"": 8, ""6"": 10, ""7"": 7}","{""0"": {""enterprise"": 7, ""freemium"": 0, ""premium"": 0}, ""1"": {""premium"": 10, ""freemium"": 0}, ""2"": {""freemium"": 3, ""premium"": 0, ""enterprise"": 3}, ""3"": {""freemium"": 0, ""enterprise"": 8}, ""4"": {""enterprise"": 0, ""freemium"": 0, ""premium"": 10}, ""5"": {""premium"": 3, ""enterprise"": 0, ""freemium"": 5}, ""6"": {""enterprise"": 8, ""freemium"": 1, ""premium"": 1}, ""7"": {""premium"": 1, ""freemium"": 6}}"
143.23065,start,w0!w000478__freemium,freemium,7,757,plb_nclass,own_pool,freemium,freemium,under_theta,"{""enterprise"": 4, ""freemium"": 1, ""mixed"": 0, ""premium"": 3}","{""0"": 7, ""1"": 10, ""2"": 6, ""3"": 8, ""4"": 10, ""5"": 8, ""6"": 10, ""7"": 8}","{""0"": {""enterprise"": 7, ""freemium"": 0, ""premium"": 0}, ""1"": {""premium"": 10, ""freemium"": 0}, ""2"": {""freemium"": 3, ""premium"": 0, ""enterprise"": 3}, ""3"": {""freemium"": 0, ""enterprise"": 8}, ""4"": {""enterprise"": 0, ""freemium"": 0, ""premium"": 10}, ""5"": {""premium"": 3, ""enterprise"": 0, ""freemium"": 5}, ""6"": {""enterprise"": 8, ""freemium"": 1, ""premium"": 1}, ""7"": {""premium"": 1, ""freemium"": 7}}"
143.396844,finish,w0!w000418__premium,premium,4,450,plb_nclass,finish,,,,"{""enterprise"": 4, ""freemium"": 1, ""mixed"": 0, ""premium"": 3}","{""0"": 7, ""1"": 10, ""2"": 6, ""3"": 8, ""4"": 9, ""5"": 8, ""6"": 10, ""7"": 8}","{""0"": {""enterprise"": 7, ""freemium"": 0, ""premium"": 0}, ""1"": {""premium"": 10, ""freemium"": 0}, ""2"": {""freemium"": 3, ""premium"": 0, ""enterprise"": 3}, ""3"": {""freemium"": 0, ""enterprise"": 8}, ""4"": {""enterprise"": 0, ""freemium"": 0, ""premium"": 9}, ""5"": {""premium"": 3, ""enterprise"": 0, ""freemium"": 5}, ""6"": {""enterprise"": 8, ""freemium"": 1, ""premium"": 1}, ""7"": {""premium"": 1, ""freemium"": 7}}"
143.494118,start,w0!w000479__freemium,freemium,7,758,plb_nclass,own_pool,freemium,freemium,under_theta,"{""enterprise"": 4, ""freemium"": 1, ""mixed"": 0, ""premium"": 3}","{""0"": 7, ""1"": 10, ""2"": 6, ""3"": 8, ""4"": 9, ""5"": 8, ""6"": 10, ""7"": 9}","{""0"": {""enterprise"": 7, ""freemium"": 0, ""premium"": 0}, ""1"": {""premium"": 10, ""freemium"": 0}, ""2"": {""freemium"": 3, ""premium"": 0, ""enterprise"": 3}, ""3"": {""freemium"": 0, ""enterprise"": 8}, ""4"": {""enterprise"": 0, ""freemium"": 0, ""premium"": 9}, ""5"": {""premium"": 3, ""enterprise"": 0, ""freemium"": 5}, ""6"": {""enterprise"": 8, ""freemium"": 1, ""premium"": 1}, ""7"": {""premium"": 1, ""freemium"": 8}}"
143.559424,finish,w0!w000400__premium,premium,6,643,plb_nclass,finish,,,,"{""enterprise"": 4, ""freemium"": 1, ""mixed"": 0, ""premium"": 3}","{""0"": 7, ""1"": 10, ""2"": 6, ""3"": 8, ""4"": 9, ""5"": 8, ""6"": 9, ""7"": 9}","{""0"": {""enterprise"": 7, ""freemium"": 0, ""premium"": 0}, ""1"": {""premium"": 10, ""freemium"": 0}, ""2"": {""freemium"": 3, ""premium"": 0, ""enterprise"": 3}, ""3"": {""freemium"": 0, ""enterprise"": 8}, ""4"": {""enterprise"": 0, ""freemium"": 0, ""premium"": 9}, ""5"": {""premium"": 3, ""enterprise"": 0, ""freemium"": 5}, ""6"": {""enterprise"": 8, ""freemium"": 1, ""premium"": 0}, ""7"": {""premium"": 1, ""freemium"": 8}}"
143.589147,start,w0!w000480__freemium,freemium,7,759,plb_nclass,own_pool,freemium,freemium,under_theta,"{""enterprise"": 4, ""freemium"": 1, ""mixed"": 0, ""premium"": 3}","{""0"": 7, ""1"": 10, ""2"": 6, ""3"": 8, ""4"": 9, ""5"": 8, ""6"": 9, ""7"": 10}","{""0"": {""enterprise"": 7, ""freemium"": 0, ""premium"": 0}, ""1"": {""premium"": 10, ""freemium"": 0}, ""2"": {""freemium"": 3, ""premium"": 0, ""enterprise"": 3}, ""3"": {""freemium"": 0, ""enterprise"": 8}, ""4"": {""enterprise"": 0, ""freemium"": 0, ""premium"": 9}, ""5"": {""premium"": 3, ""enterprise"": 0, ""freemium"": 5}, ""6"": {""enterprise"": 8, ""freemium"": 1, ""premium"": 0}, ""7"": {""premium"": 1, ""freemium"": 9}}"
143.688116,finish,w0!w000440__premium,premium,4,454,plb_nclass,finish,,,,"{""enterprise"": 4, ""freemium"": 1, ""mixed"": 0, ""premium"": 3}","{""0"": 7, ""1"": 10, ""2"": 6, ""3"": 8, ""4"": 8, ""5"": 8, ""6"": 9, ""7"": 10}","{""0"": {""enterprise"": 7, ""freemium"": 0, ""premium"": 0}, ""1"": {""premium"": 10, ""freemium"": 0}, ""2"": {""freemium"": 3, ""premium"": 0, ""enterprise"": 3}, ""3"": {""freemium"": 0, ""enterprise"": 8}, ""4"": {""enterprise"": 0, ""freemium"": 0, ""premium"": 8}, ""5"": {""premium"": 3, ""enterprise"": 0, ""freemium"": 5}, ""6"": {""enterprise"": 8, ""freemium"": 1, ""premium"": 0}, ""7"": {""premium"": 1, ""freemium"": 9}}"
143.706306,finish,w0!w000386__freemium,freemium,6,638,plb_nclass,finish,,,,"{""enterprise"": 4, ""freemium"": 1, ""mixed"": 0, ""premium"": 3}","{""0"": 7, ""1"": 10, ""2"": 6, ""3"": 8, ""4"": 8, ""5"": 8, ""6"": 8, ""7"": 10}","{""0"": {""enterprise"": 7, ""freemium"": 0, ""premium"": 0}, ""1"": {""premium"": 10, ""freemium"": 0}, ""2"": {""freemium"": 3, ""premium"": 0, ""enterprise"": 3}, ""3"": {""freemium"": 0, ""enterprise"": 8}, ""4"": {""enterprise"": 0, ""freemium"": 0, ""premium"": 8}, ""5"": {""premium"": 3, ""enterprise"": 0, ""freemium"": 5}, ""6"": {""enterprise"": 8, ""freemium"": 0, ""premium"": 0}, ""7"": {""premium"": 1, ""freemium"": 9}}"
143.781385,start,w0!w000481__freemium,freemium,4,461,plb_nclass,borrow_higher_surplus,premium,freemium,safe_surplus,"{""enterprise"": 4, ""freemium"": 2, ""mixed"": 0, ""premium"": 2}","{""0"": 7, ""1"": 10, ""2"": 6, ""3"": 8, ""4"": 9, ""5"": 8, ""6"": 8, ""7"": 10}","{""0"": {""enterprise"": 7, ""freemium"": 0, ""premium"": 0}, ""1"": {""premium"": 10, ""freemium"": 0}, ""2"": {""freemium"": 3, ""premium"": 0, ""enterprise"": 3}, ""3"": {""freemium"": 0, ""enterprise"": 8}, ""4"": {""enterprise"": 0, ""freemium"": 1, ""premium"": 8}, ""5"": {""premium"": 3, ""enterprise"": 0, ""freemium"": 5}, ""6"": {""enterprise"": 8, ""freemium"": 0, ""premium"": 0}, ""7"": {""premium"": 1, ""freemium"": 9}}"
144.068884,finish,w0!w000407__enterprise,enterprise,3,348,plb_nclass,finish,,,,"{""enterprise"": 4, ""freemium"": 2, ""mixed"": 0, ""premium"": 2}","{""0"": 7, ""1"": 10, ""2"": 6, ""3"": 7, ""4"": 9, ""5"": 8, ""6"": 8, ""7"": 10}","{""0"": {""enterprise"": 7, ""freemium"": 0, ""premium"": 0}, ""1"": {""premium"": 10, ""freemium"": 0}, ""2"": {""freemium"": 3, ""premium"": 0, ""enterprise"": 3}, ""3"": {""freemium"": 0, ""enterprise"": 7}, ""4"": {""enterprise"": 0, ""freemium"": 1, ""premium"": 8}, ""5"": {""premium"": 3, ""enterprise"": 0, ""freemium"": 5}, ""6"": {""enterprise"": 8, ""freemium"": 0, ""premium"": 0}, ""7"": {""premium"": 1, ""freemium"": 9}}"
144.12832,finish,w0!w000442__enterprise,enterprise,6,646,plb_nclass,finish,,,,"{""enterprise"": 4, ""freemium"": 2, ""mixed"": 0, ""premium"": 2}","{""0"": 7, ""1"": 10, ""2"": 6, ""3"": 7, ""4"": 9, ""5"": 8, ""6"": 7, ""7"": 10}","{""0"": {""enterprise"": 7, ""freemium"": 0, ""premium"": 0}, ""1"": {""premium"": 10, ""freemium"": 0}, ""2"": {""freemium"": 3, ""premium"": 0, ""enterprise"": 3}, ""3"": {""freemium"": 0, ""enterprise"": 7}, ""4"": {""enterprise"": 0, ""freemium"": 1, ""premium"": 8}, ""5"": {""premium"": 3, ""enterprise"": 0, ""freemium"": 5}, ""6"": {""enterprise"": 7, ""freemium"": 0, ""premium"": 0}, ""7"": {""premium"": 1, ""freemium"": 9}}"
144.235765,finish,w0!w000431__premium,premium,4,453,plb_nclass,finish,,,,"{""enterprise"": 4, ""freemium"": 2, ""mixed"": 0, ""premium"": 2}","{""0"": 7, ""1"": 10, ""2"": 6, ""3"": 7, ""4"": 8, ""5"": 8, ""6"": 7, ""7"": 10}","{""0"": {""enterprise"": 7, ""freemium"": 0, ""premium"": 0}, ""1"": {""premium"": 10, ""freemium"": 0}, ""2"": {""freemium"": 3, ""premium"": 0, ""enterprise"": 3}, ""3"": {""freemium"": 0, ""enterprise"": 7}, ""4"": {""enterprise"": 0, ""freemium"": 1, ""premium"": 7}, ""5"": {""premium"": 3, ""enterprise"": 0, ""freemium"": 5}, ""6"": {""enterprise"": 7, ""freemium"": 0, ""premium"": 0}, ""7"": {""premium"": 1, ""freemium"": 9}}"
144.410447,start,w0!w000482__enterprise,enterprise,2,265,plb_nclass,own_pool,enterprise,enterprise,under_theta,"{""enterprise"": 4, ""freemium"": 2, ""mixed"": 0, ""premium"": 2}","{""0"": 7, ""1"": 10, ""2"": 7, ""3"": 7, ""4"": 8, ""5"": 8, ""6"": 7, ""7"": 10}","{""0"": {""enterprise"": 7, ""freemium"": 0, ""premium"": 0}, ""1"": {""premium"": 10, ""freemium"": 0}, ""2"": {""freemium"": 3, ""premium"": 0, ""enterprise"": 4}, ""3"": {""freemium"": 0, ""enterprise"": 7}, ""4"": {""enterprise"": 0, ""freemium"": 1, ""premium"": 7}, ""5"": {""premium"": 3, ""enterprise"": 0, ""freemium"": 5}, ""6"": {""enterprise"": 7, ""freemium"": 0, ""premium"": 0}, ""7"": {""premium"": 1, ""freemium"": 9}}"
144.812625,start,w0!w000483__premium,premium,5,558,plb_nclass,own_pool,premium,premium,under_theta,"{""enterprise"": 4, ""freemium"": 2, ""mixed"": 0, ""premium"": 2}","{""0"": 7, ""1"": 10, ""2"": 7, ""3"": 7, ""4"": 8, ""5"": 9, ""6"": 7, ""7"": 10}","{""0"": {""enterprise"": 7, ""freemium"": 0, ""premium"": 0}, ""1"": {""premium"": 10, ""freemium"": 0}, ""2"": {""freemium"": 3, ""premium"": 0, ""enterprise"": 4}, ""3"": {""freemium"": 0, ""enterprise"": 7}, ""4"": {""enterprise"": 0, ""freemium"": 1, ""premium"": 7}, ""5"": {""premium"": 4, ""enterprise"": 0, ""freemium"": 5}, ""6"": {""enterprise"": 7, ""freemium"": 0, ""premium"": 0}, ""7"": {""premium"": 1, ""freemium"": 9}}"
145.320753,start,w0!w000484__enterprise,enterprise,0,59,plb_nclass,own_pool,enterprise,enterprise,under_theta,"{""enterprise"": 4, ""freemium"": 2, ""mixed"": 0, ""premium"": 2}","{""0"": 8, ""1"": 10, ""2"": 7, ""3"": 7, ""4"": 8, ""5"": 9, ""6"": 7, ""7"": 10}","{""0"": {""enterprise"": 8, ""freemium"": 0, ""premium"": 0}, ""1"": {""premium"": 10, ""freemium"": 0}, ""2"": {""freemium"": 3, ""premium"": 0, ""enterprise"": 4}, ""3"": {""freemium"": 0, ""enterprise"": 7}, ""4"": {""enterprise"": 0, ""freemium"": 1, ""premium"": 7}, ""5"": {""premium"": 4, ""enterprise"": 0, ""freemium"": 5}, ""6"": {""enterprise"": 7, ""freemium"": 0, ""premium"": 0}, ""7"": {""premium"": 1, ""freemium"": 9}}"
145.549683,start,w0!w000485__enterprise,enterprise,2,266,plb_nclass,own_pool,enterprise,enterprise,under_theta,"{""enterprise"": 4, ""freemium"": 2, ""mixed"": 0, ""premium"": 2}","{""0"": 8, ""1"": 10, ""2"": 8, ""3"": 7, ""4"": 8, ""5"": 9, ""6"": 7, ""7"": 10}","{""0"": {""enterprise"": 8, ""freemium"": 0, ""premium"": 0}, ""1"": {""premium"": 10, ""freemium"": 0}, ""2"": {""freemium"": 3, ""premium"": 0, ""enterprise"": 5}, ""3"": {""freemium"": 0, ""enterprise"": 7}, ""4"": {""enterprise"": 0, ""freemium"": 1, ""premium"": 7}, ""5"": {""premium"": 4, ""enterprise"": 0, ""freemium"": 5}, ""6"": {""enterprise"": 7, ""freemium"": 0, ""premium"": 0}, ""7"": {""premium"": 1, ""freemium"": 9}}"
145.77576,start,w0!w000486__enterprise,enterprise,3,357,plb_nclass,own_pool,enterprise,enterprise,under_theta,"{""enterprise"": 4, ""freemium"": 2, ""mixed"": 0, ""premium"": 2}","{""0"": 8, ""1"": 10, ""2"": 8, ""3"": 8, ""4"": 8, ""5"": 9, ""6"": 7, ""7"": 10}","{""0"": {""enterprise"": 8, ""freemium"": 0, ""premium"": 0}, ""1"": {""premium"": 10, ""freemium"": 0}, ""2"": {""freemium"": 3, ""premium"": 0, ""enterprise"": 5}, ""3"": {""freemium"": 0, ""enterprise"": 8}, ""4"": {""enterprise"": 0, ""freemium"": 1, ""premium"": 7}, ""5"": {""premium"": 4, ""enterprise"": 0, ""freemium"": 5}, ""6"": {""enterprise"": 7, ""freemium"": 0, ""premium"": 0}, ""7"": {""premium"": 1, ""freemium"": 9}}"
145.815516,start,w0!w000487__freemium,freemium,4,462,plb_nclass,own_pool,freemium,freemium,under_theta,"{""enterprise"": 4, ""freemium"": 2, ""mixed"": 0, ""premium"": 2}","{""0"": 8, ""1"": 10, ""2"": 8, ""3"": 8, ""4"": 9, ""5"": 9, ""6"": 7, ""7"": 10}","{""0"": {""enterprise"": 8, ""freemium"": 0, ""premium"": 0}, ""1"": {""premium"": 10, ""freemium"": 0}, ""2"": {""freemium"": 3, ""premium"": 0, ""enterprise"": 5}, ""3"": {""freemium"": 0, ""enterprise"": 8}, ""4"": {""enterprise"": 0, ""freemium"": 2, ""premium"": 7}, ""5"": {""premium"": 4, ""enterprise"": 0, ""freemium"": 5}, ""6"": {""enterprise"": 7, ""freemium"": 0, ""premium"": 0}, ""7"": {""premium"": 1, ""freemium"": 9}}"
145.907516,finish,w0!w000441__enterprise,enterprise,6,645,plb_nclass,finish,,,,"{""enterprise"": 4, ""freemium"": 2, ""mixed"": 0, ""premium"": 2}","{""0"": 8, ""1"": 10, ""2"": 8, ""3"": 8, ""4"": 9, ""5"": 9, ""6"": 6, ""7"": 10}","{""0"": {""enterprise"": 8, ""freemium"": 0, ""premium"": 0}, ""1"": {""premium"": 10, ""freemium"": 0}, ""2"": {""freemium"": 3, ""premium"": 0, ""enterprise"": 5}, ""3"": {""freemium"": 0, ""enterprise"": 8}, ""4"": {""enterprise"": 0, ""freemium"": 2, ""premium"": 7}, ""5"": {""premium"": 4, ""enterprise"": 0, ""freemium"": 5}, ""6"": {""enterprise"": 6, ""freemium"": 0, ""premium"": 0}, ""7"": {""premium"": 1, ""freemium"": 9}}"
146.019838,start,w0!w000488__premium,premium,5,559,plb_nclass,own_pool,premium,premium,under_theta,"{""enterprise"": 4, ""freemium"": 2, ""mixed"": 0, ""premium"": 2}","{""0"": 8, ""1"": 10, ""2"": 8, ""3"": 8, ""4"": 9, ""5"": 10, ""6"": 6, ""7"": 10}","{""0"": {""enterprise"": 8, ""freemium"": 0, ""premium"": 0}, ""1"": {""premium"": 10, ""freemium"": 0}, ""2"": {""freemium"": 3, ""premium"": 0, ""enterprise"": 5}, ""3"": {""freemium"": 0, ""enterprise"": 8}, ""4"": {""enterprise"": 0, ""freemium"": 2, ""premium"": 7}, ""5"": {""premium"": 5, ""enterprise"": 0, ""freemium"": 5}, ""6"": {""enterprise"": 6, ""freemium"": 0, ""premium"": 0}, ""7"": {""premium"": 1, ""freemium"": 9}}"
146.055949,finish,w0!w000437__premium,premium,1,161,plb_nclass,finish,,,,"{""enterprise"": 4, ""freemium"": 2, ""mixed"": 0, ""premium"": 2}","{""0"": 8, ""1"": 9, ""2"": 8, ""3"": 8, ""4"": 9, ""5"": 10, ""6"": 6, ""7"": 10}","{""0"": {""enterprise"": 8, ""freemium"": 0, ""premium"": 0}, ""1"": {""premium"": 9, ""freemium"": 0}, ""2"": {""freemium"": 3, ""premium"": 0, ""enterprise"": 5}, ""3"": {""freemium"": 0, ""enterprise"": 8}, ""4"": {""enterprise"": 0, ""freemium"": 2, ""premium"": 7}, ""5"": {""premium"": 5, ""enterprise"": 0, ""freemium"": 5}, ""6"": {""enterprise"": 6, ""freemium"": 0, ""premium"": 0}, ""7"": {""premium"": 1, ""freemium"": 9}}"
146.135904,start,w0!w000489__enterprise,enterprise,6,653,plb_nclass,own_pool,enterprise,enterprise,under_theta,"{""enterprise"": 4, ""freemium"": 2, ""mixed"": 0, ""premium"": 2}","{""0"": 8, ""1"": 9, ""2"": 8, ""3"": 8, ""4"": 9, ""5"": 10, ""6"": 7, ""7"": 10}","{""0"": {""enterprise"": 8, ""freemium"": 0, ""premium"": 0}, ""1"": {""premium"": 9, ""freemium"": 0}, ""2"": {""freemium"": 3, ""premium"": 0, ""enterprise"": 5}, ""3"": {""freemium"": 0, ""enterprise"": 8}, ""4"": {""enterprise"": 0, ""freemium"": 2, ""premium"": 7}, ""5"": {""premium"": 5, ""enterprise"": 0, ""freemium"": 5}, ""6"": {""enterprise"": 7, ""freemium"": 0, ""premium"": 0}, ""7"": {""premium"": 1, ""freemium"": 9}}"
146.431074,start,w0!w000490__freemium,freemium,4,463,plb_nclass,own_pool,freemium,freemium,under_theta,"{""enterprise"": 4, ""freemium"": 2, ""mixed"": 0, ""premium"": 2}","{""0"": 8, ""1"": 9, ""2"": 8, ""3"": 8, ""4"": 10, ""5"": 10, ""6"": 7, ""7"": 10}","{""0"": {""enterprise"": 8, ""freemium"": 0, ""premium"": 0}, ""1"": {""premium"": 9, ""freemium"": 0}, ""2"": {""freemium"": 3, ""premium"": 0, ""enterprise"": 5}, ""3"": {""freemium"": 0, ""enterprise"": 8}, ""4"": {""enterprise"": 0, ""freemium"": 3, ""premium"": 7}, ""5"": {""premium"": 5, ""enterprise"": 0, ""freemium"": 5}, ""6"": {""enterprise"": 7, ""freemium"": 0, ""premium"": 0}, ""7"": {""premium"": 1, ""freemium"": 9}}"
146.566554,finish,w0!w000392__enterprise,enterprise,0,48,plb_nclass,finish,,,,"{""enterprise"": 4, ""freemium"": 2, ""mixed"": 0, ""premium"": 2}","{""0"": 7, ""1"": 9, ""2"": 8, ""3"": 8, ""4"": 10, ""5"": 10, ""6"": 7, ""7"": 10}","{""0"": {""enterprise"": 7, ""freemium"": 0, ""premium"": 0}, ""1"": {""premium"": 9, ""freemium"": 0}, ""2"": {""freemium"": 3, ""premium"": 0, ""enterprise"": 5}, ""3"": {""freemium"": 0, ""enterprise"": 8}, ""4"": {""enterprise"": 0, ""freemium"": 3, ""premium"": 7}, ""5"": {""premium"": 5, ""enterprise"": 0, ""freemium"": 5}, ""6"": {""enterprise"": 7, ""freemium"": 0, ""premium"": 0}, ""7"": {""premium"": 1, ""freemium"": 9}}"
146.608518,start,w0!w000491__freemium,freemium,1,168,plb_nclass,borrow_higher_surplus,premium,freemium,safe_surplus,"{""enterprise"": 4, ""freemium"": 3, ""mixed"": 0, ""premium"": 1}","{""0"": 7, ""1"": 10, ""2"": 8, ""3"": 8, ""4"": 10, ""5"": 10, ""6"": 7, ""7"": 10}","{""0"": {""enterprise"": 7, ""freemium"": 0, ""premium"": 0}, ""1"": {""premium"": 9, ""freemium"": 1}, ""2"": {""freemium"": 3, ""premium"": 0, ""enterprise"": 5}, ""3"": {""freemium"": 0, ""enterprise"": 8}, ""4"": {""enterprise"": 0, ""freemium"": 3, ""premium"": 7}, ""5"": {""premium"": 5, ""enterprise"": 0, ""freemium"": 5}, ""6"": {""enterprise"": 7, ""freemium"": 0, ""premium"": 0}, ""7"": {""premium"": 1, ""freemium"": 9}}"
146.759324,finish,w0!w000409__premium,premium,7,748,plb_nclass,finish,,,,"{""enterprise"": 4, ""freemium"": 3, ""mixed"": 0, ""premium"": 1}","{""0"": 7, ""1"": 10, ""2"": 8, ""3"": 8, ""4"": 10, ""5"": 10, ""6"": 7, ""7"": 9}","{""0"": {""enterprise"": 7, ""freemium"": 0, ""premium"": 0}, ""1"": {""premium"": 9, ""freemium"": 1}, ""2"": {""freemium"": 3, ""premium"": 0, ""enterprise"": 5}, ""3"": {""freemium"": 0, ""enterprise"": 8}, ""4"": {""enterprise"": 0, ""freemium"": 3, ""premium"": 7}, ""5"": {""premium"": 5, ""enterprise"": 0, ""freemium"": 5}, ""6"": {""enterprise"": 7, ""freemium"": 0, ""premium"": 0}, ""7"": {""premium"": 0, ""freemium"": 9}}"
146.798993,start,w0!w000492__premium,premium,7,760,plb_nclass,borrow_lower,freemium,premium,load_first,"{""enterprise"": 4, ""freemium"": 2, ""mixed"": 0, ""premium"": 2}","{""0"": 7, ""1"": 10, ""2"": 8, ""3"": 8, ""4"": 10, ""5"": 10, ""6"": 7, ""7"": 10}","{""0"": {""enterprise"": 7, ""freemium"": 0, ""premium"": 0}, ""1"": {""premium"": 9, ""freemium"": 1}, ""2"": {""freemium"": 3, ""premium"": 0, ""enterprise"": 5}, ""3"": {""freemium"": 0, ""enterprise"": 8}, ""4"": {""enterprise"": 0, ""freemium"": 3, ""premium"": 7}, ""5"": {""premium"": 5, ""enterprise"": 0, ""freemium"": 5}, ""6"": {""enterprise"": 7, ""freemium"": 0, ""premium"": 0}, ""7"": {""premium"": 1, ""freemium"": 9}}"
146.828051,start,w0!w000493__freemium,freemium,0,60,plb_nclass,borrow_higher_surplus,enterprise,freemium,safe_surplus,"{""enterprise"": 3, ""freemium"": 3, ""mixed"": 0, ""premium"": 2}","{""0"": 8, ""1"": 10, ""2"": 8, ""3"": 8, ""4"": 10, ""5"": 10, ""6"": 7, ""7"": 10}","{""0"": {""enterprise"": 7, ""freemium"": 1, ""premium"": 0}, ""1"": {""premium"": 9, ""freemium"": 1}, ""2"": {""freemium"": 3, ""premium"": 0, ""enterprise"": 5}, ""3"": {""freemium"": 0, ""enterprise"": 8}, ""4"": {""enterprise"": 0, ""freemium"": 3, ""premium"": 7}, ""5"": {""premium"": 5, ""enterprise"": 0, ""freemium"": 5}, ""6"": {""enterprise"": 7, ""freemium"": 0, ""premium"": 0}, ""7"": {""premium"": 1, ""freemium"": 9}}"
146.838434,finish,w0!w000425__enterprise,enterprise,3,351,plb_nclass,finish,,,,"{""enterprise"": 3, ""freemium"": 3, ""mixed"": 0, ""premium"": 2}","{""0"": 8, ""1"": 10, ""2"": 8, ""3"": 7, ""4"": 10, ""5"": 10, ""6"": 7, ""7"": 10}","{""0"": {""enterprise"": 7, ""freemium"": 1, ""premium"": 0}, ""1"": {""premium"": 9, ""freemium"": 1}, ""2"": {""freemium"": 3, ""premium"": 0, ""enterprise"": 5}, ""3"": {""freemium"": 0, ""enterprise"": 7}, ""4"": {""enterprise"": 0, ""freemium"": 3, ""premium"": 7}, ""5"": {""premium"": 5, ""enterprise"": 0, ""freemium"": 5}, ""6"": {""enterprise"": 7, ""freemium"": 0, ""premium"": 0}, ""7"": {""premium"": 1, ""freemium"": 9}}"
147.06102,finish,w0!w000436__freemium,freemium,5,551,plb_nclass,finish,,,,"{""enterprise"": 3, ""freemium"": 3, ""mixed"": 0, ""premium"": 2}","{""0"": 8, ""1"": 10, ""2"": 8, ""3"": 7, ""4"": 10, ""5"": 9, ""6"": 7, ""7"": 10}","{""0"": {""enterprise"": 7, ""freemium"": 1, ""premium"": 0}, ""1"": {""premium"": 9, ""freemium"": 1}, ""2"": {""freemium"": 3, ""premium"": 0, ""enterprise"": 5}, ""3"": {""freemium"": 0, ""enterprise"": 7}, ""4"": {""enterprise"": 0, ""freemium"": 3, ""premium"": 7}, ""5"": {""premium"": 5, ""enterprise"": 0, ""freemium"": 4}, ""6"": {""enterprise"": 7, ""freemium"": 0, ""premium"": 0}, ""7"": {""premium"": 1, ""freemium"": 9}}"
147.289133,finish,w0!w000421__enterprise,enterprise,0,53,plb_nclass,finish,,,,"{""enterprise"": 3, ""freemium"": 3, ""mixed"": 0, ""premium"": 2}","{""0"": 7, ""1"": 10, ""2"": 8, ""3"": 7, ""4"": 10, ""5"": 9, ""6"": 7, ""7"": 10}","{""0"": {""enterprise"": 6, ""freemium"": 1, ""premium"": 0}, ""1"": {""premium"": 9, ""freemium"": 1}, ""2"": {""freemium"": 3, ""premium"": 0, ""enterprise"": 5}, ""3"": {""freemium"": 0, ""enterprise"": 7}, ""4"": {""enterprise"": 0, ""freemium"": 3, ""premium"": 7}, ""5"": {""premium"": 5, ""enterprise"": 0, ""freemium"": 4}, ""6"": {""enterprise"": 7, ""freemium"": 0, ""premium"": 0}, ""7"": {""premium"": 1, ""freemium"": 9}}"
147.348682,finish,w0!w000405__premium,premium,1,158,plb_nclass,finish,,,,"{""enterprise"": 3, ""freemium"": 3, ""mixed"": 0, ""premium"": 2}","{""0"": 7, ""1"": 9, ""2"": 8, ""3"": 7, ""4"": 10, ""5"": 9, ""6"": 7, ""7"": 10}","{""0"": {""enterprise"": 6, ""freemium"": 1, ""premium"": 0}, ""1"": {""premium"": 8, ""freemium"": 1}, ""2"": {""freemium"": 3, ""premium"": 0, ""enterprise"": 5}, ""3"": {""freemium"": 0, ""enterprise"": 7}, ""4"": {""enterprise"": 0, ""freemium"": 3, ""premium"": 7}, ""5"": {""premium"": 5, ""enterprise"": 0, ""freemium"": 4}, ""6"": {""enterprise"": 7, ""freemium"": 0, ""premium"": 0}, ""7"": {""premium"": 1, ""freemium"": 9}}"
147.497365,finish,w0!w000396__enterprise,enterprise,0,49,plb_nclass,finish,,,,"{""enterprise"": 3, ""freemium"": 3, ""mixed"": 0, ""premium"": 2}","{""0"": 6, ""1"": 9, ""2"": 8, ""3"": 7, ""4"": 10, ""5"": 9, ""6"": 7, ""7"": 10}","{""0"": {""enterprise"": 5, ""freemium"": 1, ""premium"": 0}, ""1"": {""premium"": 8, ""freemium"": 1}, ""2"": {""freemium"": 3, ""premium"": 0, ""enterprise"": 5}, ""3"": {""freemium"": 0, ""enterprise"": 7}, ""4"": {""enterprise"": 0, ""freemium"": 3, ""premium"": 7}, ""5"": {""premium"": 5, ""enterprise"": 0, ""freemium"": 4}, ""6"": {""enterprise"": 7, ""freemium"": 0, ""premium"": 0}, ""7"": {""premium"": 1, ""freemium"": 9}}"
147.614466,start,w0!w000494__freemium,freemium,0,61,plb_nclass,own_pool,freemium,freemium,under_theta,"{""enterprise"": 3, ""freemium"": 3, ""mixed"": 0, ""premium"": 2}","{""0"": 7, ""1"": 9, ""2"": 8, ""3"": 7, ""4"": 10, ""5"": 9, ""6"": 7, ""7"": 10}","{""0"": {""enterprise"": 5, ""freemium"": 2, ""premium"": 0}, ""1"": {""premium"": 8, ""freemium"": 1}, ""2"": {""freemium"": 3, ""premium"": 0, ""enterprise"": 5}, ""3"": {""freemium"": 0, ""enterprise"": 7}, ""4"": {""enterprise"": 0, ""freemium"": 3, ""premium"": 7}, ""5"": {""premium"": 5, ""enterprise"": 0, ""freemium"": 4}, ""6"": {""enterprise"": 7, ""freemium"": 0, ""premium"": 0}, ""7"": {""premium"": 1, ""freemium"": 9}}"
147.887181,finish,w0!w000403__freemium,freemium,2,257,plb_nclass,finish,,,,"{""enterprise"": 3, ""freemium"": 3, ""mixed"": 0, ""premium"": 2}","{""0"": 7, ""1"": 9, ""2"": 7, ""3"": 7, ""4"": 10, ""5"": 9, ""6"": 7, ""7"": 10}","{""0"": {""enterprise"": 5, ""freemium"": 2, ""premium"": 0}, ""1"": {""premium"": 8, ""freemium"": 1}, ""2"": {""freemium"": 2, ""premium"": 0, ""enterprise"": 5}, ""3"": {""freemium"": 0, ""enterprise"": 7}, ""4"": {""enterprise"": 0, ""freemium"": 3, ""premium"": 7}, ""5"": {""premium"": 5, ""enterprise"": 0, ""freemium"": 4}, ""6"": {""enterprise"": 7, ""freemium"": 0, ""premium"": 0}, ""7"": {""premium"": 1, ""freemium"": 9}}"
148.266509,start,w0!w000495__freemium,freemium,0,62,plb_nclass,own_pool,freemium,freemium,under_theta,"{""enterprise"": 3, ""freemium"": 3, ""mixed"": 0, ""premium"": 2}","{""0"": 8, ""1"": 9, ""2"": 7, ""3"": 7, ""4"": 10, ""5"": 9, ""6"": 7, ""7"": 10}","{""0"": {""enterprise"": 5, ""freemium"": 3, ""premium"": 0}, ""1"": {""premium"": 8, ""freemium"": 1}, ""2"": {""freemium"": 2, ""premium"": 0, ""enterprise"": 5}, ""3"": {""freemium"": 0, ""enterprise"": 7}, ""4"": {""enterprise"": 0, ""freemium"": 3, ""premium"": 7}, ""5"": {""premium"": 5, ""enterprise"": 0, ""freemium"": 4}, ""6"": {""enterprise"": 7, ""freemium"": 0, ""premium"": 0}, ""7"": {""premium"": 1, ""freemium"": 9}}"
148.347293,start,w0!w000496__freemium,freemium,0,63,plb_nclass,own_pool,freemium,freemium,under_theta,"{""enterprise"": 3, ""freemium"": 3, ""mixed"": 0, ""premium"": 2}","{""0"": 9, ""1"": 9, ""2"": 7, ""3"": 7, ""4"": 10, ""5"": 9, ""6"": 7, ""7"": 10}","{""0"": {""enterprise"": 5, ""freemium"": 4, ""premium"": 0}, ""1"": {""premium"": 8, ""freemium"": 1}, ""2"": {""freemium"": 2, ""premium"": 0, ""enterprise"": 5}, ""3"": {""freemium"": 0, ""enterprise"": 7}, ""4"": {""enterprise"": 0, ""freemium"": 3, ""premium"": 7}, ""5"": {""premium"": 5, ""enterprise"": 0, ""freemium"": 4}, ""6"": {""enterprise"": 7, ""freemium"": 0, ""premium"": 0}, ""7"": {""premium"": 1, ""freemium"": 9}}"
148.596315,start,w0!w000497__freemium,freemium,0,64,plb_nclass,own_pool,freemium,freemium,under_theta,"{""enterprise"": 3, ""freemium"": 3, ""mixed"": 0, ""premium"": 2}","{""0"": 10, ""1"": 9, ""2"": 7, ""3"": 7, ""4"": 10, ""5"": 9, ""6"": 7, ""7"": 10}","{""0"": {""enterprise"": 5, ""freemium"": 5, ""premium"": 0}, ""1"": {""premium"": 8, ""freemium"": 1}, ""2"": {""freemium"": 2, ""premium"": 0, ""enterprise"": 5}, ""3"": {""freemium"": 0, ""enterprise"": 7}, ""4"": {""enterprise"": 0, ""freemium"": 3, ""premium"": 7}, ""5"": {""premium"": 5, ""enterprise"": 0, ""freemium"": 4}, ""6"": {""enterprise"": 7, ""freemium"": 0, ""premium"": 0}, ""7"": {""premium"": 1, ""freemium"": 9}}"
148.695071,start,w0!w000498__freemium,freemium,1,169,plb_nclass,own_pool,freemium,freemium,under_theta,"{""enterprise"": 3, ""freemium"": 3, ""mixed"": 0, ""premium"": 2}","{""0"": 10, ""1"": 10, ""2"": 7, ""3"": 7, ""4"": 10, ""5"": 9, ""6"": 7, ""7"": 10}","{""0"": {""enterprise"": 5, ""freemium"": 5, ""premium"": 0}, ""1"": {""premium"": 8, ""freemium"": 2}, ""2"": {""freemium"": 2, ""premium"": 0, ""enterprise"": 5}, ""3"": {""freemium"": 0, ""enterprise"": 7}, ""4"": {""enterprise"": 0, ""freemium"": 3, ""premium"": 7}, ""5"": {""premium"": 5, ""enterprise"": 0, ""freemium"": 4}, ""6"": {""enterprise"": 7, ""freemium"": 0, ""premium"": 0}, ""7"": {""premium"": 1, ""freemium"": 9}}"
148.706185,start,w0!w000499__freemium,freemium,5,560,plb_nclass,borrow_higher_surplus,premium,freemium,safe_surplus,"{""enterprise"": 3, ""freemium"": 4, ""mixed"": 0, ""premium"": 1}","{""0"": 10, ""1"": 10, ""2"": 7, ""3"": 7, ""4"": 10, ""5"": 10, ""6"": 7, ""7"": 10}","{""0"": {""enterprise"": 5, ""freemium"": 5, ""premium"": 0}, ""1"": {""premium"": 8, ""freemium"": 2}, ""2"": {""freemium"": 2, ""premium"": 0, ""enterprise"": 5}, ""3"": {""freemium"": 0, ""enterprise"": 7}, ""4"": {""enterprise"": 0, ""freemium"": 3, ""premium"": 7}, ""5"": {""premium"": 5, ""enterprise"": 0, ""freemium"": 5}, ""6"": {""enterprise"": 7, ""freemium"": 0, ""premium"": 0}, ""7"": {""premium"": 1, ""freemium"": 9}}"
148.760371,start,w0!w000500__freemium,freemium,2,267,plb_nclass,borrow_higher_surplus,enterprise,freemium,safe_surplus,"{""enterprise"": 2, ""freemium"": 5, ""mixed"": 0, ""premium"": 1}","{""0"": 10, ""1"": 10, ""2"": 8, ""3"": 7, ""4"": 10, ""5"": 10, ""6"": 7, ""7"": 10}","{""0"": {""enterprise"": 5, ""freemium"": 5, ""premium"": 0}, ""1"": {""premium"": 8, ""freemium"": 2}, ""2"": {""freemium"": 3, ""premium"": 0, ""enterprise"": 5}, ""3"": {""freemium"": 0, ""enterprise"": 7}, ""4"": {""enterprise"": 0, ""freemium"": 3, ""premium"": 7}, ""5"": {""premium"": 5, ""enterprise"": 0, ""freemium"": 5}, ""6"": {""enterprise"": 7, ""freemium"": 0, ""premium"": 0}, ""7"": {""premium"": 1, ""freemium"": 9}}"
148.992978,start,w0!w000501__enterprise,enterprise,3,358,plb_nclass,own_pool,enterprise,enterprise,under_theta,"{""enterprise"": 2, ""freemium"": 5, ""mixed"": 0, ""premium"": 1}","{""0"": 10, ""1"": 10, ""2"": 8, ""3"": 8, ""4"": 10, ""5"": 10, ""6"": 7, ""7"": 10}","{""0"": {""enterprise"": 5, ""freemium"": 5, ""premium"": 0}, ""1"": {""premium"": 8, ""freemium"": 2}, ""2"": {""freemium"": 3, ""premium"": 0, ""enterprise"": 5}, ""3"": {""freemium"": 0, ""enterprise"": 8}, ""4"": {""enterprise"": 0, ""freemium"": 3, ""premium"": 7}, ""5"": {""premium"": 5, ""enterprise"": 0, ""freemium"": 5}, ""6"": {""enterprise"": 7, ""freemium"": 0, ""premium"": 0}, ""7"": {""premium"": 1, ""freemium"": 9}}"
149.015576,start,w0!w000502__freemium,freemium,2,268,plb_nclass,own_pool,freemium,freemium,under_theta,"{""enterprise"": 2, ""freemium"": 5, ""mixed"": 0, ""premium"": 1}","{""0"": 10, ""1"": 10, ""2"": 9, ""3"": 8, ""4"": 10, ""5"": 10, ""6"": 7, ""7"": 10}","{""0"": {""enterprise"": 5, ""freemium"": 5, ""premium"": 0}, ""1"": {""premium"": 8, ""freemium"": 2}, ""2"": {""freemium"": 4, ""premium"": 0, ""enterprise"": 5}, ""3"": {""freemium"": 0, ""enterprise"": 8}, ""4"": {""enterprise"": 0, ""freemium"": 3, ""premium"": 7}, ""5"": {""premium"": 5, ""enterprise"": 0, ""freemium"": 5}, ""6"": {""enterprise"": 7, ""freemium"": 0, ""premium"": 0}, ""7"": {""premium"": 1, ""freemium"": 9}}"
149.09834,start,w0!w000503__freemium,freemium,2,269,plb_nclass,own_pool,freemium,freemium,under_theta,"{""enterprise"": 2, ""freemium"": 5, ""mixed"": 0, ""premium"": 1}","{""0"": 10, ""1"": 10, ""2"": 10, ""3"": 8, ""4"": 10, ""5"": 10, ""6"": 7, ""7"": 10}","{""0"": {""enterprise"": 5, ""freemium"": 5, ""premium"": 0}, ""1"": {""premium"": 8, ""freemium"": 2}, ""2"": {""freemium"": 5, ""premium"": 0, ""enterprise"": 5}, ""3"": {""freemium"": 0, ""enterprise"": 8}, ""4"": {""enterprise"": 0, ""freemium"": 3, ""premium"": 7}, ""5"": {""premium"": 5, ""enterprise"": 0, ""freemium"": 5}, ""6"": {""enterprise"": 7, ""freemium"": 0, ""premium"": 0}, ""7"": {""premium"": 1, ""freemium"": 9}}"
149.103451,finish,w0!w000426__freemium,freemium,7,752,plb_nclass,finish,,,,"{""enterprise"": 2, ""freemium"": 5, ""mixed"": 0, ""premium"": 1}","{""0"": 10, ""1"": 10, ""2"": 10, ""3"": 8, ""4"": 10, ""5"": 10, ""6"": 7, ""7"": 9}","{""0"": {""enterprise"": 5, ""freemium"": 5, ""premium"": 0}, ""1"": {""premium"": 8, ""freemium"": 2}, ""2"": {""freemium"": 5, ""premium"": 0, ""enterprise"": 5}, ""3"": {""freemium"": 0, ""enterprise"": 8}, ""4"": {""enterprise"": 0, ""freemium"": 3, ""premium"": 7}, ""5"": {""premium"": 5, ""enterprise"": 0, ""freemium"": 5}, ""6"": {""enterprise"": 7, ""freemium"": 0, ""premium"": 0}, ""7"": {""premium"": 1, ""freemium"": 8}}"
149.157276,finish,w0!w000457__premium,premium,1,166,plb_nclass,finish,,,,"{""enterprise"": 2, ""freemium"": 5, ""mixed"": 0, ""premium"": 1}","{""0"": 10, ""1"": 9, ""2"": 10, ""3"": 8, ""4"": 10, ""5"": 10, ""6"": 7, ""7"": 9}","{""0"": {""enterprise"": 5, ""freemium"": 5, ""premium"": 0}, ""1"": {""premium"": 7, ""freemium"": 2}, ""2"": {""freemium"": 5, ""premium"": 0, ""enterprise"": 5}, ""3"": {""freemium"": 0, ""enterprise"": 8}, ""4"": {""enterprise"": 0, ""freemium"": 3, ""premium"": 7}, ""5"": {""premium"": 5, ""enterprise"": 0, ""freemium"": 5}, ""6"": {""enterprise"": 7, ""freemium"": 0, ""premium"": 0}, ""7"": {""premium"": 1, ""freemium"": 8}}"
149.425587,finish,w0!w000408__freemium,freemium,5,549,plb_nclass,finish,,,,"{""enterprise"": 2, ""freemium"": 5, ""mixed"": 0, ""premium"": 1}","{""0"": 10, ""1"": 9, ""2"": 10, ""3"": 8, ""4"": 10, ""5"": 9, ""6"": 7, ""7"": 9}","{""0"": {""enterprise"": 5, ""freemium"": 5, ""premium"": 0}, ""1"": {""premium"": 7, ""freemium"": 2}, ""2"": {""freemium"": 5, ""premium"": 0, ""enterprise"": 5}, ""3"": {""freemium"": 0, ""enterprise"": 8}, ""4"": {""enterprise"": 0, ""freemium"": 3, ""premium"": 7}, ""5"": {""premium"": 5, ""enterprise"": 0, ""freemium"": 4}, ""6"": {""enterprise"": 7, ""freemium"": 0, ""premium"": 0}, ""7"": {""premium"": 1, ""freemium"": 8}}"
149.574179,start,w0!w000504__freemium,freemium,1,170,plb_nclass,own_pool,freemium,freemium,under_theta,"{""enterprise"": 2, ""freemium"": 5, ""mixed"": 0, ""premium"": 1}","{""0"": 10, ""1"": 10, ""2"": 10, ""3"": 8, ""4"": 10, ""5"": 9, ""6"": 7, ""7"": 9}","{""0"": {""enterprise"": 5, ""freemium"": 5, ""premium"": 0}, ""1"": {""premium"": 7, ""freemium"": 3}, ""2"": {""freemium"": 5, ""premium"": 0, ""enterprise"": 5}, ""3"": {""freemium"": 0, ""enterprise"": 8}, ""4"": {""enterprise"": 0, ""freemium"": 3, ""premium"": 7}, ""5"": {""premium"": 5, ""enterprise"": 0, ""freemium"": 4}, ""6"": {""enterprise"": 7, ""freemium"": 0, ""premium"": 0}, ""7"": {""premium"": 1, ""freemium"": 8}}"
149.76276,finish,w0!w000406__enterprise,enterprise,3,347,plb_nclass,finish,,,,"{""enterprise"": 2, ""freemium"": 5, ""mixed"": 0, ""premium"": 1}","{""0"": 10, ""1"": 10, ""2"": 10, ""3"": 7, ""4"": 10, ""5"": 9, ""6"": 7, ""7"": 9}","{""0"": {""enterprise"": 5, ""freemium"": 5, ""premium"": 0}, ""1"": {""premium"": 7, ""freemium"": 3}, ""2"": {""freemium"": 5, ""premium"": 0, ""enterprise"": 5}, ""3"": {""freemium"": 0, ""enterprise"": 7}, ""4"": {""enterprise"": 0, ""freemium"": 3, ""premium"": 7}, ""5"": {""premium"": 5, ""enterprise"": 0, ""freemium"": 4}, ""6"": {""enterprise"": 7, ""freemium"": 0, ""premium"": 0}, ""7"": {""premium"": 1, ""freemium"": 8}}"
149.868227,start,w0!w000505__freemium,freemium,5,561,plb_nclass,own_pool,freemium,freemium,under_theta,"{""enterprise"": 2, ""freemium"": 5, ""mixed"": 0, ""premium"": 1}","{""0"": 10, ""1"": 10, ""2"": 10, ""3"": 7, ""4"": 10, ""5"": 10, ""6"": 7, ""7"": 9}","{""0"": {""enterprise"": 5, ""freemium"": 5, ""premium"": 0}, ""1"": {""premium"": 7, ""freemium"": 3}, ""2"": {""freemium"": 5, ""premium"": 0, ""enterprise"": 5}, ""3"": {""freemium"": 0, ""enterprise"": 7}, ""4"": {""enterprise"": 0, ""freemium"": 3, ""premium"": 7}, ""5"": {""premium"": 5, ""enterprise"": 0, ""freemium"": 5}, ""6"": {""enterprise"": 7, ""freemium"": 0, ""premium"": 0}, ""7"": {""premium"": 1, ""freemium"": 8}}"
150.152396,start,w0!w000506__enterprise,enterprise,3,359,plb_nclass,own_pool,enterprise,enterprise,under_theta,"{""enterprise"": 2, ""freemium"": 5, ""mixed"": 0, ""premium"": 1}","{""0"": 10, ""1"": 10, ""2"": 10, ""3"": 8, ""4"": 10, ""5"": 10, ""6"": 7, ""7"": 9}","{""0"": {""enterprise"": 5, ""freemium"": 5, ""premium"": 0}, ""1"": {""premium"": 7, ""freemium"": 3}, ""2"": {""freemium"": 5, ""premium"": 0, ""enterprise"": 5}, ""3"": {""freemium"": 0, ""enterprise"": 8}, ""4"": {""enterprise"": 0, ""freemium"": 3, ""premium"": 7}, ""5"": {""premium"": 5, ""enterprise"": 0, ""freemium"": 5}, ""6"": {""enterprise"": 7, ""freemium"": 0, ""premium"": 0}, ""7"": {""premium"": 1, ""freemium"": 8}}"
150.185669,finish,w0!w000454__premium,premium,1,165,plb_nclass,finish,,,,"{""enterprise"": 2, ""freemium"": 5, ""mixed"": 0, ""premium"": 1}","{""0"": 10, ""1"": 9, ""2"": 10, ""3"": 8, ""4"": 10, ""5"": 10, ""6"": 7, ""7"": 9}","{""0"": {""enterprise"": 5, ""freemium"": 5, ""premium"": 0}, ""1"": {""premium"": 6, ""freemium"": 3}, ""2"": {""freemium"": 5, ""premium"": 0, ""enterprise"": 5}, ""3"": {""freemium"": 0, ""enterprise"": 8}, ""4"": {""enterprise"": 0, ""freemium"": 3, ""premium"": 7}, ""5"": {""premium"": 5, ""enterprise"": 0, ""freemium"": 5}, ""6"": {""enterprise"": 7, ""freemium"": 0, ""premium"": 0}, ""7"": {""premium"": 1, ""freemium"": 8}}"
150.21891,start,w0!w000507__enterprise,enterprise,6,654,plb_nclass,own_pool,enterprise,enterprise,under_theta,"{""enterprise"": 2, ""freemium"": 5, ""mixed"": 0, ""premium"": 1}","{""0"": 10, ""1"": 9, ""2"": 10, ""3"": 8, ""4"": 10, ""5"": 10, ""6"": 8, ""7"": 9}","{""0"": {""enterprise"": 5, ""freemium"": 5, ""premium"": 0}, ""1"": {""premium"": 6, ""freemium"": 3}, ""2"": {""freemium"": 5, ""premium"": 0, ""enterprise"": 5}, ""3"": {""freemium"": 0, ""enterprise"": 8}, ""4"": {""enterprise"": 0, ""freemium"": 3, ""premium"": 7}, ""5"": {""premium"": 5, ""enterprise"": 0, ""freemium"": 5}, ""6"": {""enterprise"": 8, ""freemium"": 0, ""premium"": 0}, ""7"": {""premium"": 1, ""freemium"": 8}}"
150.278668,start,w0!w000508__premium,premium,7,761,plb_nclass,own_pool,premium,premium,under_theta,"{""enterprise"": 2, ""freemium"": 5, ""mixed"": 0, ""premium"": 1}","{""0"": 10, ""1"": 9, ""2"": 10, ""3"": 8, ""4"": 10, ""5"": 10, ""6"": 8, ""7"": 10}","{""0"": {""enterprise"": 5, ""freemium"": 5, ""premium"": 0}, ""1"": {""premium"": 6, ""freemium"": 3}, ""2"": {""freemium"": 5, ""premium"": 0, ""enterprise"": 5}, ""3"": {""freemium"": 0, ""enterprise"": 8}, ""4"": {""enterprise"": 0, ""freemium"": 3, ""premium"": 7}, ""5"": {""premium"": 5, ""enterprise"": 0, ""freemium"": 5}, ""6"": {""enterprise"": 8, ""freemium"": 0, ""premium"": 0}, ""7"": {""premium"": 2, ""freemium"": 8}}"
150.534702,start,w0!w000509__premium,premium,1,171,plb_nclass,borrow_lower,freemium,premium,load_first,"{""enterprise"": 2, ""freemium"": 4, ""mixed"": 0, ""premium"": 2}","{""0"": 10, ""1"": 10, ""2"": 10, ""3"": 8, ""4"": 10, ""5"": 10, ""6"": 8, ""7"": 10}","{""0"": {""enterprise"": 5, ""freemium"": 5, ""premium"": 0}, ""1"": {""premium"": 7, ""freemium"": 3}, ""2"": {""freemium"": 5, ""premium"": 0, ""enterprise"": 5}, ""3"": {""freemium"": 0, ""enterprise"": 8}, ""4"": {""enterprise"": 0, ""freemium"": 3, ""premium"": 7}, ""5"": {""premium"": 5, ""enterprise"": 0, ""freemium"": 5}, ""6"": {""enterprise"": 8, ""freemium"": 0, ""premium"": 0}, ""7"": {""premium"": 2, ""freemium"": 8}}"
150.682549,finish,w0!w000450__premium,premium,1,163,plb_nclass,finish,,,,"{""enterprise"": 2, ""freemium"": 4, ""mixed"": 0, ""premium"": 2}","{""0"": 10, ""1"": 9, ""2"": 10, ""3"": 8, ""4"": 10, ""5"": 10, ""6"": 8, ""7"": 10}","{""0"": {""enterprise"": 5, ""freemium"": 5, ""premium"": 0}, ""1"": {""premium"": 6, ""freemium"": 3}, ""2"": {""freemium"": 5, ""premium"": 0, ""enterprise"": 5}, ""3"": {""freemium"": 0, ""enterprise"": 8}, ""4"": {""enterprise"": 0, ""freemium"": 3, ""premium"": 7}, ""5"": {""premium"": 5, ""enterprise"": 0, ""freemium"": 5}, ""6"": {""enterprise"": 8, ""freemium"": 0, ""premium"": 0}, ""7"": {""premium"": 2, ""freemium"": 8}}"
150.683729,finish,w0!w000415__enterprise,enterprise,0,51,plb_nclass,finish,,,,"{""enterprise"": 2, ""freemium"": 4, ""mixed"": 0, ""premium"": 2}","{""0"": 9, ""1"": 9, ""2"": 10, ""3"": 8, ""4"": 10, ""5"": 10, ""6"": 8, ""7"": 10}","{""0"": {""enterprise"": 4, ""freemium"": 5, ""premium"": 0}, ""1"": {""premium"": 6, ""freemium"": 3}, ""2"": {""freemium"": 5, ""premium"": 0, ""enterprise"": 5}, ""3"": {""freemium"": 0, ""enterprise"": 8}, ""4"": {""enterprise"": 0, ""freemium"": 3, ""premium"": 7}, ""5"": {""premium"": 5, ""enterprise"": 0, ""freemium"": 5}, ""6"": {""enterprise"": 8, ""freemium"": 0, ""premium"": 0}, ""7"": {""premium"": 2, ""freemium"": 8}}"
150.828867,start,w0!w000510__enterprise,enterprise,3,360,plb_nclass,own_pool,enterprise,enterprise,under_theta,"{""enterprise"": 2, ""freemium"": 4, ""mixed"": 0, ""premium"": 2}","{""0"": 9, ""1"": 9, ""2"": 10, ""3"": 9, ""4"": 10, ""5"": 10, ""6"": 8, ""7"": 10}","{""0"": {""enterprise"": 4, ""freemium"": 5, ""premium"": 0}, ""1"": {""premium"": 6, ""freemium"": 3}, ""2"": {""freemium"": 5, ""premium"": 0, ""enterprise"": 5}, ""3"": {""freemium"": 0, ""enterprise"": 9}, ""4"": {""enterprise"": 0, ""freemium"": 3, ""premium"": 7}, ""5"": {""premium"": 5, ""enterprise"": 0, ""freemium"": 5}, ""6"": {""enterprise"": 8, ""freemium"": 0, ""premium"": 0}, ""7"": {""premium"": 2, ""freemium"": 8}}"
150.879262,finish,w0!w000463__premium,premium,4,459,plb_nclass,finish,,,,"{""enterprise"": 2, ""freemium"": 4, ""mixed"": 0, ""premium"": 2}","{""0"": 9, ""1"": 9, ""2"": 10, ""3"": 9, ""4"": 9, ""5"": 10, ""6"": 8, ""7"": 10}","{""0"": {""enterprise"": 4, ""freemium"": 5, ""premium"": 0}, ""1"": {""premium"": 6, ""freemium"": 3}, ""2"": {""freemium"": 5, ""premium"": 0, ""enterprise"": 5}, ""3"": {""freemium"": 0, ""enterprise"": 9}, ""4"": {""enterprise"": 0, ""freemium"": 3, ""premium"": 6}, ""5"": {""premium"": 5, ""enterprise"": 0, ""freemium"": 5}, ""6"": {""enterprise"": 8, ""freemium"": 0, ""premium"": 0}, ""7"": {""premium"": 2, ""freemium"": 8}}"
150.998318,finish,w0!w000448__enterprise,enterprise,6,649,plb_nclass,finish,,,,"{""enterprise"": 2, ""freemium"": 4, ""mixed"": 0, ""premium"": 2}","{""0"": 9, ""1"": 9, ""2"": 10, ""3"": 9, ""4"": 9, ""5"": 10, ""6"": 7, ""7"": 10}","{""0"": {""enterprise"": 4, ""freemium"": 5, ""premium"": 0}, ""1"": {""premium"": 6, ""freemium"": 3}, ""2"": {""freemium"": 5, ""premium"": 0, ""enterprise"": 5}, ""3"": {""freemium"": 0, ""enterprise"": 9}, ""4"": {""enterprise"": 0, ""freemium"": 3, ""premium"": 6}, ""5"": {""premium"": 5, ""enterprise"": 0, ""freemium"": 5}, ""6"": {""enterprise"": 7, ""freemium"": 0, ""premium"": 0}, ""7"": {""premium"": 2, ""freemium"": 8}}"
151.069883,finish,w0!w000427__premium,premium,1,159,plb_nclass,finish,,,,"{""enterprise"": 2, ""freemium"": 4, ""mixed"": 0, ""premium"": 2}","{""0"": 9, ""1"": 8, ""2"": 10, ""3"": 9, ""4"": 9, ""5"": 10, ""6"": 7, ""7"": 10}","{""0"": {""enterprise"": 4, ""freemium"": 5, ""premium"": 0}, ""1"": {""premium"": 5, ""freemium"": 3}, ""2"": {""freemium"": 5, ""premium"": 0, ""enterprise"": 5}, ""3"": {""freemium"": 0, ""enterprise"": 9}, ""4"": {""enterprise"": 0, ""freemium"": 3, ""premium"": 6}, ""5"": {""premium"": 5, ""enterprise"": 0, ""freemium"": 5}, ""6"": {""enterprise"": 7, ""freemium"": 0, ""premium"": 0}, ""7"": {""premium"": 2, ""freemium"": 8}}"
151.213734,start,w0!w000511__enterprise,enterprise,6,655,plb_nclass,own_pool,enterprise,enterprise,under_theta,"{""enterprise"": 2, ""freemium"": 4, ""mixed"": 0, ""premium"": 2}","{""0"": 9, ""1"": 8, ""2"": 10, ""3"": 9, ""4"": 9, ""5"": 10, ""6"": 8, ""7"": 10}","{""0"": {""enterprise"": 4, ""freemium"": 5, ""premium"": 0}, ""1"": {""premium"": 5, ""freemium"": 3}, ""2"": {""freemium"": 5, ""premium"": 0, ""enterprise"": 5}, ""3"": {""freemium"": 0, ""enterprise"": 9}, ""4"": {""enterprise"": 0, ""freemium"": 3, ""premium"": 6}, ""5"": {""premium"": 5, ""enterprise"": 0, ""freemium"": 5}, ""6"": {""enterprise"": 8, ""freemium"": 0, ""premium"": 0}, ""7"": {""premium"": 2, ""freemium"": 8}}"
151.940465,start,w0!w000512__premium,premium,1,172,plb_nclass,own_pool,premium,premium,under_theta,"{""enterprise"": 2, ""freemium"": 4, ""mixed"": 0, ""premium"": 2}","{""0"": 9, ""1"": 9, ""2"": 10, ""3"": 9, ""4"": 9, ""5"": 10, ""6"": 8, ""7"": 10}","{""0"": {""enterprise"": 4, ""freemium"": 5, ""premium"": 0}, ""1"": {""premium"": 6, ""freemium"": 3}, ""2"": {""freemium"": 5, ""premium"": 0, ""enterprise"": 5}, ""3"": {""freemium"": 0, ""enterprise"": 9}, ""4"": {""enterprise"": 0, ""freemium"": 3, ""premium"": 6}, ""5"": {""premium"": 5, ""enterprise"": 0, ""freemium"": 5}, ""6"": {""enterprise"": 8, ""freemium"": 0, ""premium"": 0}, ""7"": {""premium"": 2, ""freemium"": 8}}"
152.103659,finish,w0!w000459__enterprise,enterprise,6,651,plb_nclass,finish,,,,"{""enterprise"": 2, ""freemium"": 4, ""mixed"": 0, ""premium"": 2}","{""0"": 9, ""1"": 9, ""2"": 10, ""3"": 9, ""4"": 9, ""5"": 10, ""6"": 7, ""7"": 10}","{""0"": {""enterprise"": 4, ""freemium"": 5, ""premium"": 0}, ""1"": {""premium"": 6, ""freemium"": 3}, ""2"": {""freemium"": 5, ""premium"": 0, ""enterprise"": 5}, ""3"": {""freemium"": 0, ""enterprise"": 9}, ""4"": {""enterprise"": 0, ""freemium"": 3, ""premium"": 6}, ""5"": {""premium"": 5, ""enterprise"": 0, ""freemium"": 5}, ""6"": {""enterprise"": 7, ""freemium"": 0, ""premium"": 0}, ""7"": {""premium"": 2, ""freemium"": 8}}"
152.137822,finish,w0!w000423__freemium,freemium,7,751,plb_nclass,finish,,,,"{""enterprise"": 2, ""freemium"": 4, ""mixed"": 0, ""premium"": 2}","{""0"": 9, ""1"": 9, ""2"": 10, ""3"": 9, ""4"": 9, ""5"": 10, ""6"": 7, ""7"": 9}","{""0"": {""enterprise"": 4, ""freemium"": 5, ""premium"": 0}, ""1"": {""premium"": 6, ""freemium"": 3}, ""2"": {""freemium"": 5, ""premium"": 0, ""enterprise"": 5}, ""3"": {""freemium"": 0, ""enterprise"": 9}, ""4"": {""enterprise"": 0, ""freemium"": 3, ""premium"": 6}, ""5"": {""premium"": 5, ""enterprise"": 0, ""freemium"": 5}, ""6"": {""enterprise"": 7, ""freemium"": 0, ""premium"": 0}, ""7"": {""premium"": 2, ""freemium"": 7}}"
152.333192,finish,w0!w000451__premium,premium,1,164,plb_nclass,finish,,,,"{""enterprise"": 2, ""freemium"": 4, ""mixed"": 0, ""premium"": 2}","{""0"": 9, ""1"": 8, ""2"": 10, ""3"": 9, ""4"": 9, ""5"": 10, ""6"": 7, ""7"": 9}","{""0"": {""enterprise"": 4, ""freemium"": 5, ""premium"": 0}, ""1"": {""premium"": 5, ""freemium"": 3}, ""2"": {""freemium"": 5, ""premium"": 0, ""enterprise"": 5}, ""3"": {""freemium"": 0, ""enterprise"": 9}, ""4"": {""enterprise"": 0, ""freemium"": 3, ""premium"": 6}, ""5"": {""premium"": 5, ""enterprise"": 0, ""freemium"": 5}, ""6"": {""enterprise"": 7, ""freemium"": 0, ""premium"": 0}, ""7"": {""premium"": 2, ""freemium"": 7}}"
152.371219,finish,w0!w000446__freemium,freemium,7,753,plb_nclass,finish,,,,"{""enterprise"": 2, ""freemium"": 4, ""mixed"": 0, ""premium"": 2}","{""0"": 9, ""1"": 8, ""2"": 10, ""3"": 9, ""4"": 9, ""5"": 10, ""6"": 7, ""7"": 8}","{""0"": {""enterprise"": 4, ""freemium"": 5, ""premium"": 0}, ""1"": {""premium"": 5, ""freemium"": 3}, ""2"": {""freemium"": 5, ""premium"": 0, ""enterprise"": 5}, ""3"": {""freemium"": 0, ""enterprise"": 9}, ""4"": {""enterprise"": 0, ""freemium"": 3, ""premium"": 6}, ""5"": {""premium"": 5, ""enterprise"": 0, ""freemium"": 5}, ""6"": {""enterprise"": 7, ""freemium"": 0, ""premium"": 0}, ""7"": {""premium"": 2, ""freemium"": 6}}"
152.722813,start,w0!w000513__freemium,freemium,0,65,plb_nclass,own_pool,freemium,freemium,under_theta,"{""enterprise"": 2, ""freemium"": 4, ""mixed"": 0, ""premium"": 2}","{""0"": 10, ""1"": 8, ""2"": 10, ""3"": 9, ""4"": 9, ""5"": 10, ""6"": 7, ""7"": 8}","{""0"": {""enterprise"": 4, ""freemium"": 6, ""premium"": 0}, ""1"": {""premium"": 5, ""freemium"": 3}, ""2"": {""freemium"": 5, ""premium"": 0, ""enterprise"": 5}, ""3"": {""freemium"": 0, ""enterprise"": 9}, ""4"": {""enterprise"": 0, ""freemium"": 3, ""premium"": 6}, ""5"": {""premium"": 5, ""enterprise"": 0, ""freemium"": 5}, ""6"": {""enterprise"": 7, ""freemium"": 0, ""premium"": 0}, ""7"": {""premium"": 2, ""freemium"": 6}}"
152.76652,start,w0!w000514__freemium,freemium,4,464,plb_nclass,own_pool,freemium,freemium,under_theta,"{""enterprise"": 2, ""freemium"": 4, ""mixed"": 0, ""premium"": 2}","{""0"": 10, ""1"": 8, ""2"": 10, ""3"": 9, ""4"": 10, ""5"": 10, ""6"": 7, ""7"": 8}","{""0"": {""enterprise"": 4, ""freemium"": 6, ""premium"": 0}, ""1"": {""premium"": 5, ""freemium"": 3}, ""2"": {""freemium"": 5, ""premium"": 0, ""enterprise"": 5}, ""3"": {""freemium"": 0, ""enterprise"": 9}, ""4"": {""enterprise"": 0, ""freemium"": 4, ""premium"": 6}, ""5"": {""premium"": 5, ""enterprise"": 0, ""freemium"": 5}, ""6"": {""enterprise"": 7, ""freemium"": 0, ""premium"": 0}, ""7"": {""premium"": 2, ""freemium"": 6}}"
152.809681,start,w0!w000515__premium,premium,1,173,plb_nclass,own_pool,premium,premium,under_theta,"{""enterprise"": 2, ""freemium"": 4, ""mixed"": 0, ""premium"": 2}","{""0"": 10, ""1"": 9, ""2"": 10, ""3"": 9, ""4"": 10, ""5"": 10, ""6"": 7, ""7"": 8}","{""0"": {""enterprise"": 4, ""freemium"": 6, ""premium"": 0}, ""1"": {""premium"": 6, ""freemium"": 3}, ""2"": {""freemium"": 5, ""premium"": 0, ""enterprise"": 5}, ""3"": {""freemium"": 0, ""enterprise"": 9}, ""4"": {""enterprise"": 0, ""freemium"": 4, ""premium"": 6}, ""5"": {""premium"": 5, ""enterprise"": 0, ""freemium"": 5}, ""6"": {""enterprise"": 7, ""freemium"": 0, ""premium"": 0}, ""7"": {""premium"": 2, ""freemium"": 6}}"
152.814649,finish,w0!w000443__premium,premium,1,162,plb_nclass,finish,,,,"{""enterprise"": 2, ""freemium"": 4, ""mixed"": 0, ""premium"": 2}","{""0"": 10, ""1"": 8, ""2"": 10, ""3"": 9, ""4"": 10, ""5"": 10, ""6"": 7, ""7"": 8}","{""0"": {""enterprise"": 4, ""freemium"": 6, ""premium"": 0}, ""1"": {""premium"": 5, ""freemium"": 3}, ""2"": {""freemium"": 5, ""premium"": 0, ""enterprise"": 5}, ""3"": {""freemium"": 0, ""enterprise"": 9}, ""4"": {""enterprise"": 0, ""freemium"": 4, ""premium"": 6}, ""5"": {""premium"": 5, ""enterprise"": 0, ""freemium"": 5}, ""6"": {""enterprise"": 7, ""freemium"": 0, ""premium"": 0}, ""7"": {""premium"": 2, ""freemium"": 6}}"
153.108915,finish,w0!w000420__premium,premium,4,451,plb_nclass,finish,,,,"{""enterprise"": 2, ""freemium"": 4, ""mixed"": 0, ""premium"": 2}","{""0"": 10, ""1"": 8, ""2"": 10, ""3"": 9, ""4"": 9, ""5"": 10, ""6"": 7, ""7"": 8}","{""0"": {""enterprise"": 4, ""freemium"": 6, ""premium"": 0}, ""1"": {""premium"": 5, ""freemium"": 3}, ""2"": {""freemium"": 5, ""premium"": 0, ""enterprise"": 5}, ""3"": {""freemium"": 0, ""enterprise"": 9}, ""4"": {""enterprise"": 0, ""freemium"": 4, ""premium"": 5}, ""5"": {""premium"": 5, ""enterprise"": 0, ""freemium"": 5}, ""6"": {""enterprise"": 7, ""freemium"": 0, ""premium"": 0}, ""7"": {""premium"": 2, ""freemium"": 6}}"
153.138696,finish,w0!w000464__freemium,freemium,5,553,plb_nclass,finish,,,,"{""enterprise"": 2, ""freemium"": 4, ""mixed"": 0, ""premium"": 2}","{""0"": 10, ""1"": 8, ""2"": 10, ""3"": 9, ""4"": 9, ""5"": 9, ""6"": 7, ""7"": 8}","{""0"": {""enterprise"": 4, ""freemium"": 6, ""premium"": 0}, ""1"": {""premium"": 5, ""freemium"": 3}, ""2"": {""freemium"": 5, ""premium"": 0, ""enterprise"": 5}, ""3"": {""freemium"": 0, ""enterprise"": 9}, ""4"": {""enterprise"": 0, ""freemium"": 4, ""premium"": 5}, ""5"": {""premium"": 5, ""enterprise"": 0, ""freemium"": 4}, ""6"": {""enterprise"": 7, ""freemium"": 0, ""premium"": 0}, ""7"": {""premium"": 2, ""freemium"": 6}}"
153.540804,finish,w0!w000452__premium,premium,4,456,plb_nclass,finish,,,,"{""enterprise"": 2, ""freemium"": 4, ""mixed"": 0, ""premium"": 2}","{""0"": 10, ""1"": 8, ""2"": 10, ""3"": 9, ""4"": 8, ""5"": 9, ""6"": 7, ""7"": 8}","{""0"": {""enterprise"": 4, ""freemium"": 6, ""premium"": 0}, ""1"": {""premium"": 5, ""freemium"": 3}, ""2"": {""freemium"": 5, ""premium"": 0, ""enterprise"": 5}, ""3"": {""freemium"": 0, ""enterprise"": 9}, ""4"": {""enterprise"": 0, ""freemium"": 4, ""premium"": 4}, ""5"": {""premium"": 5, ""enterprise"": 0, ""freemium"": 4}, ""6"": {""enterprise"": 7, ""freemium"": 0, ""premium"": 0}, ""7"": {""premium"": 2, ""freemium"": 6}}"
153.593248,start,w0!w000516__enterprise,enterprise,6,656,plb_nclass,own_pool,enterprise,enterprise,under_theta,"{""enterprise"": 2, ""freemium"": 4, ""mixed"": 0, ""premium"": 2}","{""0"": 10, ""1"": 8, ""2"": 10, ""3"": 9, ""4"": 8, ""5"": 9, ""6"": 8, ""7"": 8}","{""0"": {""enterprise"": 4, ""freemium"": 6, ""premium"": 0}, ""1"": {""premium"": 5, ""freemium"": 3}, ""2"": {""freemium"": 5, ""premium"": 0, ""enterprise"": 5}, ""3"": {""freemium"": 0, ""enterprise"": 9}, ""4"": {""enterprise"": 0, ""freemium"": 4, ""premium"": 4}, ""5"": {""premium"": 5, ""enterprise"": 0, ""freemium"": 4}, ""6"": {""enterprise"": 8, ""freemium"": 0, ""premium"": 0}, ""7"": {""premium"": 2, ""freemium"": 6}}"
153.623028,start,w0!w000517__premium,premium,1,174,plb_nclass,own_pool,premium,premium,under_theta,"{""enterprise"": 2, ""freemium"": 4, ""mixed"": 0, ""premium"": 2}","{""0"": 10, ""1"": 9, ""2"": 10, ""3"": 9, ""4"": 8, ""5"": 9, ""6"": 8, ""7"": 8}","{""0"": {""enterprise"": 4, ""freemium"": 6, ""premium"": 0}, ""1"": {""premium"": 6, ""freemium"": 3}, ""2"": {""freemium"": 5, ""premium"": 0, ""enterprise"": 5}, ""3"": {""freemium"": 0, ""enterprise"": 9}, ""4"": {""enterprise"": 0, ""freemium"": 4, ""premium"": 4}, ""5"": {""premium"": 5, ""enterprise"": 0, ""freemium"": 4}, ""6"": {""enterprise"": 8, ""freemium"": 0, ""premium"": 0}, ""7"": {""premium"": 2, ""freemium"": 6}}"
153.649926,start,w0!w000518__freemium,freemium,4,465,plb_nclass,own_pool,freemium,freemium,under_theta,"{""enterprise"": 2, ""freemium"": 4, ""mixed"": 0, ""premium"": 2}","{""0"": 10, ""1"": 9, ""2"": 10, ""3"": 9, ""4"": 9, ""5"": 9, ""6"": 8, ""7"": 8}","{""0"": {""enterprise"": 4, ""freemium"": 6, ""premium"": 0}, ""1"": {""premium"": 6, ""freemium"": 3}, ""2"": {""freemium"": 5, ""premium"": 0, ""enterprise"": 5}, ""3"": {""freemium"": 0, ""enterprise"": 9}, ""4"": {""enterprise"": 0, ""freemium"": 5, ""premium"": 4}, ""5"": {""premium"": 5, ""enterprise"": 0, ""freemium"": 4}, ""6"": {""enterprise"": 8, ""freemium"": 0, ""premium"": 0}, ""7"": {""premium"": 2, ""freemium"": 6}}"
153.816944,finish,w0!w000447__enterprise,enterprise,6,648,plb_nclass,finish,,,,"{""enterprise"": 2, ""freemium"": 4, ""mixed"": 0, ""premium"": 2}","{""0"": 10, ""1"": 9, ""2"": 10, ""3"": 9, ""4"": 9, ""5"": 9, ""6"": 7, ""7"": 8}","{""0"": {""enterprise"": 4, ""freemium"": 6, ""premium"": 0}, ""1"": {""premium"": 6, ""freemium"": 3}, ""2"": {""freemium"": 5, ""premium"": 0, ""enterprise"": 5}, ""3"": {""freemium"": 0, ""enterprise"": 9}, ""4"": {""enterprise"": 0, ""freemium"": 5, ""premium"": 4}, ""5"": {""premium"": 5, ""enterprise"": 0, ""freemium"": 4}, ""6"": {""enterprise"": 7, ""freemium"": 0, ""premium"": 0}, ""7"": {""premium"": 2, ""freemium"": 6}}"
153.888603,start,w0!w000519__enterprise,enterprise,6,657,plb_nclass,own_pool,enterprise,enterprise,under_theta,"{""enterprise"": 2, ""freemium"": 4, ""mixed"": 0, ""premium"": 2}","{""0"": 10, ""1"": 9, ""2"": 10, ""3"": 9, ""4"": 9, ""5"": 9, ""6"": 8, ""7"": 8}","{""0"": {""enterprise"": 4, ""freemium"": 6, ""premium"": 0}, ""1"": {""premium"": 6, ""freemium"": 3}, ""2"": {""freemium"": 5, ""premium"": 0, ""enterprise"": 5}, ""3"": {""freemium"": 0, ""enterprise"": 9}, ""4"": {""enterprise"": 0, ""freemium"": 5, ""premium"": 4}, ""5"": {""premium"": 5, ""enterprise"": 0, ""freemium"": 4}, ""6"": {""enterprise"": 8, ""freemium"": 0, ""premium"": 0}, ""7"": {""premium"": 2, ""freemium"": 6}}"
153.904919,finish,w0!w000433__freemium,freemium,2,260,plb_nclass,finish,,,,"{""enterprise"": 2, ""freemium"": 4, ""mixed"": 0, ""premium"": 2}","{""0"": 10, ""1"": 9, ""2"": 9, ""3"": 9, ""4"": 9, ""5"": 9, ""6"": 8, ""7"": 8}","{""0"": {""enterprise"": 4, ""freemium"": 6, ""premium"": 0}, ""1"": {""premium"": 6, ""freemium"": 3}, ""2"": {""freemium"": 4, ""premium"": 0, ""enterprise"": 5}, ""3"": {""freemium"": 0, ""enterprise"": 9}, ""4"": {""enterprise"": 0, ""freemium"": 5, ""premium"": 4}, ""5"": {""premium"": 5, ""enterprise"": 0, ""freemium"": 4}, ""6"": {""enterprise"": 8, ""freemium"": 0, ""premium"": 0}, ""7"": {""premium"": 2, ""freemium"": 6}}"
153.954121,finish,w0!w000470__enterprise,enterprise,2,263,plb_nclass,finish,,,,"{""enterprise"": 2, ""freemium"": 4, ""mixed"": 0, ""premium"": 2}","{""0"": 10, ""1"": 9, ""2"": 8, ""3"": 9, ""4"": 9, ""5"": 9, ""6"": 8, ""7"": 8}","{""0"": {""enterprise"": 4, ""freemium"": 6, ""premium"": 0}, ""1"": {""premium"": 6, ""freemium"": 3}, ""2"": {""freemium"": 4, ""premium"": 0, ""enterprise"": 4}, ""3"": {""freemium"": 0, ""enterprise"": 9}, ""4"": {""enterprise"": 0, ""freemium"": 5, ""premium"": 4}, ""5"": {""premium"": 5, ""enterprise"": 0, ""freemium"": 4}, ""6"": {""enterprise"": 8, ""freemium"": 0, ""premium"": 0}, ""7"": {""premium"": 2, ""freemium"": 6}}"
154.041076,finish,w0!w000438__enterprise,enterprise,3,353,plb_nclass,finish,,,,"{""enterprise"": 2, ""freemium"": 4, ""mixed"": 0, ""premium"": 2}","{""0"": 10, ""1"": 9, ""2"": 8, ""3"": 8, ""4"": 9, ""5"": 9, ""6"": 8, ""7"": 8}","{""0"": {""enterprise"": 4, ""freemium"": 6, ""premium"": 0}, ""1"": {""premium"": 6, ""freemium"": 3}, ""2"": {""freemium"": 4, ""premium"": 0, ""enterprise"": 4}, ""3"": {""freemium"": 0, ""enterprise"": 8}, ""4"": {""enterprise"": 0, ""freemium"": 5, ""premium"": 4}, ""5"": {""premium"": 5, ""enterprise"": 0, ""freemium"": 4}, ""6"": {""enterprise"": 8, ""freemium"": 0, ""premium"": 0}, ""7"": {""premium"": 2, ""freemium"": 6}}"
154.404109,start,w0!w000520__freemium,freemium,2,270,plb_nclass,own_pool,freemium,freemium,under_theta,"{""enterprise"": 2, ""freemium"": 4, ""mixed"": 0, ""premium"": 2}","{""0"": 10, ""1"": 9, ""2"": 9, ""3"": 8, ""4"": 9, ""5"": 9, ""6"": 8, ""7"": 8}","{""0"": {""enterprise"": 4, ""freemium"": 6, ""premium"": 0}, ""1"": {""premium"": 6, ""freemium"": 3}, ""2"": {""freemium"": 5, ""premium"": 0, ""enterprise"": 4}, ""3"": {""freemium"": 0, ""enterprise"": 8}, ""4"": {""enterprise"": 0, ""freemium"": 5, ""premium"": 4}, ""5"": {""premium"": 5, ""enterprise"": 0, ""freemium"": 4}, ""6"": {""enterprise"": 8, ""freemium"": 0, ""premium"": 0}, ""7"": {""premium"": 2, ""freemium"": 6}}"
154.5355,start,w0!w000521__freemium,freemium,2,271,plb_nclass,own_pool,freemium,freemium,under_theta,"{""enterprise"": 2, ""freemium"": 4, ""mixed"": 0, ""premium"": 2}","{""0"": 10, ""1"": 9, ""2"": 10, ""3"": 8, ""4"": 9, ""5"": 9, ""6"": 8, ""7"": 8}","{""0"": {""enterprise"": 4, ""freemium"": 6, ""premium"": 0}, ""1"": {""premium"": 6, ""freemium"": 3}, ""2"": {""freemium"": 6, ""premium"": 0, ""enterprise"": 4}, ""3"": {""freemium"": 0, ""enterprise"": 8}, ""4"": {""enterprise"": 0, ""freemium"": 5, ""premium"": 4}, ""5"": {""premium"": 5, ""enterprise"": 0, ""freemium"": 4}, ""6"": {""enterprise"": 8, ""freemium"": 0, ""premium"": 0}, ""7"": {""premium"": 2, ""freemium"": 6}}"
154.617607,finish,w0!w000422__enterprise,enterprise,0,54,plb_nclass,finish,,,,"{""enterprise"": 2, ""freemium"": 4, ""mixed"": 0, ""premium"": 2}","{""0"": 9, ""1"": 9, ""2"": 10, ""3"": 8, ""4"": 9, ""5"": 9, ""6"": 8, ""7"": 8}","{""0"": {""enterprise"": 3, ""freemium"": 6, ""premium"": 0}, ""1"": {""premium"": 6, ""freemium"": 3}, ""2"": {""freemium"": 6, ""premium"": 0, ""enterprise"": 4}, ""3"": {""freemium"": 0, ""enterprise"": 8}, ""4"": {""enterprise"": 0, ""freemium"": 5, ""premium"": 4}, ""5"": {""premium"": 5, ""enterprise"": 0, ""freemium"": 4}, ""6"": {""enterprise"": 8, ""freemium"": 0, ""premium"": 0}, ""7"": {""premium"": 2, ""freemium"": 6}}"
154.773661,start,w0!w000522__premium,premium,7,762,plb_nclass,own_pool,premium,premium,under_theta,"{""enterprise"": 2, ""freemium"": 4, ""mixed"": 0, ""premium"": 2}","{""0"": 9, ""1"": 9, ""2"": 10, ""3"": 8, ""4"": 9, ""5"": 9, ""6"": 8, ""7"": 9}","{""0"": {""enterprise"": 3, ""freemium"": 6, ""premium"": 0}, ""1"": {""premium"": 6, ""freemium"": 3}, ""2"": {""freemium"": 6, ""premium"": 0, ""enterprise"": 4}, ""3"": {""freemium"": 0, ""enterprise"": 8}, ""4"": {""enterprise"": 0, ""freemium"": 5, ""premium"": 4}, ""5"": {""premium"": 5, ""enterprise"": 0, ""freemium"": 4}, ""6"": {""enterprise"": 8, ""freemium"": 0, ""premium"": 0}, ""7"": {""premium"": 3, ""freemium"": 6}}"
154.793308,start,w0!w000523__freemium,freemium,0,66,plb_nclass,own_pool,freemium,freemium,under_theta,"{""enterprise"": 2, ""freemium"": 4, ""mixed"": 0, ""premium"": 2}","{""0"": 10, ""1"": 9, ""2"": 10, ""3"": 8, ""4"": 9, ""5"": 9, ""6"": 8, ""7"": 9}","{""0"": {""enterprise"": 3, ""freemium"": 7, ""premium"": 0}, ""1"": {""premium"": 6, ""freemium"": 3}, ""2"": {""freemium"": 6, ""premium"": 0, ""enterprise"": 4}, ""3"": {""freemium"": 0, ""enterprise"": 8}, ""4"": {""enterprise"": 0, ""freemium"": 5, ""premium"": 4}, ""5"": {""premium"": 5, ""enterprise"": 0, ""freemium"": 4}, ""6"": {""enterprise"": 8, ""freemium"": 0, ""premium"": 0}, ""7"": {""premium"": 3, ""freemium"": 6}}"
154.953074,start,w0!w000524__enterprise,enterprise,3,361,plb_nclass,own_pool,enterprise,enterprise,under_theta,"{""enterprise"": 2, ""freemium"": 4, ""mixed"": 0, ""premium"": 2}","{""0"": 10, ""1"": 9, ""2"": 10, ""3"": 9, ""4"": 9, ""5"": 9, ""6"": 8, ""7"": 9}","{""0"": {""enterprise"": 3, ""freemium"": 7, ""premium"": 0}, ""1"": {""premium"": 6, ""freemium"": 3}, ""2"": {""freemium"": 6, ""premium"": 0, ""enterprise"": 4}, ""3"": {""freemium"": 0, ""enterprise"": 9}, ""4"": {""enterprise"": 0, ""freemium"": 5, ""premium"": 4}, ""5"": {""premium"": 5, ""enterprise"": 0, ""freemium"": 4}, ""6"": {""enterprise"": 8, ""freemium"": 0, ""premium"": 0}, ""7"": {""premium"": 3, ""freemium"": 6}}"
155.059369,start,w0!w000525__premium,premium,1,175,plb_nclass,own_pool,premium,premium,under_theta,"{""enterprise"": 2, ""freemium"": 4, ""mixed"": 0, ""premium"": 2}","{""0"": 10, ""1"": 10, ""2"": 10, ""3"": 9, ""4"": 9, ""5"": 9, ""6"": 8, ""7"": 9}","{""0"": {""enterprise"": 3, ""freemium"": 7, ""premium"": 0}, ""1"": {""premium"": 7, ""freemium"": 3}, ""2"": {""freemium"": 6, ""premium"": 0, ""enterprise"": 4}, ""3"": {""freemium"": 0, ""enterprise"": 9}, ""4"": {""enterprise"": 0, ""freemium"": 5, ""premium"": 4}, ""5"": {""premium"": 5, ""enterprise"": 0, ""freemium"": 4}, ""6"": {""enterprise"": 8, ""freemium"": 0, ""premium"": 0}, ""7"": {""premium"": 3, ""freemium"": 6}}"
155.083431,start,w0!w000526__freemium,freemium,4,466,plb_nclass,own_pool,freemium,freemium,under_theta,"{""enterprise"": 2, ""freemium"": 4, ""mixed"": 0, ""premium"": 2}","{""0"": 10, ""1"": 10, ""2"": 10, ""3"": 9, ""4"": 10, ""5"": 9, ""6"": 8, ""7"": 9}","{""0"": {""enterprise"": 3, ""freemium"": 7, ""premium"": 0}, ""1"": {""premium"": 7, ""freemium"": 3}, ""2"": {""freemium"": 6, ""premium"": 0, ""enterprise"": 4}, ""3"": {""freemium"": 0, ""enterprise"": 9}, ""4"": {""enterprise"": 0, ""freemium"": 6, ""premium"": 4}, ""5"": {""premium"": 5, ""enterprise"": 0, ""freemium"": 4}, ""6"": {""enterprise"": 8, ""freemium"": 0, ""premium"": 0}, ""7"": {""premium"": 3, ""freemium"": 6}}"
155.352639,finish,w0!w000465__premium,premium,1,167,plb_nclass,finish,,,,"{""enterprise"": 2, ""freemium"": 4, ""mixed"": 0, ""premium"": 2}","{""0"": 10, ""1"": 9, ""2"": 10, ""3"": 9, ""4"": 10, ""5"": 9, ""6"": 8, ""7"": 9}","{""0"": {""enterprise"": 3, ""freemium"": 7, ""premium"": 0}, ""1"": {""premium"": 6, ""freemium"": 3}, ""2"": {""freemium"": 6, ""premium"": 0, ""enterprise"": 4}, ""3"": {""freemium"": 0, ""enterprise"": 9}, ""4"": {""enterprise"": 0, ""freemium"": 6, ""premium"": 4}, ""5"": {""premium"": 5, ""enterprise"": 0, ""freemium"": 4}, ""6"": {""enterprise"": 8, ""freemium"": 0, ""premium"": 0}, ""7"": {""premium"": 3, ""freemium"": 6}}"
155.921592,start,w0!w000527__enterprise,enterprise,6,658,plb_nclass,own_pool,enterprise,enterprise,under_theta,"{""enterprise"": 2, ""freemium"": 4, ""mixed"": 0, ""premium"": 2}","{""0"": 10, ""1"": 9, ""2"": 10, ""3"": 9, ""4"": 10, ""5"": 9, ""6"": 9, ""7"": 9}","{""0"": {""enterprise"": 3, ""freemium"": 7, ""premium"": 0}, ""1"": {""premium"": 6, ""freemium"": 3}, ""2"": {""freemium"": 6, ""premium"": 0, ""enterprise"": 4}, ""3"": {""freemium"": 0, ""enterprise"": 9}, ""4"": {""enterprise"": 0, ""freemium"": 6, ""premium"": 4}, ""5"": {""premium"": 5, ""enterprise"": 0, ""freemium"": 4}, ""6"": {""enterprise"": 9, ""freemium"": 0, ""premium"": 0}, ""7"": {""premium"": 3, ""freemium"": 6}}"
155.950065,finish,w0!w000435__freemium,freemium,2,261,plb_nclass,finish,,,,"{""enterprise"": 2, ""freemium"": 4, ""mixed"": 0, ""premium"": 2}","{""0"": 10, ""1"": 9, ""2"": 9, ""3"": 9, ""4"": 10, ""5"": 9, ""6"": 9, ""7"": 9}","{""0"": {""enterprise"": 3, ""freemium"": 7, ""premium"": 0}, ""1"": {""premium"": 6, ""freemium"": 3}, ""2"": {""freemium"": 5, ""premium"": 0, ""enterprise"": 4}, ""3"": {""freemium"": 0, ""enterprise"": 9}, ""4"": {""enterprise"": 0, ""freemium"": 6, ""premium"": 4}, ""5"": {""premium"": 5, ""enterprise"": 0, ""freemium"": 4}, ""6"": {""enterprise"": 9, ""freemium"": 0, ""premium"": 0}, ""7"": {""premium"": 3, ""freemium"": 6}}"
156.345625,finish,w0!w000428__premium,premium,1,160,plb_nclass,finish,,,,"{""enterprise"": 2, ""freemium"": 4, ""mixed"": 0, ""premium"": 2}","{""0"": 10, ""1"": 8, ""2"": 9, ""3"": 9, ""4"": 10, ""5"": 9, ""6"": 9, ""7"": 9}","{""0"": {""enterprise"": 3, ""freemium"": 7, ""premium"": 0}, ""1"": {""premium"": 5, ""freemium"": 3}, ""2"": {""freemium"": 5, ""premium"": 0, ""enterprise"": 4}, ""3"": {""freemium"": 0, ""enterprise"": 9}, ""4"": {""enterprise"": 0, ""freemium"": 6, ""premium"": 4}, ""5"": {""premium"": 5, ""enterprise"": 0, ""freemium"": 4}, ""6"": {""enterprise"": 9, ""freemium"": 0, ""premium"": 0}, ""7"": {""premium"": 3, ""freemium"": 6}}"
156.494001,start,w0!w000528__enterprise,enterprise,3,362,plb_nclass,own_pool,enterprise,enterprise,under_theta,"{""enterprise"": 2, ""freemium"": 4, ""mixed"": 0, ""premium"": 2}","{""0"": 10, ""1"": 8, ""2"": 9, ""3"": 10, ""4"": 10, ""5"": 9, ""6"": 9, ""7"": 9}","{""0"": {""enterprise"": 3, ""freemium"": 7, ""premium"": 0}, ""1"": {""premium"": 5, ""freemium"": 3}, ""2"": {""freemium"": 5, ""premium"": 0, ""enterprise"": 4}, ""3"": {""freemium"": 0, ""enterprise"": 10}, ""4"": {""enterprise"": 0, ""freemium"": 6, ""premium"": 4}, ""5"": {""premium"": 5, ""enterprise"": 0, ""freemium"": 4}, ""6"": {""enterprise"": 9, ""freemium"": 0, ""premium"": 0}, ""7"": {""premium"": 3, ""freemium"": 6}}"
156.701469,finish,w0!w000477__freemium,freemium,7,756,plb_nclass,finish,,,,"{""enterprise"": 2, ""freemium"": 4, ""mixed"": 0, ""premium"": 2}","{""0"": 10, ""1"": 8, ""2"": 9, ""3"": 10, ""4"": 10, ""5"": 9, ""6"": 9, ""7"": 8}","{""0"": {""enterprise"": 3, ""freemium"": 7, ""premium"": 0}, ""1"": {""premium"": 5, ""freemium"": 3}, ""2"": {""freemium"": 5, ""premium"": 0, ""enterprise"": 4}, ""3"": {""freemium"": 0, ""enterprise"": 10}, ""4"": {""enterprise"": 0, ""freemium"": 6, ""premium"": 4}, ""5"": {""premium"": 5, ""enterprise"": 0, ""freemium"": 4}, ""6"": {""enterprise"": 9, ""freemium"": 0, ""premium"": 0}, ""7"": {""premium"": 3, ""freemium"": 5}}"
156.990757,finish,w0!w000466__enterprise,enterprise,6,652,plb_nclass,finish,,,,"{""enterprise"": 2, ""freemium"": 4, ""mixed"": 0, ""premium"": 2}","{""0"": 10, ""1"": 8, ""2"": 9, ""3"": 10, ""4"": 10, ""5"": 9, ""6"": 8, ""7"": 8}","{""0"": {""enterprise"": 3, ""freemium"": 7, ""premium"": 0}, ""1"": {""premium"": 5, ""freemium"": 3}, ""2"": {""freemium"": 5, ""premium"": 0, ""enterprise"": 4}, ""3"": {""freemium"": 0, ""enterprise"": 10}, ""4"": {""enterprise"": 0, ""freemium"": 6, ""premium"": 4}, ""5"": {""premium"": 5, ""enterprise"": 0, ""freemium"": 4}, ""6"": {""enterprise"": 8, ""freemium"": 0, ""premium"": 0}, ""7"": {""premium"": 3, ""freemium"": 5}}"
157.174111,start,w0!w000529__premium,premium,1,176,plb_nclass,own_pool,premium,premium,under_theta,"{""enterprise"": 2, ""freemium"": 4, ""mixed"": 0, ""premium"": 2}","{""0"": 10, ""1"": 9, ""2"": 9, ""3"": 10, ""4"": 10, ""5"": 9, ""6"": 8, ""7"": 8}","{""0"": {""enterprise"": 3, ""freemium"": 7, ""premium"": 0}, ""1"": {""premium"": 6, ""freemium"": 3}, ""2"": {""freemium"": 5, ""premium"": 0, ""enterprise"": 4}, ""3"": {""freemium"": 0, ""enterprise"": 10}, ""4"": {""enterprise"": 0, ""freemium"": 6, ""premium"": 4}, ""5"": {""premium"": 5, ""enterprise"": 0, ""freemium"": 4}, ""6"": {""enterprise"": 8, ""freemium"": 0, ""premium"": 0}, ""7"": {""premium"": 3, ""freemium"": 5}}"
157.251119,finish,w0!w000432__enterprise,enterprise,3,352,plb_nclass,finish,,,,"{""enterprise"": 2, ""freemium"": 4, ""mixed"": 0, ""premium"": 2}","{""0"": 10, ""1"": 9, ""2"": 9, ""3"": 9, ""4"": 10, ""5"": 9, ""6"": 8, ""7"": 8}","{""0"": {""enterprise"": 3, ""freemium"": 7, ""premium"": 0}, ""1"": {""premium"": 6, ""freemium"": 3}, ""2"": {""freemium"": 5, ""premium"": 0, ""enterprise"": 4}, ""3"": {""freemium"": 0, ""enterprise"": 9}, ""4"": {""enterprise"": 0, ""freemium"": 6, ""premium"": 4}, ""5"": {""premium"": 5, ""enterprise"": 0, ""freemium"": 4}, ""6"": {""enterprise"": 8, ""freemium"": 0, ""premium"": 0}, ""7"": {""premium"": 3, ""freemium"": 5}}"
157.413491,start,w0!w000530__freemium,freemium,2,272,plb_nclass,own_pool,freemium,freemium,under_theta,"{""enterprise"": 2, ""freemium"": 4, ""mixed"": 0, ""premium"": 2}","{""0"": 10, ""1"": 9, ""2"": 10, ""3"": 9, ""4"": 10, ""5"": 9, ""6"": 8, ""7"": 8}","{""0"": {""enterprise"": 3, ""freemium"": 7, ""premium"": 0}, ""1"": {""premium"": 6, ""freemium"": 3}, ""2"": {""freemium"": 6, ""premium"": 0, ""enterprise"": 4}, ""3"": {""freemium"": 0, ""enterprise"": 9}, ""4"": {""enterprise"": 0, ""freemium"": 6, ""premium"": 4}, ""5"": {""premium"": 5, ""enterprise"": 0, ""freemium"": 4}, ""6"": {""enterprise"": 8, ""freemium"": 0, ""premium"": 0}, ""7"": {""premium"": 3, ""freemium"": 5}}"
157.518424,finish,w0!w000455__premium,premium,4,457,plb_nclass,finish,,,,"{""enterprise"": 2, ""freemium"": 4, ""mixed"": 0, ""premium"": 2}","{""0"": 10, ""1"": 9, ""2"": 10, ""3"": 9, ""4"": 9, ""5"": 9, ""6"": 8, ""7"": 8}","{""0"": {""enterprise"": 3, ""freemium"": 7, ""premium"": 0}, ""1"": {""premium"": 6, ""freemium"": 3}, ""2"": {""freemium"": 6, ""premium"": 0, ""enterprise"": 4}, ""3"": {""freemium"": 0, ""enterprise"": 9}, ""4"": {""enterprise"": 0, ""freemium"": 6, ""premium"": 3}, ""5"": {""premium"": 5, ""enterprise"": 0, ""freemium"": 4}, ""6"": {""enterprise"": 8, ""freemium"": 0, ""premium"": 0}, ""7"": {""premium"": 3, ""freemium"": 5}}"
157.566342,finish,w0!w000484__enterprise,enterprise,0,59,plb_nclass,finish,,,,"{""enterprise"": 2, ""freemium"": 4, ""mixed"": 0, ""premium"": 2}","{""0"": 9, ""1"": 9, ""2"": 10, ""3"": 9, ""4"": 9, ""5"": 9, ""6"": 8, ""7"": 8}","{""0"": {""enterprise"": 2, ""freemium"": 7, ""premium"": 0}, ""1"": {""premium"": 6, ""freemium"": 3}, ""2"": {""freemium"": 6, ""premium"": 0, ""enterprise"": 4}, ""3"": {""freemium"": 0, ""enterprise"": 9}, ""4"": {""enterprise"": 0, ""freemium"": 6, ""premium"": 3}, ""5"": {""premium"": 5, ""enterprise"": 0, ""freemium"": 4}, ""6"": {""enterprise"": 8, ""freemium"": 0, ""premium"": 0}, ""7"": {""premium"": 3, ""freemium"": 5}}"
157.969268,start,w0!w000531__enterprise,enterprise,6,659,plb_nclass,own_pool,enterprise,enterprise,under_theta,"{""enterprise"": 2, ""freemium"": 4, ""mixed"": 0, ""premium"": 2}","{""0"": 9, ""1"": 9, ""2"": 10, ""3"": 9, ""4"": 9, ""5"": 9, ""6"": 9, ""7"": 8}","{""0"": {""enterprise"": 2, ""freemium"": 7, ""premium"": 0}, ""1"": {""premium"": 6, ""freemium"": 3}, ""2"": {""freemium"": 6, ""premium"": 0, ""enterprise"": 4}, ""3"": {""freemium"": 0, ""enterprise"": 9}, ""4"": {""enterprise"": 0, ""freemium"": 6, ""premium"": 3}, ""5"": {""premium"": 5, ""enterprise"": 0, ""freemium"": 4}, ""6"": {""enterprise"": 9, ""freemium"": 0, ""premium"": 0}, ""7"": {""premium"": 3, ""freemium"": 5}}"
158.050554,start,w0!w000532__enterprise,enterprise,3,363,plb_nclass,own_pool,enterprise,enterprise,under_theta,"{""enterprise"": 2, ""freemium"": 4, ""mixed"": 0, ""premium"": 2}","{""0"": 9, ""1"": 9, ""2"": 10, ""3"": 10, ""4"": 9, ""5"": 9, ""6"": 9, ""7"": 8}","{""0"": {""enterprise"": 2, ""freemium"": 7, ""premium"": 0}, ""1"": {""premium"": 6, ""freemium"": 3}, ""2"": {""freemium"": 6, ""premium"": 0, ""enterprise"": 4}, ""3"": {""freemium"": 0, ""enterprise"": 10}, ""4"": {""enterprise"": 0, ""freemium"": 6, ""premium"": 3}, ""5"": {""premium"": 5, ""enterprise"": 0, ""freemium"": 4}, ""6"": {""enterprise"": 9, ""freemium"": 0, ""premium"": 0}, ""7"": {""premium"": 3, ""freemium"": 5}}"
158.218976,finish,w0!w000439__enterprise,enterprise,3,354,plb_nclass,finish,,,,"{""enterprise"": 2, ""freemium"": 4, ""mixed"": 0, ""premium"": 2}","{""0"": 9, ""1"": 9, ""2"": 10, ""3"": 9, ""4"": 9, ""5"": 9, ""6"": 9, ""7"": 8}","{""0"": {""enterprise"": 2, ""freemium"": 7, ""premium"": 0}, ""1"": {""premium"": 6, ""freemium"": 3}, ""2"": {""freemium"": 6, ""premium"": 0, ""enterprise"": 4}, ""3"": {""freemium"": 0, ""enterprise"": 9}, ""4"": {""enterprise"": 0, ""freemium"": 6, ""premium"": 3}, ""5"": {""premium"": 5, ""enterprise"": 0, ""freemium"": 4}, ""6"": {""enterprise"": 9, ""freemium"": 0, ""premium"": 0}, ""7"": {""premium"": 3, ""freemium"": 5}}"
158.386539,start,w0!w000533__premium,premium,7,763,plb_nclass,own_pool,premium,premium,under_theta,"{""enterprise"": 2, ""freemium"": 4, ""mixed"": 0, ""premium"": 2}","{""0"": 9, ""1"": 9, ""2"": 10, ""3"": 9, ""4"": 9, ""5"": 9, ""6"": 9, ""7"": 9}","{""0"": {""enterprise"": 2, ""freemium"": 7, ""premium"": 0}, ""1"": {""premium"": 6, ""freemium"": 3}, ""2"": {""freemium"": 6, ""premium"": 0, ""enterprise"": 4}, ""3"": {""freemium"": 0, ""enterprise"": 9}, ""4"": {""enterprise"": 0, ""freemium"": 6, ""premium"": 3}, ""5"": {""premium"": 5, ""enterprise"": 0, ""freemium"": 4}, ""6"": {""enterprise"": 9, ""freemium"": 0, ""premium"": 0}, ""7"": {""premium"": 4, ""freemium"": 5}}"
158.398845,start,w0!w000534__freemium,freemium,0,67,plb_nclass,own_pool,freemium,freemium,under_theta,"{""enterprise"": 2, ""freemium"": 4, ""mixed"": 0, ""premium"": 2}","{""0"": 10, ""1"": 9, ""2"": 10, ""3"": 9, ""4"": 9, ""5"": 9, ""6"": 9, ""7"": 9}","{""0"": {""enterprise"": 2, ""freemium"": 8, ""premium"": 0}, ""1"": {""premium"": 6, ""freemium"": 3}, ""2"": {""freemium"": 6, ""premium"": 0, ""enterprise"": 4}, ""3"": {""freemium"": 0, ""enterprise"": 9}, ""4"": {""enterprise"": 0, ""freemium"": 6, ""premium"": 3}, ""5"": {""premium"": 5, ""enterprise"": 0, ""freemium"": 4}, ""6"": {""enterprise"": 9, ""freemium"": 0, ""premium"": 0}, ""7"": {""premium"": 4, ""freemium"": 5}}"
158.404939,finish,w0!w000480__freemium,freemium,7,759,plb_nclass,finish,,,,"{""enterprise"": 2, ""freemium"": 4, ""mixed"": 0, ""premium"": 2}","{""0"": 10, ""1"": 9, ""2"": 10, ""3"": 9, ""4"": 9, ""5"": 9, ""6"": 9, ""7"": 8}","{""0"": {""enterprise"": 2, ""freemium"": 8, ""premium"": 0}, ""1"": {""premium"": 6, ""freemium"": 3}, ""2"": {""freemium"": 6, ""premium"": 0, ""enterprise"": 4}, ""3"": {""freemium"": 0, ""enterprise"": 9}, ""4"": {""enterprise"": 0, ""freemium"": 6, ""premium"": 3}, ""5"": {""premium"": 5, ""enterprise"": 0, ""freemium"": 4}, ""6"": {""enterprise"": 9, ""freemium"": 0, ""premium"": 0}, ""7"": {""premium"": 4, ""freemium"": 4}}"
158.41358,finish,w0!w000458__enterprise,enterprise,3,355,plb_nclass,finish,,,,"{""enterprise"": 2, ""freemium"": 4, ""mixed"": 0, ""premium"": 2}","{""0"": 10, ""1"": 9, ""2"": 10, ""3"": 8, ""4"": 9, ""5"": 9, ""6"": 9, ""7"": 8}","{""0"": {""enterprise"": 2, ""freemium"": 8, ""premium"": 0}, ""1"": {""premium"": 6, ""freemium"": 3}, ""2"": {""freemium"": 6, ""premium"": 0, ""enterprise"": 4}, ""3"": {""freemium"": 0, ""enterprise"": 8}, ""4"": {""enterprise"": 0, ""freemium"": 6, ""premium"": 3}, ""5"": {""premium"": 5, ""enterprise"": 0, ""freemium"": 4}, ""6"": {""enterprise"": 9, ""freemium"": 0, ""premium"": 0}, ""7"": {""premium"": 4, ""freemium"": 4}}"
158.657762,start,w0!w000535__enterprise,enterprise,3,364,plb_nclass,own_pool,enterprise,enterprise,under_theta,"{""enterprise"": 2, ""freemium"": 4, ""mixed"": 0, ""premium"": 2}","{""0"": 10, ""1"": 9, ""2"": 10, ""3"": 9, ""4"": 9, ""5"": 9, ""6"": 9, ""7"": 8}","{""0"": {""enterprise"": 2, ""freemium"": 8, ""premium"": 0}, ""1"": {""premium"": 6, ""freemium"": 3}, ""2"": {""freemium"": 6, ""premium"": 0, ""enterprise"": 4}, ""3"": {""freemium"": 0, ""enterprise"": 9}, ""4"": {""enterprise"": 0, ""freemium"": 6, ""premium"": 3}, ""5"": {""premium"": 5, ""enterprise"": 0, ""freemium"": 4}, ""6"": {""enterprise"": 9, ""freemium"": 0, ""premium"": 0}, ""7"": {""premium"": 4, ""freemium"": 4}}"
158.776696,finish,w0!w000445__premium,premium,4,455,plb_nclass,finish,,,,"{""enterprise"": 2, ""freemium"": 4, ""mixed"": 0, ""premium"": 2}","{""0"": 10, ""1"": 9, ""2"": 10, ""3"": 9, ""4"": 8, ""5"": 9, ""6"": 9, ""7"": 8}","{""0"": {""enterprise"": 2, ""freemium"": 8, ""premium"": 0}, ""1"": {""premium"": 6, ""freemium"": 3}, ""2"": {""freemium"": 6, ""premium"": 0, ""enterprise"": 4}, ""3"": {""freemium"": 0, ""enterprise"": 9}, ""4"": {""enterprise"": 0, ""freemium"": 6, ""premium"": 2}, ""5"": {""premium"": 5, ""enterprise"": 0, ""freemium"": 4}, ""6"": {""enterprise"": 9, ""freemium"": 0, ""premium"": 0}, ""7"": {""premium"": 4, ""freemium"": 4}}"
158.942378,start,w0!w000536__premium,premium,7,764,plb_nclass,own_pool,premium,premium,under_theta,"{""enterprise"": 2, ""freemium"": 4, ""mixed"": 0, ""premium"": 2}","{""0"": 10, ""1"": 9, ""2"": 10, ""3"": 9, ""4"": 8, ""5"": 9, ""6"": 9, ""7"": 9}","{""0"": {""enterprise"": 2, ""freemium"": 8, ""premium"": 0}, ""1"": {""premium"": 6, ""freemium"": 3}, ""2"": {""freemium"": 6, ""premium"": 0, ""enterprise"": 4}, ""3"": {""freemium"": 0, ""enterprise"": 9}, ""4"": {""enterprise"": 0, ""freemium"": 6, ""premium"": 2}, ""5"": {""premium"": 5, ""enterprise"": 0, ""freemium"": 4}, ""6"": {""enterprise"": 9, ""freemium"": 0, ""premium"": 0}, ""7"": {""premium"": 5, ""freemium"": 4}}"
159.245184,start,w0!w000537__premium,premium,1,177,plb_nclass,own_pool,premium,premium,under_theta,"{""enterprise"": 2, ""freemium"": 4, ""mixed"": 0, ""premium"": 2}","{""0"": 10, ""1"": 10, ""2"": 10, ""3"": 9, ""4"": 8, ""5"": 9, ""6"": 9, ""7"": 9}","{""0"": {""enterprise"": 2, ""freemium"": 8, ""premium"": 0}, ""1"": {""premium"": 7, ""freemium"": 3}, ""2"": {""freemium"": 6, ""premium"": 0, ""enterprise"": 4}, ""3"": {""freemium"": 0, ""enterprise"": 9}, ""4"": {""enterprise"": 0, ""freemium"": 6, ""premium"": 2}, ""5"": {""premium"": 5, ""enterprise"": 0, ""freemium"": 4}, ""6"": {""enterprise"": 9, ""freemium"": 0, ""premium"": 0}, ""7"": {""premium"": 5, ""freemium"": 4}}"
159.518607,start,w0!w000538__enterprise,enterprise,3,365,plb_nclass,own_pool,enterprise,enterprise,under_theta,"{""enterprise"": 2, ""freemium"": 4, ""mixed"": 0, ""premium"": 2}","{""0"": 10, ""1"": 10, ""2"": 10, ""3"": 10, ""4"": 8, ""5"": 9, ""6"": 9, ""7"": 9}","{""0"": {""enterprise"": 2, ""freemium"": 8, ""premium"": 0}, ""1"": {""premium"": 7, ""freemium"": 3}, ""2"": {""freemium"": 6, ""premium"": 0, ""enterprise"": 4}, ""3"": {""freemium"": 0, ""enterprise"": 10}, ""4"": {""enterprise"": 0, ""freemium"": 6, ""premium"": 2}, ""5"": {""premium"": 5, ""enterprise"": 0, ""freemium"": 4}, ""6"": {""enterprise"": 9, ""freemium"": 0, ""premium"": 0}, ""7"": {""premium"": 5, ""freemium"": 4}}"
159.5522,finish,w0!w000444__enterprise,enterprise,6,647,plb_nclass,finish,,,,"{""enterprise"": 2, ""freemium"": 4, ""mixed"": 0, ""premium"": 2}","{""0"": 10, ""1"": 10, ""2"": 10, ""3"": 10, ""4"": 8, ""5"": 9, ""6"": 8, ""7"": 9}","{""0"": {""enterprise"": 2, ""freemium"": 8, ""premium"": 0}, ""1"": {""premium"": 7, ""freemium"": 3}, ""2"": {""freemium"": 6, ""premium"": 0, ""enterprise"": 4}, ""3"": {""freemium"": 0, ""enterprise"": 10}, ""4"": {""enterprise"": 0, ""freemium"": 6, ""premium"": 2}, ""5"": {""premium"": 5, ""enterprise"": 0, ""freemium"": 4}, ""6"": {""enterprise"": 8, ""freemium"": 0, ""premium"": 0}, ""7"": {""premium"": 5, ""freemium"": 4}}"
159.608497,finish,w0!w000449__enterprise,enterprise,6,650,plb_nclass,finish,,,,"{""enterprise"": 2, ""freemium"": 4, ""mixed"": 0, ""premium"": 2}","{""0"": 10, ""1"": 10, ""2"": 10, ""3"": 10, ""4"": 8, ""5"": 9, ""6"": 7, ""7"": 9}","{""0"": {""enterprise"": 2, ""freemium"": 8, ""premium"": 0}, ""1"": {""premium"": 7, ""freemium"": 3}, ""2"": {""freemium"": 6, ""premium"": 0, ""enterprise"": 4}, ""3"": {""freemium"": 0, ""enterprise"": 10}, ""4"": {""enterprise"": 0, ""freemium"": 6, ""premium"": 2}, ""5"": {""premium"": 5, ""enterprise"": 0, ""freemium"": 4}, ""6"": {""enterprise"": 7, ""freemium"": 0, ""premium"": 0}, ""7"": {""premium"": 5, ""freemium"": 4}}"
159.646471,finish,w0!w000456__enterprise,enterprise,0,57,plb_nclass,finish,,,,"{""enterprise"": 2, ""freemium"": 4, ""mixed"": 0, ""premium"": 2}","{""0"": 9, ""1"": 10, ""2"": 10, ""3"": 10, ""4"": 8, ""5"": 9, ""6"": 7, ""7"": 9}","{""0"": {""enterprise"": 1, ""freemium"": 8, ""premium"": 0}, ""1"": {""premium"": 7, ""freemium"": 3}, ""2"": {""freemium"": 6, ""premium"": 0, ""enterprise"": 4}, ""3"": {""freemium"": 0, ""enterprise"": 10}, ""4"": {""enterprise"": 0, ""freemium"": 6, ""premium"": 2}, ""5"": {""premium"": 5, ""enterprise"": 0, ""freemium"": 4}, ""6"": {""enterprise"": 7, ""freemium"": 0, ""premium"": 0}, ""7"": {""premium"": 5, ""freemium"": 4}}"
160.360871,finish,w0!w000485__enterprise,enterprise,2,266,plb_nclass,finish,,,,"{""enterprise"": 2, ""freemium"": 4, ""mixed"": 0, ""premium"": 2}","{""0"": 9, ""1"": 10, ""2"": 9, ""3"": 10, ""4"": 8, ""5"": 9, ""6"": 7, ""7"": 9}","{""0"": {""enterprise"": 1, ""freemium"": 8, ""premium"": 0}, ""1"": {""premium"": 7, ""freemium"": 3}, ""2"": {""freemium"": 6, ""premium"": 0, ""enterprise"": 3}, ""3"": {""freemium"": 0, ""enterprise"": 10}, ""4"": {""enterprise"": 0, ""freemium"": 6, ""premium"": 2}, ""5"": {""premium"": 5, ""enterprise"": 0, ""freemium"": 4}, ""6"": {""enterprise"": 7, ""freemium"": 0, ""premium"": 0}, ""7"": {""premium"": 5, ""freemium"": 4}}"
160.40118,start,w0!w000539__premium,premium,7,765,plb_nclass,own_pool,premium,premium,under_theta,"{""enterprise"": 2, ""freemium"": 4, ""mixed"": 0, ""premium"": 2}","{""0"": 9, ""1"": 10, ""2"": 9, ""3"": 10, ""4"": 8, ""5"": 9, ""6"": 7, ""7"": 10}","{""0"": {""enterprise"": 1, ""freemium"": 8, ""premium"": 0}, ""1"": {""premium"": 7, ""freemium"": 3}, ""2"": {""freemium"": 6, ""premium"": 0, ""enterprise"": 3}, ""3"": {""freemium"": 0, ""enterprise"": 10}, ""4"": {""enterprise"": 0, ""freemium"": 6, ""premium"": 2}, ""5"": {""premium"": 5, ""enterprise"": 0, ""freemium"": 4}, ""6"": {""enterprise"": 7, ""freemium"": 0, ""premium"": 0}, ""7"": {""premium"": 6, ""freemium"": 4}}"
160.469491,start,w0!w000540__enterprise,enterprise,6,660,plb_nclass,own_pool,enterprise,enterprise,under_theta,"{""enterprise"": 2, ""freemium"": 4, ""mixed"": 0, ""premium"": 2}","{""0"": 9, ""1"": 10, ""2"": 9, ""3"": 10, ""4"": 8, ""5"": 9, ""6"": 8, ""7"": 10}","{""0"": {""enterprise"": 1, ""freemium"": 8, ""premium"": 0}, ""1"": {""premium"": 7, ""freemium"": 3}, ""2"": {""freemium"": 6, ""premium"": 0, ""enterprise"": 3}, ""3"": {""freemium"": 0, ""enterprise"": 10}, ""4"": {""enterprise"": 0, ""freemium"": 6, ""premium"": 2}, ""5"": {""premium"": 5, ""enterprise"": 0, ""freemium"": 4}, ""6"": {""enterprise"": 8, ""freemium"": 0, ""premium"": 0}, ""7"": {""premium"": 6, ""freemium"": 4}}"
160.535971,start,w0!w000541__enterprise,enterprise,6,661,plb_nclass,own_pool,enterprise,enterprise,under_theta,"{""enterprise"": 2, ""freemium"": 4, ""mixed"": 0, ""premium"": 2}","{""0"": 9, ""1"": 10, ""2"": 9, ""3"": 10, ""4"": 8, ""5"": 9, ""6"": 9, ""7"": 10}","{""0"": {""enterprise"": 1, ""freemium"": 8, ""premium"": 0}, ""1"": {""premium"": 7, ""freemium"": 3}, ""2"": {""freemium"": 6, ""premium"": 0, ""enterprise"": 3}, ""3"": {""freemium"": 0, ""enterprise"": 10}, ""4"": {""enterprise"": 0, ""freemium"": 6, ""premium"": 2}, ""5"": {""premium"": 5, ""enterprise"": 0, ""freemium"": 4}, ""6"": {""enterprise"": 9, ""freemium"": 0, ""premium"": 0}, ""7"": {""premium"": 6, ""freemium"": 4}}"
160.627149,finish,w0!w000462__enterprise,enterprise,3,356,plb_nclass,finish,,,,"{""enterprise"": 2, ""freemium"": 4, ""mixed"": 0, ""premium"": 2}","{""0"": 9, ""1"": 10, ""2"": 9, ""3"": 9, ""4"": 8, ""5"": 9, ""6"": 9, ""7"": 10}","{""0"": {""enterprise"": 1, ""freemium"": 8, ""premium"": 0}, ""1"": {""premium"": 7, ""freemium"": 3}, ""2"": {""freemium"": 6, ""premium"": 0, ""enterprise"": 3}, ""3"": {""freemium"": 0, ""enterprise"": 9}, ""4"": {""enterprise"": 0, ""freemium"": 6, ""premium"": 2}, ""5"": {""premium"": 5, ""enterprise"": 0, ""freemium"": 4}, ""6"": {""enterprise"": 9, ""freemium"": 0, ""premium"": 0}, ""7"": {""premium"": 6, ""freemium"": 4}}"
160.728256,start,w0!w000542__freemium,freemium,4,467,plb_nclass,own_pool,freemium,freemium,under_theta,"{""enterprise"": 2, ""freemium"": 4, ""mixed"": 0, ""premium"": 2}","{""0"": 9, ""1"": 10, ""2"": 9, ""3"": 9, ""4"": 9, ""5"": 9, ""6"": 9, ""7"": 10}","{""0"": {""enterprise"": 1, ""freemium"": 8, ""premium"": 0}, ""1"": {""premium"": 7, ""freemium"": 3}, ""2"": {""freemium"": 6, ""premium"": 0, ""enterprise"": 3}, ""3"": {""freemium"": 0, ""enterprise"": 9}, ""4"": {""enterprise"": 0, ""freemium"": 7, ""premium"": 2}, ""5"": {""premium"": 5, ""enterprise"": 0, ""freemium"": 4}, ""6"": {""enterprise"": 9, ""freemium"": 0, ""premium"": 0}, ""7"": {""premium"": 6, ""freemium"": 4}}"
160.824228,start,w0!w000543__enterprise,enterprise,3,366,plb_nclass,own_pool,enterprise,enterprise,under_theta,"{""enterprise"": 2, ""freemium"": 4, ""mixed"": 0, ""premium"": 2}","{""0"": 9, ""1"": 10, ""2"": 9, ""3"": 10, ""4"": 9, ""5"": 9, ""6"": 9, ""7"": 10}","{""0"": {""enterprise"": 1, ""freemium"": 8, ""premium"": 0}, ""1"": {""premium"": 7, ""freemium"": 3}, ""2"": {""freemium"": 6, ""premium"": 0, ""enterprise"": 3}, ""3"": {""freemium"": 0, ""enterprise"": 10}, ""4"": {""enterprise"": 0, ""freemium"": 7, ""premium"": 2}, ""5"": {""premium"": 5, ""enterprise"": 0, ""freemium"": 4}, ""6"": {""enterprise"": 9, ""freemium"": 0, ""premium"": 0}, ""7"": {""premium"": 6, ""freemium"": 4}}"
161.231615,start,w0!w000544__premium,premium,0,68,plb_nclass,borrow_lower,freemium,premium,load_first,"{""enterprise"": 2, ""freemium"": 3, ""mixed"": 0, ""premium"": 3}","{""0"": 10, ""1"": 10, ""2"": 9, ""3"": 10, ""4"": 9, ""5"": 9, ""6"": 9, ""7"": 10}","{""0"": {""enterprise"": 1, ""freemium"": 8, ""premium"": 1}, ""1"": {""premium"": 7, ""freemium"": 3}, ""2"": {""freemium"": 6, ""premium"": 0, ""enterprise"": 3}, ""3"": {""freemium"": 0, ""enterprise"": 10}, ""4"": {""enterprise"": 0, ""freemium"": 7, ""premium"": 2}, ""5"": {""premium"": 5, ""enterprise"": 0, ""freemium"": 4}, ""6"": {""enterprise"": 9, ""freemium"": 0, ""premium"": 0}, ""7"": {""premium"": 6, ""freemium"": 4}}"
161.490377,finish,w0!w000510__enterprise,enterprise,3,360,plb_nclass,finish,,,,"{""enterprise"": 2, ""freemium"": 3, ""mixed"": 0, ""premium"": 3}","{""0"": 10, ""1"": 10, ""2"": 9, ""3"": 9, ""4"": 9, ""5"": 9, ""6"": 9, ""7"": 10}","{""0"": {""enterprise"": 1, ""freemium"": 8, ""premium"": 1}, ""1"": {""premium"": 7, ""freemium"": 3}, ""2"": {""freemium"": 6, ""premium"": 0, ""enterprise"": 3}, ""3"": {""freemium"": 0, ""enterprise"": 9}, ""4"": {""enterprise"": 0, ""freemium"": 7, ""premium"": 2}, ""5"": {""premium"": 5, ""enterprise"": 0, ""freemium"": 4}, ""6"": {""enterprise"": 9, ""freemium"": 0, ""premium"": 0}, ""7"": {""premium"": 6, ""freemium"": 4}}"
161.759366,finish,w0!w000495__freemium,freemium,0,62,plb_nclass,finish,,,,"{""enterprise"": 2, ""freemium"": 3, ""mixed"": 0, ""premium"": 3}","{""0"": 9, ""1"": 10, ""2"": 9, ""3"": 9, ""4"": 9, ""5"": 9, ""6"": 9, ""7"": 10}","{""0"": {""enterprise"": 1, ""freemium"": 7, ""premium"": 1}, ""1"": {""premium"": 7, ""freemium"": 3}, ""2"": {""freemium"": 6, ""premium"": 0, ""enterprise"": 3}, ""3"": {""freemium"": 0, ""enterprise"": 9}, ""4"": {""enterprise"": 0, ""freemium"": 7, ""premium"": 2}, ""5"": {""premium"": 5, ""enterprise"": 0, ""freemium"": 4}, ""6"": {""enterprise"": 9, ""freemium"": 0, ""premium"": 0}, ""7"": {""premium"": 6, ""freemium"": 4}}"
162.070466,finish,w0!w000473__freemium,freemium,7,755,plb_nclass,finish,,,,"{""enterprise"": 2, ""freemium"": 3, ""mixed"": 0, ""premium"": 3}","{""0"": 9, ""1"": 10, ""2"": 9, ""3"": 9, ""4"": 9, ""5"": 9, ""6"": 9, ""7"": 9}","{""0"": {""enterprise"": 1, ""freemium"": 7, ""premium"": 1}, ""1"": {""premium"": 7, ""freemium"": 3}, ""2"": {""freemium"": 6, ""premium"": 0, ""enterprise"": 3}, ""3"": {""freemium"": 0, ""enterprise"": 9}, ""4"": {""enterprise"": 0, ""freemium"": 7, ""premium"": 2}, ""5"": {""premium"": 5, ""enterprise"": 0, ""freemium"": 4}, ""6"": {""enterprise"": 9, ""freemium"": 0, ""premium"": 0}, ""7"": {""premium"": 6, ""freemium"": 3}}"
162.080387,finish,w0!w000469__freemium,freemium,5,554,plb_nclass,finish,,,,"{""enterprise"": 2, ""freemium"": 3, ""mixed"": 0, ""premium"": 3}","{""0"": 9, ""1"": 10, ""2"": 9, ""3"": 9, ""4"": 9, ""5"": 8, ""6"": 9, ""7"": 9}","{""0"": {""enterprise"": 1, ""freemium"": 7, ""premium"": 1}, ""1"": {""premium"": 7, ""freemium"": 3}, ""2"": {""freemium"": 6, ""premium"": 0, ""enterprise"": 3}, ""3"": {""freemium"": 0, ""enterprise"": 9}, ""4"": {""enterprise"": 0, ""freemium"": 7, ""premium"": 2}, ""5"": {""premium"": 5, ""enterprise"": 0, ""freemium"": 3}, ""6"": {""enterprise"": 9, ""freemium"": 0, ""premium"": 0}, ""7"": {""premium"": 6, ""freemium"": 3}}"
162.503581,finish,w0!w000511__enterprise,enterprise,6,655,plb_nclass,finish,,,,"{""enterprise"": 2, ""freemium"": 3, ""mixed"": 0, ""premium"": 3}","{""0"": 9, ""1"": 10, ""2"": 9, ""3"": 9, ""4"": 9, ""5"": 8, ""6"": 8, ""7"": 9}","{""0"": {""enterprise"": 1, ""freemium"": 7, ""premium"": 1}, ""1"": {""premium"": 7, ""freemium"": 3}, ""2"": {""freemium"": 6, ""premium"": 0, ""enterprise"": 3}, ""3"": {""freemium"": 0, ""enterprise"": 9}, ""4"": {""enterprise"": 0, ""freemium"": 7, ""premium"": 2}, ""5"": {""premium"": 5, ""enterprise"": 0, ""freemium"": 3}, ""6"": {""enterprise"": 8, ""freemium"": 0, ""premium"": 0}, ""7"": {""premium"": 6, ""freemium"": 3}}"
162.514588,start,w0!w000545__enterprise,enterprise,6,662,plb_nclass,own_pool,enterprise,enterprise,under_theta,"{""enterprise"": 2, ""freemium"": 3, ""mixed"": 0, ""premium"": 3}","{""0"": 9, ""1"": 10, ""2"": 9, ""3"": 9, ""4"": 9, ""5"": 8, ""6"": 9, ""7"": 9}","{""0"": {""enterprise"": 1, ""freemium"": 7, ""premium"": 1}, ""1"": {""premium"": 7, ""freemium"": 3}, ""2"": {""freemium"": 6, ""premium"": 0, ""enterprise"": 3}, ""3"": {""freemium"": 0, ""enterprise"": 9}, ""4"": {""enterprise"": 0, ""freemium"": 7, ""premium"": 2}, ""5"": {""premium"": 5, ""enterprise"": 0, ""freemium"": 3}, ""6"": {""enterprise"": 9, ""freemium"": 0, ""premium"": 0}, ""7"": {""premium"": 6, ""freemium"": 3}}"
162.984711,start,w0!w000546__premium,premium,0,69,plb_nclass,own_pool,premium,premium,under_theta,"{""enterprise"": 2, ""freemium"": 3, ""mixed"": 0, ""premium"": 3}","{""0"": 10, ""1"": 10, ""2"": 9, ""3"": 9, ""4"": 9, ""5"": 8, ""6"": 9, ""7"": 9}","{""0"": {""enterprise"": 1, ""freemium"": 7, ""premium"": 2}, ""1"": {""premium"": 7, ""freemium"": 3}, ""2"": {""freemium"": 6, ""premium"": 0, ""enterprise"": 3}, ""3"": {""freemium"": 0, ""enterprise"": 9}, ""4"": {""enterprise"": 0, ""freemium"": 7, ""premium"": 2}, ""5"": {""premium"": 5, ""enterprise"": 0, ""freemium"": 3}, ""6"": {""enterprise"": 9, ""freemium"": 0, ""premium"": 0}, ""7"": {""premium"": 6, ""freemium"": 3}}"
162.989313,start,w0!w000547__premium,premium,7,766,plb_nclass,own_pool,premium,premium,under_theta,"{""enterprise"": 2, ""freemium"": 3, ""mixed"": 0, ""premium"": 3}","{""0"": 10, ""1"": 10, ""2"": 9, ""3"": 9, ""4"": 9, ""5"": 8, ""6"": 9, ""7"": 10}","{""0"": {""enterprise"": 1, ""freemium"": 7, ""premium"": 2}, ""1"": {""premium"": 7, ""freemium"": 3}, ""2"": {""freemium"": 6, ""premium"": 0, ""enterprise"": 3}, ""3"": {""freemium"": 0, ""enterprise"": 9}, ""4"": {""enterprise"": 0, ""freemium"": 7, ""premium"": 2}, ""5"": {""premium"": 5, ""enterprise"": 0, ""freemium"": 3}, ""6"": {""enterprise"": 9, ""freemium"": 0, ""premium"": 0}, ""7"": {""premium"": 7, ""freemium"": 3}}"
163.187862,start,w0!w000548__freemium,freemium,5,562,plb_nclass,own_pool,freemium,freemium,under_theta,"{""enterprise"": 2, ""freemium"": 3, ""mixed"": 0, ""premium"": 3}","{""0"": 10, ""1"": 10, ""2"": 9, ""3"": 9, ""4"": 9, ""5"": 9, ""6"": 9, ""7"": 10}","{""0"": {""enterprise"": 1, ""freemium"": 7, ""premium"": 2}, ""1"": {""premium"": 7, ""freemium"": 3}, ""2"": {""freemium"": 6, ""premium"": 0, ""enterprise"": 3}, ""3"": {""freemium"": 0, ""enterprise"": 9}, ""4"": {""enterprise"": 0, ""freemium"": 7, ""premium"": 2}, ""5"": {""premium"": 5, ""enterprise"": 0, ""freemium"": 4}, ""6"": {""enterprise"": 9, ""freemium"": 0, ""premium"": 0}, ""7"": {""premium"": 7, ""freemium"": 3}}"
163.252549,start,w0!w000549__premium,premium,2,273,plb_nclass,borrow_lower,freemium,premium,load_first,"{""enterprise"": 2, ""freemium"": 2, ""mixed"": 0, ""premium"": 4}","{""0"": 10, ""1"": 10, ""2"": 10, ""3"": 9, ""4"": 9, ""5"": 9, ""6"": 9, ""7"": 10}","{""0"": {""enterprise"": 1, ""freemium"": 7, ""premium"": 2}, ""1"": {""premium"": 7, ""freemium"": 3}, ""2"": {""freemium"": 6, ""premium"": 1, ""enterprise"": 3}, ""3"": {""freemium"": 0, ""enterprise"": 9}, ""4"": {""enterprise"": 0, ""freemium"": 7, ""premium"": 2}, ""5"": {""premium"": 5, ""enterprise"": 0, ""freemium"": 4}, ""6"": {""enterprise"": 9, ""freemium"": 0, ""premium"": 0}, ""7"": {""premium"": 7, ""freemium"": 3}}"
163.486016,finish,w0!w000505__freemium,freemium,5,561,plb_nclass,finish,,,,"{""enterprise"": 2, ""freemium"": 2, ""mixed"": 0, ""premium"": 4}","{""0"": 10, ""1"": 10, ""2"": 10, ""3"": 9, ""4"": 9, ""5"": 8, ""6"": 9, ""7"": 10}","{""0"": {""enterprise"": 1, ""freemium"": 7, ""premium"": 2}, ""1"": {""premium"": 7, ""freemium"": 3}, ""2"": {""freemium"": 6, ""premium"": 1, ""enterprise"": 3}, ""3"": {""freemium"": 0, ""enterprise"": 9}, ""4"": {""enterprise"": 0, ""freemium"": 7, ""premium"": 2}, ""5"": {""premium"": 5, ""enterprise"": 0, ""freemium"": 3}, ""6"": {""enterprise"": 9, ""freemium"": 0, ""premium"": 0}, ""7"": {""premium"": 7, ""freemium"": 3}}"
163.528609,finish,w0!w000503__freemium,freemium,2,269,plb_nclass,finish,,,,"{""enterprise"": 2, ""freemium"": 2, ""mixed"": 0, ""premium"": 4}","{""0"": 10, ""1"": 10, ""2"": 9, ""3"": 9, ""4"": 9, ""5"": 8, ""6"": 9, ""7"": 10}","{""0"": {""enterprise"": 1, ""freemium"": 7, ""premium"": 2}, ""1"": {""premium"": 7, ""freemium"": 3}, ""2"": {""freemium"": 5, ""premium"": 1, ""enterprise"": 3}, ""3"": {""freemium"": 0, ""enterprise"": 9}, ""4"": {""enterprise"": 0, ""freemium"": 7, ""premium"": 2}, ""5"": {""premium"": 5, ""enterprise"": 0, ""freemium"": 3}, ""6"": {""enterprise"": 9, ""freemium"": 0, ""premium"": 0}, ""7"": {""premium"": 7, ""freemium"": 3}}"
163.788695,finish,w0!w000474__enterprise,enterprise,2,264,plb_nclass,finish,,,,"{""enterprise"": 2, ""freemium"": 2, ""mixed"": 0, ""premium"": 4}","{""0"": 10, ""1"": 10, ""2"": 8, ""3"": 9, ""4"": 9, ""5"": 8, ""6"": 9, ""7"": 10}","{""0"": {""enterprise"": 1, ""freemium"": 7, ""premium"": 2}, ""1"": {""premium"": 7, ""freemium"": 3}, ""2"": {""freemium"": 5, ""premium"": 1, ""enterprise"": 2}, ""3"": {""freemium"": 0, ""enterprise"": 9}, ""4"": {""enterprise"": 0, ""freemium"": 7, ""premium"": 2}, ""5"": {""premium"": 5, ""enterprise"": 0, ""freemium"": 3}, ""6"": {""enterprise"": 9, ""freemium"": 0, ""premium"": 0}, ""7"": {""premium"": 7, ""freemium"": 3}}"
163.918054,start,w0!w000550__freemium,freemium,5,563,plb_nclass,own_pool,freemium,freemium,under_theta,"{""enterprise"": 2, ""freemium"": 2, ""mixed"": 0, ""premium"": 4}","{""0"": 10, ""1"": 10, ""2"": 8, ""3"": 9, ""4"": 9, ""5"": 9, ""6"": 9, ""7"": 10}","{""0"": {""enterprise"": 1, ""freemium"": 7, ""premium"": 2}, ""1"": {""premium"": 7, ""freemium"": 3}, ""2"": {""freemium"": 5, ""premium"": 1, ""enterprise"": 2}, ""3"": {""freemium"": 0, ""enterprise"": 9}, ""4"": {""enterprise"": 0, ""freemium"": 7, ""premium"": 2}, ""5"": {""premium"": 5, ""enterprise"": 0, ""freemium"": 4}, ""6"": {""enterprise"": 9, ""freemium"": 0, ""premium"": 0}, ""7"": {""premium"": 7, ""freemium"": 3}}"
164.039815,start,w0!w000551__enterprise,enterprise,3,367,plb_nclass,own_pool,enterprise,enterprise,under_theta,"{""enterprise"": 2, ""freemium"": 2, ""mixed"": 0, ""premium"": 4}","{""0"": 10, ""1"": 10, ""2"": 8, ""3"": 10, ""4"": 9, ""5"": 9, ""6"": 9, ""7"": 10}","{""0"": {""enterprise"": 1, ""freemium"": 7, ""premium"": 2}, ""1"": {""premium"": 7, ""freemium"": 3}, ""2"": {""freemium"": 5, ""premium"": 1, ""enterprise"": 2}, ""3"": {""freemium"": 0, ""enterprise"": 10}, ""4"": {""enterprise"": 0, ""freemium"": 7, ""premium"": 2}, ""5"": {""premium"": 5, ""enterprise"": 0, ""freemium"": 4}, ""6"": {""enterprise"": 9, ""freemium"": 0, ""premium"": 0}, ""7"": {""premium"": 7, ""freemium"": 3}}"
164.118841,finish,w0!w000475__premium,premium,5,556,plb_nclass,finish,,,,"{""enterprise"": 2, ""freemium"": 2, ""mixed"": 0, ""premium"": 4}","{""0"": 10, ""1"": 10, ""2"": 8, ""3"": 10, ""4"": 9, ""5"": 8, ""6"": 9, ""7"": 10}","{""0"": {""enterprise"": 1, ""freemium"": 7, ""premium"": 2}, ""1"": {""premium"": 7, ""freemium"": 3}, ""2"": {""freemium"": 5, ""premium"": 1, ""enterprise"": 2}, ""3"": {""freemium"": 0, ""enterprise"": 10}, ""4"": {""enterprise"": 0, ""freemium"": 7, ""premium"": 2}, ""5"": {""premium"": 4, ""enterprise"": 0, ""freemium"": 4}, ""6"": {""enterprise"": 9, ""freemium"": 0, ""premium"": 0}, ""7"": {""premium"": 7, ""freemium"": 3}}"
164.430275,finish,w0!w000512__premium,premium,1,172,plb_nclass,finish,,,,"{""enterprise"": 2, ""freemium"": 2, ""mixed"": 0, ""premium"": 4}","{""0"": 10, ""1"": 9, ""2"": 8, ""3"": 10, ""4"": 9, ""5"": 8, ""6"": 9, ""7"": 10}","{""0"": {""enterprise"": 1, ""freemium"": 7, ""premium"": 2}, ""1"": {""premium"": 6, ""freemium"": 3}, ""2"": {""freemium"": 5, ""premium"": 1, ""enterprise"": 2}, ""3"": {""freemium"": 0, ""enterprise"": 10}, ""4"": {""enterprise"": 0, ""freemium"": 7, ""premium"": 2}, ""5"": {""premium"": 4, ""enterprise"": 0, ""freemium"": 4}, ""6"": {""enterprise"": 9, ""freemium"": 0, ""premium"": 0}, ""7"": {""premium"": 7, ""freemium"": 3}}"
164.434438,start,w0!w000552__premium,premium,2,274,plb_nclass,own_pool,premium,premium,under_theta,"{""enterprise"": 2, ""freemium"": 2, ""mixed"": 0, ""premium"": 4}","{""0"": 10, ""1"": 9, ""2"": 9, ""3"": 10, ""4"": 9, ""5"": 8, ""6"": 9, ""7"": 10}","{""0"": {""enterprise"": 1, ""freemium"": 7, ""premium"": 2}, ""1"": {""premium"": 6, ""freemium"": 3}, ""2"": {""freemium"": 5, ""premium"": 2, ""enterprise"": 2}, ""3"": {""freemium"": 0, ""enterprise"": 10}, ""4"": {""enterprise"": 0, ""freemium"": 7, ""premium"": 2}, ""5"": {""premium"": 4, ""enterprise"": 0, ""freemium"": 4}, ""6"": {""enterprise"": 9, ""freemium"": 0, ""premium"": 0}, ""7"": {""premium"": 7, ""freemium"": 3}}"
164.567651,start,w0!w000553__enterprise,enterprise,6,663,plb_nclass,own_pool,enterprise,enterprise,under_theta,"{""enterprise"": 2, ""freemium"": 2, ""mixed"": 0, ""premium"": 4}","{""0"": 10, ""1"": 9, ""2"": 9, ""3"": 10, ""4"": 9, ""5"": 8, ""6"": 10, ""7"": 10}","{""0"": {""enterprise"": 1, ""freemium"": 7, ""premium"": 2}, ""1"": {""premium"": 6, ""freemium"": 3}, ""2"": {""freemium"": 5, ""premium"": 2, ""enterprise"": 2}, ""3"": {""freemium"": 0, ""enterprise"": 10}, ""4"": {""enterprise"": 0, ""freemium"": 7, ""premium"": 2}, ""5"": {""premium"": 4, ""enterprise"": 0, ""freemium"": 4}, ""6"": {""enterprise"": 10, ""freemium"": 0, ""premium"": 0}, ""7"": {""premium"": 7, ""freemium"": 3}}"
164.718743,finish,w0!w000472__premium,premium,5,555,plb_nclass,finish,,,,"{""enterprise"": 2, ""freemium"": 2, ""mixed"": 0, ""premium"": 4}","{""0"": 10, ""1"": 9, ""2"": 9, ""3"": 10, ""4"": 9, ""5"": 7, ""6"": 10, ""7"": 10}","{""0"": {""enterprise"": 1, ""freemium"": 7, ""premium"": 2}, ""1"": {""premium"": 6, ""freemium"": 3}, ""2"": {""freemium"": 5, ""premium"": 2, ""enterprise"": 2}, ""3"": {""freemium"": 0, ""enterprise"": 10}, ""4"": {""enterprise"": 0, ""freemium"": 7, ""premium"": 2}, ""5"": {""premium"": 3, ""enterprise"": 0, ""freemium"": 4}, ""6"": {""enterprise"": 10, ""freemium"": 0, ""premium"": 0}, ""7"": {""premium"": 7, ""freemium"": 3}}"
164.944902,start,w0!w000554__freemium,freemium,5,564,plb_nclass,own_pool,freemium,freemium,under_theta,"{""enterprise"": 2, ""freemium"": 2, ""mixed"": 0, ""premium"": 4}","{""0"": 10, ""1"": 9, ""2"": 9, ""3"": 10, ""4"": 9, ""5"": 8, ""6"": 10, ""7"": 10}","{""0"": {""enterprise"": 1, ""freemium"": 7, ""premium"": 2}, ""1"": {""premium"": 6, ""freemium"": 3}, ""2"": {""freemium"": 5, ""premium"": 2, ""enterprise"": 2}, ""3"": {""freemium"": 0, ""enterprise"": 10}, ""4"": {""enterprise"": 0, ""freemium"": 7, ""premium"": 2}, ""5"": {""premium"": 3, ""enterprise"": 0, ""freemium"": 5}, ""6"": {""enterprise"": 10, ""freemium"": 0, ""premium"": 0}, ""7"": {""premium"": 7, ""freemium"": 3}}"
164.988702,finish,w0!w000514__freemium,freemium,4,464,plb_nclass,finish,,,,"{""enterprise"": 2, ""freemium"": 2, ""mixed"": 0, ""premium"": 4}","{""0"": 10, ""1"": 9, ""2"": 9, ""3"": 10, ""4"": 8, ""5"": 8, ""6"": 10, ""7"": 10}","{""0"": {""enterprise"": 1, ""freemium"": 7, ""premium"": 2}, ""1"": {""premium"": 6, ""freemium"": 3}, ""2"": {""freemium"": 5, ""premium"": 2, ""enterprise"": 2}, ""3"": {""freemium"": 0, ""enterprise"": 10}, ""4"": {""enterprise"": 0, ""freemium"": 6, ""premium"": 2}, ""5"": {""premium"": 3, ""enterprise"": 0, ""freemium"": 5}, ""6"": {""enterprise"": 10, ""freemium"": 0, ""premium"": 0}, ""7"": {""premium"": 7, ""freemium"": 3}}"
165.283409,start,w0!w000555__freemium,freemium,4,468,plb_nclass,own_pool,freemium,freemium,under_theta,"{""enterprise"": 2, ""freemium"": 2, ""mixed"": 0, ""premium"": 4}","{""0"": 10, ""1"": 9, ""2"": 9, ""3"": 10, ""4"": 9, ""5"": 8, ""6"": 10, ""7"": 10}","{""0"": {""enterprise"": 1, ""freemium"": 7, ""premium"": 2}, ""1"": {""premium"": 6, ""freemium"": 3}, ""2"": {""freemium"": 5, ""premium"": 2, ""enterprise"": 2}, ""3"": {""freemium"": 0, ""enterprise"": 10}, ""4"": {""enterprise"": 0, ""freemium"": 7, ""premium"": 2}, ""5"": {""premium"": 3, ""enterprise"": 0, ""freemium"": 5}, ""6"": {""enterprise"": 10, ""freemium"": 0, ""premium"": 0}, ""7"": {""premium"": 7, ""freemium"": 3}}"
165.569997,finish,w0!w000486__enterprise,enterprise,3,357,plb_nclass,finish,,,,"{""enterprise"": 2, ""freemium"": 2, ""mixed"": 0, ""premium"": 4}","{""0"": 10, ""1"": 9, ""2"": 9, ""3"": 9, ""4"": 9, ""5"": 8, ""6"": 10, ""7"": 10}","{""0"": {""enterprise"": 1, ""freemium"": 7, ""premium"": 2}, ""1"": {""premium"": 6, ""freemium"": 3}, ""2"": {""freemium"": 5, ""premium"": 2, ""enterprise"": 2}, ""3"": {""freemium"": 0, ""enterprise"": 9}, ""4"": {""enterprise"": 0, ""freemium"": 7, ""premium"": 2}, ""5"": {""premium"": 3, ""enterprise"": 0, ""freemium"": 5}, ""6"": {""enterprise"": 10, ""freemium"": 0, ""premium"": 0}, ""7"": {""premium"": 7, ""freemium"": 3}}"
165.647047,start,w0!w000556__premium,premium,1,178,plb_nclass,own_pool,premium,premium,under_theta,"{""enterprise"": 2, ""freemium"": 2, ""mixed"": 0, ""premium"": 4}","{""0"": 10, ""1"": 10, ""2"": 9, ""3"": 9, ""4"": 9, ""5"": 8, ""6"": 10, ""7"": 10}","{""0"": {""enterprise"": 1, ""freemium"": 7, ""premium"": 2}, ""1"": {""premium"": 7, ""freemium"": 3}, ""2"": {""freemium"": 5, ""premium"": 2, ""enterprise"": 2}, ""3"": {""freemium"": 0, ""enterprise"": 9}, ""4"": {""enterprise"": 0, ""freemium"": 7, ""premium"": 2}, ""5"": {""premium"": 3, ""enterprise"": 0, ""freemium"": 5}, ""6"": {""enterprise"": 10, ""freemium"": 0, ""premium"": 0}, ""7"": {""premium"": 7, ""freemium"": 3}}"
165.659419,start,w0!w000557__enterprise,enterprise,3,368,plb_nclass,own_pool,enterprise,enterprise,under_theta,"{""enterprise"": 2, ""freemium"": 2, ""mixed"": 0, ""premium"": 4}","{""0"": 10, ""1"": 10, ""2"": 9, ""3"": 10, ""4"": 9, ""5"": 8, ""6"": 10, ""7"": 10}","{""0"": {""enterprise"": 1, ""freemium"": 7, ""premium"": 2}, ""1"": {""premium"": 7, ""freemium"": 3}, ""2"": {""freemium"": 5, ""premium"": 2, ""enterprise"": 2}, ""3"": {""freemium"": 0, ""enterprise"": 10}, ""4"": {""enterprise"": 0, ""freemium"": 7, ""premium"": 2}, ""5"": {""premium"": 3, ""enterprise"": 0, ""freemium"": 5}, ""6"": {""enterprise"": 10, ""freemium"": 0, ""premium"": 0}, ""7"": {""premium"": 7, ""freemium"": 3}}"
165.673071,finish,w0!w000460__enterprise,enterprise,0,58,plb_nclass,finish,,,,"{""enterprise"": 2, ""freemium"": 2, ""mixed"": 0, ""premium"": 4}","{""0"": 9, ""1"": 10, ""2"": 9, ""3"": 10, ""4"": 9, ""5"": 8, ""6"": 10, ""7"": 10}","{""0"": {""enterprise"": 0, ""freemium"": 7, ""premium"": 2}, ""1"": {""premium"": 7, ""freemium"": 3}, ""2"": {""freemium"": 5, ""premium"": 2, ""enterprise"": 2}, ""3"": {""freemium"": 0, ""enterprise"": 10}, ""4"": {""enterprise"": 0, ""freemium"": 7, ""premium"": 2}, ""5"": {""premium"": 3, ""enterprise"": 0, ""freemium"": 5}, ""6"": {""enterprise"": 10, ""freemium"": 0, ""premium"": 0}, ""7"": {""premium"": 7, ""freemium"": 3}}"
165.690543,start,w0!w000558__freemium,freemium,5,565,plb_nclass,own_pool,freemium,freemium,under_theta,"{""enterprise"": 2, ""freemium"": 2, ""mixed"": 0, ""premium"": 4}","{""0"": 9, ""1"": 10, ""2"": 9, ""3"": 10, ""4"": 9, ""5"": 9, ""6"": 10, ""7"": 10}","{""0"": {""enterprise"": 0, ""freemium"": 7, ""premium"": 2}, ""1"": {""premium"": 7, ""freemium"": 3}, ""2"": {""freemium"": 5, ""premium"": 2, ""enterprise"": 2}, ""3"": {""freemium"": 0, ""enterprise"": 10}, ""4"": {""enterprise"": 0, ""freemium"": 7, ""premium"": 2}, ""5"": {""premium"": 3, ""enterprise"": 0, ""freemium"": 6}, ""6"": {""enterprise"": 10, ""freemium"": 0, ""premium"": 0}, ""7"": {""premium"": 7, ""freemium"": 3}}"
165.70306,finish,w0!w000493__freemium,freemium,0,60,plb_nclass,finish,,,,"{""enterprise"": 2, ""freemium"": 2, ""mixed"": 0, ""premium"": 4}","{""0"": 8, ""1"": 10, ""2"": 9, ""3"": 10, ""4"": 9, ""5"": 9, ""6"": 10, ""7"": 10}","{""0"": {""enterprise"": 0, ""freemium"": 6, ""premium"": 2}, ""1"": {""premium"": 7, ""freemium"": 3}, ""2"": {""freemium"": 5, ""premium"": 2, ""enterprise"": 2}, ""3"": {""freemium"": 0, ""enterprise"": 10}, ""4"": {""enterprise"": 0, ""freemium"": 7, ""premium"": 2}, ""5"": {""premium"": 3, ""enterprise"": 0, ""freemium"": 6}, ""6"": {""enterprise"": 10, ""freemium"": 0, ""premium"": 0}, ""7"": {""premium"": 7, ""freemium"": 3}}"
165.82547,start,w0!w000559__premium,premium,0,70,plb_nclass,own_pool,premium,premium,under_theta,"{""enterprise"": 2, ""freemium"": 2, ""mixed"": 0, ""premium"": 4}","{""0"": 9, ""1"": 10, ""2"": 9, ""3"": 10, ""4"": 9, ""5"": 9, ""6"": 10, ""7"": 10}","{""0"": {""enterprise"": 0, ""freemium"": 6, ""premium"": 3}, ""1"": {""premium"": 7, ""freemium"": 3}, ""2"": {""freemium"": 5, ""premium"": 2, ""enterprise"": 2}, ""3"": {""freemium"": 0, ""enterprise"": 10}, ""4"": {""enterprise"": 0, ""freemium"": 7, ""premium"": 2}, ""5"": {""premium"": 3, ""enterprise"": 0, ""freemium"": 6}, ""6"": {""enterprise"": 10, ""freemium"": 0, ""premium"": 0}, ""7"": {""premium"": 7, ""freemium"": 3}}"
166.078803,finish,w0!w000468__premium,premium,4,460,plb_nclass,finish,,,,"{""enterprise"": 2, ""freemium"": 2, ""mixed"": 0, ""premium"": 4}","{""0"": 9, ""1"": 10, ""2"": 9, ""3"": 10, ""4"": 8, ""5"": 9, ""6"": 10, ""7"": 10}","{""0"": {""enterprise"": 0, ""freemium"": 6, ""premium"": 3}, ""1"": {""premium"": 7, ""freemium"": 3}, ""2"": {""freemium"": 5, ""premium"": 2, ""enterprise"": 2}, ""3"": {""freemium"": 0, ""enterprise"": 10}, ""4"": {""enterprise"": 0, ""freemium"": 7, ""premium"": 1}, ""5"": {""premium"": 3, ""enterprise"": 0, ""freemium"": 6}, ""6"": {""enterprise"": 10, ""freemium"": 0, ""premium"": 0}, ""7"": {""premium"": 7, ""freemium"": 3}}"
166.102656,start,w0!w000560__freemium,freemium,4,469,plb_nclass,own_pool,freemium,freemium,under_theta,"{""enterprise"": 2, ""freemium"": 2, ""mixed"": 0, ""premium"": 4}","{""0"": 9, ""1"": 10, ""2"": 9, ""3"": 10, ""4"": 9, ""5"": 9, ""6"": 10, ""7"": 10}","{""0"": {""enterprise"": 0, ""freemium"": 6, ""premium"": 3}, ""1"": {""premium"": 7, ""freemium"": 3}, ""2"": {""freemium"": 5, ""premium"": 2, ""enterprise"": 2}, ""3"": {""freemium"": 0, ""enterprise"": 10}, ""4"": {""enterprise"": 0, ""freemium"": 8, ""premium"": 1}, ""5"": {""premium"": 3, ""enterprise"": 0, ""freemium"": 6}, ""6"": {""enterprise"": 10, ""freemium"": 0, ""premium"": 0}, ""7"": {""premium"": 7, ""freemium"": 3}}"
166.272565,finish,w0!w000453__freemium,freemium,5,552,plb_nclass,finish,,,,"{""enterprise"": 2, ""freemium"": 2, ""mixed"": 0, ""premium"": 4}","{""0"": 9, ""1"": 10, ""2"": 9, ""3"": 10, ""4"": 9, ""5"": 8, ""6"": 10, ""7"": 10}","{""0"": {""enterprise"": 0, ""freemium"": 6, ""premium"": 3}, ""1"": {""premium"": 7, ""freemium"": 3}, ""2"": {""freemium"": 5, ""premium"": 2, ""enterprise"": 2}, ""3"": {""freemium"": 0, ""enterprise"": 10}, ""4"": {""enterprise"": 0, ""freemium"": 8, ""premium"": 1}, ""5"": {""premium"": 3, ""enterprise"": 0, ""freemium"": 5}, ""6"": {""enterprise"": 10, ""freemium"": 0, ""premium"": 0}, ""7"": {""premium"": 7, ""freemium"": 3}}"
166.44646,start,w0!w000561__premium,premium,0,71,plb_nclass,own_pool,premium,premium,under_theta,"{""enterprise"": 2, ""freemium"": 2, ""mixed"": 0, ""premium"": 4}","{""0"": 10, ""1"": 10, ""2"": 9, ""3"": 10, ""4"": 9, ""5"": 8, ""6"": 10, ""7"": 10}","{""0"": {""enterprise"": 0, ""freemium"": 6, ""premium"": 4}, ""1"": {""premium"": 7, ""freemium"": 3}, ""2"": {""freemium"": 5, ""premium"": 2, ""enterprise"": 2}, ""3"": {""freemium"": 0, ""enterprise"": 10}, ""4"": {""enterprise"": 0, ""freemium"": 8, ""premium"": 1}, ""5"": {""premium"": 3, ""enterprise"": 0, ""freemium"": 5}, ""6"": {""enterprise"": 10, ""freemium"": 0, ""premium"": 0}, ""7"": {""premium"": 7, ""freemium"": 3}}"
166.587371,finish,w0!w000476__premium,premium,5,557,plb_nclass,finish,,,,"{""enterprise"": 2, ""freemium"": 2, ""mixed"": 0, ""premium"": 4}","{""0"": 10, ""1"": 10, ""2"": 9, ""3"": 10, ""4"": 9, ""5"": 7, ""6"": 10, ""7"": 10}","{""0"": {""enterprise"": 0, ""freemium"": 6, ""premium"": 4}, ""1"": {""premium"": 7, ""freemium"": 3}, ""2"": {""freemium"": 5, ""premium"": 2, ""enterprise"": 2}, ""3"": {""freemium"": 0, ""enterprise"": 10}, ""4"": {""enterprise"": 0, ""freemium"": 8, ""premium"": 1}, ""5"": {""premium"": 2, ""enterprise"": 0, ""freemium"": 5}, ""6"": {""enterprise"": 10, ""freemium"": 0, ""premium"": 0}, ""7"": {""premium"": 7, ""freemium"": 3}}"
166.7056,start,w0!w000562__freemium,freemium,5,566,plb_nclass,own_pool,freemium,freemium,under_theta,"{""enterprise"": 2, ""freemium"": 2, ""mixed"": 0, ""premium"": 4}","{""0"": 10, ""1"": 10, ""2"": 9, ""3"": 10, ""4"": 9, ""5"": 8, ""6"": 10, ""7"": 10}","{""0"": {""enterprise"": 0, ""freemium"": 6, ""premium"": 4}, ""1"": {""premium"": 7, ""freemium"": 3}, ""2"": {""freemium"": 5, ""premium"": 2, ""enterprise"": 2}, ""3"": {""freemium"": 0, ""enterprise"": 10}, ""4"": {""enterprise"": 0, ""freemium"": 8, ""premium"": 1}, ""5"": {""premium"": 2, ""enterprise"": 0, ""freemium"": 6}, ""6"": {""enterprise"": 10, ""freemium"": 0, ""premium"": 0}, ""7"": {""premium"": 7, ""freemium"": 3}}"
166.820482,finish,w0!w000478__freemium,freemium,7,757,plb_nclass,finish,,,,"{""enterprise"": 2, ""freemium"": 2, ""mixed"": 0, ""premium"": 4}","{""0"": 10, ""1"": 10, ""2"": 9, ""3"": 10, ""4"": 9, ""5"": 8, ""6"": 10, ""7"": 9}","{""0"": {""enterprise"": 0, ""freemium"": 6, ""premium"": 4}, ""1"": {""premium"": 7, ""freemium"": 3}, ""2"": {""freemium"": 5, ""premium"": 2, ""enterprise"": 2}, ""3"": {""freemium"": 0, ""enterprise"": 10}, ""4"": {""enterprise"": 0, ""freemium"": 8, ""premium"": 1}, ""5"": {""premium"": 2, ""enterprise"": 0, ""freemium"": 6}, ""6"": {""enterprise"": 10, ""freemium"": 0, ""premium"": 0}, ""7"": {""premium"": 7, ""freemium"": 2}}"
166.908047,start,w0!w000563__enterprise,enterprise,5,567,plb_nclass,borrow_lower,freemium,enterprise,load_first,"{""enterprise"": 3, ""freemium"": 1, ""mixed"": 0, ""premium"": 4}","{""0"": 10, ""1"": 10, ""2"": 9, ""3"": 10, ""4"": 9, ""5"": 9, ""6"": 10, ""7"": 9}","{""0"": {""enterprise"": 0, ""freemium"": 6, ""premium"": 4}, ""1"": {""premium"": 7, ""freemium"": 3}, ""2"": {""freemium"": 5, ""premium"": 2, ""enterprise"": 2}, ""3"": {""freemium"": 0, ""enterprise"": 10}, ""4"": {""enterprise"": 0, ""freemium"": 8, ""premium"": 1}, ""5"": {""premium"": 2, ""enterprise"": 1, ""freemium"": 6}, ""6"": {""enterprise"": 10, ""freemium"": 0, ""premium"": 0}, ""7"": {""premium"": 7, ""freemium"": 2}}"
166.939575,start,w0!w000564__freemium,freemium,4,470,plb_nclass,own_pool,freemium,freemium,under_theta,"{""enterprise"": 3, ""freemium"": 1, ""mixed"": 0, ""premium"": 4}","{""0"": 10, ""1"": 10, ""2"": 9, ""3"": 10, ""4"": 10, ""5"": 9, ""6"": 10, ""7"": 9}","{""0"": {""enterprise"": 0, ""freemium"": 6, ""premium"": 4}, ""1"": {""premium"": 7, ""freemium"": 3}, ""2"": {""freemium"": 5, ""premium"": 2, ""enterprise"": 2}, ""3"": {""freemium"": 0, ""enterprise"": 10}, ""4"": {""enterprise"": 0, ""freemium"": 9, ""premium"": 1}, ""5"": {""premium"": 2, ""enterprise"": 1, ""freemium"": 6}, ""6"": {""enterprise"": 10, ""freemium"": 0, ""premium"": 0}, ""7"": {""premium"": 7, ""freemium"": 2}}"
167.108549,start,w0!w000565__freemium,freemium,2,275,plb_nclass,borrow_higher_surplus,premium,freemium,safe_surplus,"{""enterprise"": 3, ""freemium"": 2, ""mixed"": 0, ""premium"": 3}","{""0"": 10, ""1"": 10, ""2"": 10, ""3"": 10, ""4"": 10, ""5"": 9, ""6"": 10, ""7"": 9}","{""0"": {""enterprise"": 0, ""freemium"": 6, ""premium"": 4}, ""1"": {""premium"": 7, ""freemium"": 3}, ""2"": {""freemium"": 6, ""premium"": 2, ""enterprise"": 2}, ""3"": {""freemium"": 0, ""enterprise"": 10}, ""4"": {""enterprise"": 0, ""freemium"": 9, ""premium"": 1}, ""5"": {""premium"": 2, ""enterprise"": 1, ""freemium"": 6}, ""6"": {""enterprise"": 10, ""freemium"": 0, ""premium"": 0}, ""7"": {""premium"": 7, ""freemium"": 2}}"
167.151953,start,w0!w000566__premium,premium,7,767,plb_nclass,own_pool,premium,premium,under_theta,"{""enterprise"": 3, ""freemium"": 2, ""mixed"": 0, ""premium"": 3}","{""0"": 10, ""1"": 10, ""2"": 10, ""3"": 10, ""4"": 10, ""5"": 9, ""6"": 10, ""7"": 10}","{""0"": {""enterprise"": 0, ""freemium"": 6, ""premium"": 4}, ""1"": {""premium"": 7, ""freemium"": 3}, ""2"": {""freemium"": 6, ""premium"": 2, ""enterprise"": 2}, ""3"": {""freemium"": 0, ""enterprise"": 10}, ""4"": {""enterprise"": 0, ""freemium"": 9, ""premium"": 1}, ""5"": {""premium"": 2, ""enterprise"": 1, ""freemium"": 6}, ""6"": {""enterprise"": 10, ""freemium"": 0, ""premium"": 0}, ""7"": {""premium"": 8, ""freemium"": 2}}"
167.253697,finish,w0!w000479__freemium,freemium,7,758,plb_nclass,finish,,,,"{""enterprise"": 3, ""freemium"": 2, ""mixed"": 0, ""premium"": 3}","{""0"": 10, ""1"": 10, ""2"": 10, ""3"": 10, ""4"": 10, ""5"": 9, ""6"": 10, ""7"": 9}","{""0"": {""enterprise"": 0, ""freemium"": 6, ""premium"": 4}, ""1"": {""premium"": 7, ""freemium"": 3}, ""2"": {""freemium"": 6, ""premium"": 2, ""enterprise"": 2}, ""3"": {""freemium"": 0, ""enterprise"": 10}, ""4"": {""enterprise"": 0, ""freemium"": 9, ""premium"": 1}, ""5"": {""premium"": 2, ""enterprise"": 1, ""freemium"": 6}, ""6"": {""enterprise"": 10, ""freemium"": 0, ""premium"": 0}, ""7"": {""premium"": 8, ""freemium"": 1}}"
167.27347,finish,w0!w000500__freemium,freemium,2,267,plb_nclass,finish,,,,"{""enterprise"": 3, ""freemium"": 2, ""mixed"": 0, ""premium"": 3}","{""0"": 10, ""1"": 10, ""2"": 9, ""3"": 10, ""4"": 10, ""5"": 9, ""6"": 10, ""7"": 9}","{""0"": {""enterprise"": 0, ""freemium"": 6, ""premium"": 4}, ""1"": {""premium"": 7, ""freemium"": 3}, ""2"": {""freemium"": 5, ""premium"": 2, ""enterprise"": 2}, ""3"": {""freemium"": 0, ""enterprise"": 10}, ""4"": {""enterprise"": 0, ""freemium"": 9, ""premium"": 1}, ""5"": {""premium"": 2, ""enterprise"": 1, ""freemium"": 6}, ""6"": {""enterprise"": 10, ""freemium"": 0, ""premium"": 0}, ""7"": {""premium"": 8, ""freemium"": 1}}"
167.332265,finish,w0!w000506__enterprise,enterprise,3,359,plb_nclass,finish,,,,"{""enterprise"": 3, ""freemium"": 2, ""mixed"": 0, ""premium"": 3}","{""0"": 10, ""1"": 10, ""2"": 9, ""3"": 9, ""4"": 10, ""5"": 9, ""6"": 10, ""7"": 9}","{""0"": {""enterprise"": 0, ""freemium"": 6, ""premium"": 4}, ""1"": {""premium"": 7, ""freemium"": 3}, ""2"": {""freemium"": 5, ""premium"": 2, ""enterprise"": 2}, ""3"": {""freemium"": 0, ""enterprise"": 9}, ""4"": {""enterprise"": 0, ""freemium"": 9, ""premium"": 1}, ""5"": {""premium"": 2, ""enterprise"": 1, ""freemium"": 6}, ""6"": {""enterprise"": 10, ""freemium"": 0, ""premium"": 0}, ""7"": {""premium"": 8, ""freemium"": 1}}"
167.35697,finish,w0!w000494__freemium,freemium,0,61,plb_nclass,finish,,,,"{""enterprise"": 3, ""freemium"": 2, ""mixed"": 0, ""premium"": 3}","{""0"": 9, ""1"": 10, ""2"": 9, ""3"": 9, ""4"": 10, ""5"": 9, ""6"": 10, ""7"": 9}","{""0"": {""enterprise"": 0, ""freemium"": 5, ""premium"": 4}, ""1"": {""premium"": 7, ""freemium"": 3}, ""2"": {""freemium"": 5, ""premium"": 2, ""enterprise"": 2}, ""3"": {""freemium"": 0, ""enterprise"": 9}, ""4"": {""enterprise"": 0, ""freemium"": 9, ""premium"": 1}, ""5"": {""premium"": 2, ""enterprise"": 1, ""freemium"": 6}, ""6"": {""enterprise"": 10, ""freemium"": 0, ""premium"": 0}, ""7"": {""premium"": 8, ""freemium"": 1}}"
167.654488,start,w0!w000567__premium,premium,0,72,plb_nclass,own_pool,premium,premium,under_theta,"{""enterprise"": 3, ""freemium"": 2, ""mixed"": 0, ""premium"": 3}","{""0"": 10, ""1"": 10, ""2"": 9, ""3"": 9, ""4"": 10, ""5"": 9, ""6"": 10, ""7"": 9}","{""0"": {""enterprise"": 0, ""freemium"": 5, ""premium"": 5}, ""1"": {""premium"": 7, ""freemium"": 3}, ""2"": {""freemium"": 5, ""premium"": 2, ""enterprise"": 2}, ""3"": {""freemium"": 0, ""enterprise"": 9}, ""4"": {""enterprise"": 0, ""freemium"": 9, ""premium"": 1}, ""5"": {""premium"": 2, ""enterprise"": 1, ""freemium"": 6}, ""6"": {""enterprise"": 10, ""freemium"": 0, ""premium"": 0}, ""7"": {""premium"": 8, ""freemium"": 1}}"
167.842663,start,w0!w000568__premium,premium,7,768,plb_nclass,own_pool,premium,premium,under_theta,"{""enterprise"": 3, ""freemium"": 2, ""mixed"": 0, ""premium"": 3}","{""0"": 10, ""1"": 10, ""2"": 9, ""3"": 9, ""4"": 10, ""5"": 9, ""6"": 10, ""7"": 10}","{""0"": {""enterprise"": 0, ""freemium"": 5, ""premium"": 5}, ""1"": {""premium"": 7, ""freemium"": 3}, ""2"": {""freemium"": 5, ""premium"": 2, ""enterprise"": 2}, ""3"": {""freemium"": 0, ""enterprise"": 9}, ""4"": {""enterprise"": 0, ""freemium"": 9, ""premium"": 1}, ""5"": {""premium"": 2, ""enterprise"": 1, ""freemium"": 6}, ""6"": {""enterprise"": 10, ""freemium"": 0, ""premium"": 0}, ""7"": {""premium"": 9, ""freemium"": 1}}"
167.946341,finish,w0!w000482__enterprise,enterprise,2,265,plb_nclass,finish,,,,"{""enterprise"": 3, ""freemium"": 2, ""mixed"": 0, ""premium"": 3}","{""0"": 10, ""1"": 10, ""2"": 8, ""3"": 9, ""4"": 10, ""5"": 9, ""6"": 10, ""7"": 10}","{""0"": {""enterprise"": 0, ""freemium"": 5, ""premium"": 5}, ""1"": {""premium"": 7, ""freemium"": 3}, ""2"": {""freemium"": 5, ""premium"": 2, ""enterprise"": 1}, ""3"": {""freemium"": 0, ""enterprise"": 9}, ""4"": {""enterprise"": 0, ""freemium"": 9, ""premium"": 1}, ""5"": {""premium"": 2, ""enterprise"": 1, ""freemium"": 6}, ""6"": {""enterprise"": 10, ""freemium"": 0, ""premium"": 0}, ""7"": {""premium"": 9, ""freemium"": 1}}"
167.974129,finish,w0!w000497__freemium,freemium,0,64,plb_nclass,finish,,,,"{""enterprise"": 3, ""freemium"": 2, ""mixed"": 0, ""premium"": 3}","{""0"": 9, ""1"": 10, ""2"": 8, ""3"": 9, ""4"": 10, ""5"": 9, ""6"": 10, ""7"": 10}","{""0"": {""enterprise"": 0, ""freemium"": 4, ""premium"": 5}, ""1"": {""premium"": 7, ""freemium"": 3}, ""2"": {""freemium"": 5, ""premium"": 2, ""enterprise"": 1}, ""3"": {""freemium"": 0, ""enterprise"": 9}, ""4"": {""enterprise"": 0, ""freemium"": 9, ""premium"": 1}, ""5"": {""premium"": 2, ""enterprise"": 1, ""freemium"": 6}, ""6"": {""enterprise"": 10, ""freemium"": 0, ""premium"": 0}, ""7"": {""premium"": 9, ""freemium"": 1}}"
168.093819,finish,w0!w000461__premium,premium,4,458,plb_nclass,finish,,,,"{""enterprise"": 3, ""freemium"": 2, ""mixed"": 0, ""premium"": 3}","{""0"": 9, ""1"": 10, ""2"": 8, ""3"": 9, ""4"": 9, ""5"": 9, ""6"": 10, ""7"": 10}","{""0"": {""enterprise"": 0, ""freemium"": 4, ""premium"": 5}, ""1"": {""premium"": 7, ""freemium"": 3}, ""2"": {""freemium"": 5, ""premium"": 2, ""enterprise"": 1}, ""3"": {""freemium"": 0, ""enterprise"": 9}, ""4"": {""enterprise"": 0, ""freemium"": 9, ""premium"": 0}, ""5"": {""premium"": 2, ""enterprise"": 1, ""freemium"": 6}, ""6"": {""enterprise"": 10, ""freemium"": 0, ""premium"": 0}, ""7"": {""premium"": 9, ""freemium"": 1}}"
168.516183,finish,w0!w000467__enterprise,enterprise,2,262,plb_nclass,finish,,,,"{""enterprise"": 3, ""freemium"": 2, ""mixed"": 0, ""premium"": 3}","{""0"": 9, ""1"": 10, ""2"": 7, ""3"": 9, ""4"": 9, ""5"": 9, ""6"": 10, ""7"": 10}","{""0"": {""enterprise"": 0, ""freemium"": 4, ""premium"": 5}, ""1"": {""premium"": 7, ""freemium"": 3}, ""2"": {""freemium"": 5, ""premium"": 2, ""enterprise"": 0}, ""3"": {""freemium"": 0, ""enterprise"": 9}, ""4"": {""enterprise"": 0, ""freemium"": 9, ""premium"": 0}, ""5"": {""premium"": 2, ""enterprise"": 1, ""freemium"": 6}, ""6"": {""enterprise"": 10, ""freemium"": 0, ""premium"": 0}, ""7"": {""premium"": 9, ""freemium"": 1}}"
168.665468,start,w0!w000569__freemium,freemium,2,276,plb_nclass,own_pool,freemium,freemium,under_theta,"{""enterprise"": 3, ""freemium"": 2, ""mixed"": 0, ""premium"": 3}","{""0"": 9, ""1"": 10, ""2"": 8, ""3"": 9, ""4"": 9, ""5"": 9, ""6"": 10, ""7"": 10}","{""0"": {""enterprise"": 0, ""freemium"": 4, ""premium"": 5}, ""1"": {""premium"": 7, ""freemium"": 3}, ""2"": {""freemium"": 6, ""premium"": 2, ""enterprise"": 0}, ""3"": {""freemium"": 0, ""enterprise"": 9}, ""4"": {""enterprise"": 0, ""freemium"": 9, ""premium"": 0}, ""5"": {""premium"": 2, ""enterprise"": 1, ""freemium"": 6}, ""6"": {""enterprise"": 10, ""freemium"": 0, ""premium"": 0}, ""7"": {""premium"": 9, ""freemium"": 1}}"
168.772641,start,w0!w000570__enterprise,enterprise,3,369,plb_nclass,own_pool,enterprise,enterprise,under_theta,"{""enterprise"": 3, ""freemium"": 2, ""mixed"": 0, ""premium"": 3}","{""0"": 9, ""1"": 10, ""2"": 8, ""3"": 10, ""4"": 9, ""5"": 9, ""6"": 10, ""7"": 10}","{""0"": {""enterprise"": 0, ""freemium"": 4, ""premium"": 5}, ""1"": {""premium"": 7, ""freemium"": 3}, ""2"": {""freemium"": 6, ""premium"": 2, ""enterprise"": 0}, ""3"": {""freemium"": 0, ""enterprise"": 10}, ""4"": {""enterprise"": 0, ""freemium"": 9, ""premium"": 0}, ""5"": {""premium"": 2, ""enterprise"": 1, ""freemium"": 6}, ""6"": {""enterprise"": 10, ""freemium"": 0, ""premium"": 0}, ""7"": {""premium"": 9, ""freemium"": 1}}"
168.819211,finish,w0!w000471__freemium,freemium,7,754,plb_nclass,finish,,,,"{""enterprise"": 3, ""freemium"": 2, ""mixed"": 0, ""premium"": 3}","{""0"": 9, ""1"": 10, ""2"": 8, ""3"": 10, ""4"": 9, ""5"": 9, ""6"": 10, ""7"": 9}","{""0"": {""enterprise"": 0, ""freemium"": 4, ""premium"": 5}, ""1"": {""premium"": 7, ""freemium"": 3}, ""2"": {""freemium"": 6, ""premium"": 2, ""enterprise"": 0}, ""3"": {""freemium"": 0, ""enterprise"": 10}, ""4"": {""enterprise"": 0, ""freemium"": 9, ""premium"": 0}, ""5"": {""premium"": 2, ""enterprise"": 1, ""freemium"": 6}, ""6"": {""enterprise"": 10, ""freemium"": 0, ""premium"": 0}, ""7"": {""premium"": 9, ""freemium"": 0}}"
168.868368,finish,w0!w000521__freemium,freemium,2,271,plb_nclass,finish,,,,"{""enterprise"": 3, ""freemium"": 2, ""mixed"": 0, ""premium"": 3}","{""0"": 9, ""1"": 10, ""2"": 7, ""3"": 10, ""4"": 9, ""5"": 9, ""6"": 10, ""7"": 9}","{""0"": {""enterprise"": 0, ""freemium"": 4, ""premium"": 5}, ""1"": {""premium"": 7, ""freemium"": 3}, ""2"": {""freemium"": 5, ""premium"": 2, ""enterprise"": 0}, ""3"": {""freemium"": 0, ""enterprise"": 10}, ""4"": {""enterprise"": 0, ""freemium"": 9, ""premium"": 0}, ""5"": {""premium"": 2, ""enterprise"": 1, ""freemium"": 6}, ""6"": {""enterprise"": 10, ""freemium"": 0, ""premium"": 0}, ""7"": {""premium"": 9, ""freemium"": 0}}"
169.143982,finish,w0!w000516__enterprise,enterprise,6,656,plb_nclass,finish,,,,"{""enterprise"": 3, ""freemium"": 2, ""mixed"": 0, ""premium"": 3}","{""0"": 9, ""1"": 10, ""2"": 7, ""3"": 10, ""4"": 9, ""5"": 9, ""6"": 9, ""7"": 9}","{""0"": {""enterprise"": 0, ""freemium"": 4, ""premium"": 5}, ""1"": {""premium"": 7, ""freemium"": 3}, ""2"": {""freemium"": 5, ""premium"": 2, ""enterprise"": 0}, ""3"": {""freemium"": 0, ""enterprise"": 10}, ""4"": {""enterprise"": 0, ""freemium"": 9, ""premium"": 0}, ""5"": {""premium"": 2, ""enterprise"": 1, ""freemium"": 6}, ""6"": {""enterprise"": 9, ""freemium"": 0, ""premium"": 0}, ""7"": {""premium"": 9, ""freemium"": 0}}"
169.294649,finish,w0!w000519__enterprise,enterprise,6,657,plb_nclass,finish,,,,"{""enterprise"": 3, ""freemium"": 2, ""mixed"": 0, ""premium"": 3}","{""0"": 9, ""1"": 10, ""2"": 7, ""3"": 10, ""4"": 9, ""5"": 9, ""6"": 8, ""7"": 9}","{""0"": {""enterprise"": 0, ""freemium"": 4, ""premium"": 5}, ""1"": {""premium"": 7, ""freemium"": 3}, ""2"": {""freemium"": 5, ""premium"": 2, ""enterprise"": 0}, ""3"": {""freemium"": 0, ""enterprise"": 10}, ""4"": {""enterprise"": 0, ""freemium"": 9, ""premium"": 0}, ""5"": {""premium"": 2, ""enterprise"": 1, ""freemium"": 6}, ""6"": {""enterprise"": 8, ""freemium"": 0, ""premium"": 0}, ""7"": {""premium"": 9, ""freemium"": 0}}"
169.298722,start,w0!w000571__enterprise,enterprise,6,664,plb_nclass,own_pool,enterprise,enterprise,under_theta,"{""enterprise"": 3, ""freemium"": 2, ""mixed"": 0, ""premium"": 3}","{""0"": 9, ""1"": 10, ""2"": 7, ""3"": 10, ""4"": 9, ""5"": 9, ""6"": 9, ""7"": 9}","{""0"": {""enterprise"": 0, ""freemium"": 4, ""premium"": 5}, ""1"": {""premium"": 7, ""freemium"": 3}, ""2"": {""freemium"": 5, ""premium"": 2, ""enterprise"": 0}, ""3"": {""freemium"": 0, ""enterprise"": 10}, ""4"": {""enterprise"": 0, ""freemium"": 9, ""premium"": 0}, ""5"": {""premium"": 2, ""enterprise"": 1, ""freemium"": 6}, ""6"": {""enterprise"": 9, ""freemium"": 0, ""premium"": 0}, ""7"": {""premium"": 9, ""freemium"": 0}}"
169.452761,start,w0!w000572__premium,premium,0,73,plb_nclass,own_pool,premium,premium,under_theta,"{""enterprise"": 3, ""freemium"": 2, ""mixed"": 0, ""premium"": 3}","{""0"": 10, ""1"": 10, ""2"": 7, ""3"": 10, ""4"": 9, ""5"": 9, ""6"": 9, ""7"": 9}","{""0"": {""enterprise"": 0, ""freemium"": 4, ""premium"": 6}, ""1"": {""premium"": 7, ""freemium"": 3}, ""2"": {""freemium"": 5, ""premium"": 2, ""enterprise"": 0}, ""3"": {""freemium"": 0, ""enterprise"": 10}, ""4"": {""enterprise"": 0, ""freemium"": 9, ""premium"": 0}, ""5"": {""premium"": 2, ""enterprise"": 1, ""freemium"": 6}, ""6"": {""enterprise"": 9, ""freemium"": 0, ""premium"": 0}, ""7"": {""premium"": 9, ""freemium"": 0}}"
169.964699,finish,w0!w000504__freemium,freemium,1,170,plb_nclass,finish,,,,"{""enterprise"": 3, ""freemium"": 2, ""mixed"": 0, ""premium"": 3}","{""0"": 10, ""1"": 9, ""2"": 7, ""3"": 10, ""4"": 9, ""5"": 9, ""6"": 9, ""7"": 9}","{""0"": {""enterprise"": 0, ""freemium"": 4, ""premium"": 6}, ""1"": {""premium"": 7, ""freemium"": 2}, ""2"": {""freemium"": 5, ""premium"": 2, ""enterprise"": 0}, ""3"": {""freemium"": 0, ""enterprise"": 10}, ""4"": {""enterprise"": 0, ""freemium"": 9, ""premium"": 0}, ""5"": {""premium"": 2, ""enterprise"": 1, ""freemium"": 6}, ""6"": {""enterprise"": 9, ""freemium"": 0, ""premium"": 0}, ""7"": {""premium"": 9, ""freemium"": 0}}"
169.980451,start,w0!w000573__freemium,freemium,2,277,plb_nclass,own_pool,freemium,freemium,under_theta,"{""enterprise"": 3, ""freemium"": 2, ""mixed"": 0, ""premium"": 3}","{""0"": 10, ""1"": 9, ""2"": 8, ""3"": 10, ""4"": 9, ""5"": 9, ""6"": 9, ""7"": 9}","{""0"": {""enterprise"": 0, ""freemium"": 4, ""premium"": 6}, ""1"": {""premium"": 7, ""freemium"": 2}, ""2"": {""freemium"": 6, ""premium"": 2, ""enterprise"": 0}, ""3"": {""freemium"": 0, ""enterprise"": 10}, ""4"": {""enterprise"": 0, ""freemium"": 9, ""premium"": 0}, ""5"": {""premium"": 2, ""enterprise"": 1, ""freemium"": 6}, ""6"": {""enterprise"": 9, ""freemium"": 0, ""premium"": 0}, ""7"": {""premium"": 9, ""freemium"": 0}}"
170.121597,finish,w0!w000508__premium,premium,7,761,plb_nclass,finish,,,,"{""enterprise"": 3, ""freemium"": 2, ""mixed"": 0, ""premium"": 3}","{""0"": 10, ""1"": 9, ""2"": 8, ""3"": 10, ""4"": 9, ""5"": 9, ""6"": 9, ""7"": 8}","{""0"": {""enterprise"": 0, ""freemium"": 4, ""premium"": 6}, ""1"": {""premium"": 7, ""freemium"": 2}, ""2"": {""freemium"": 6, ""premium"": 2, ""enterprise"": 0}, ""3"": {""freemium"": 0, ""enterprise"": 10}, ""4"": {""enterprise"": 0, ""freemium"": 9, ""premium"": 0}, ""5"": {""premium"": 2, ""enterprise"": 1, ""freemium"": 6}, ""6"": {""enterprise"": 9, ""freemium"": 0, ""premium"": 0}, ""7"": {""premium"": 8, ""freemium"": 0}}"
170.1879,start,w0!w000574__freemium,freemium,2,278,plb_nclass,own_pool,freemium,freemium,under_theta,"{""enterprise"": 3, ""freemium"": 2, ""mixed"": 0, ""premium"": 3}","{""0"": 10, ""1"": 9, ""2"": 9, ""3"": 10, ""4"": 9, ""5"": 9, ""6"": 9, ""7"": 8}","{""0"": {""enterprise"": 0, ""freemium"": 4, ""premium"": 6}, ""1"": {""premium"": 7, ""freemium"": 2}, ""2"": {""freemium"": 7, ""premium"": 2, ""enterprise"": 0}, ""3"": {""freemium"": 0, ""enterprise"": 10}, ""4"": {""enterprise"": 0, ""freemium"": 9, ""premium"": 0}, ""5"": {""premium"": 2, ""enterprise"": 1, ""freemium"": 6}, ""6"": {""enterprise"": 9, ""freemium"": 0, ""premium"": 0}, ""7"": {""premium"": 8, ""freemium"": 0}}"
170.40057,finish,w0!w000498__freemium,freemium,1,169,plb_nclass,finish,,,,"{""enterprise"": 3, ""freemium"": 2, ""mixed"": 0, ""premium"": 3}","{""0"": 10, ""1"": 8, ""2"": 9, ""3"": 10, ""4"": 9, ""5"": 9, ""6"": 9, ""7"": 8}","{""0"": {""enterprise"": 0, ""freemium"": 4, ""premium"": 6}, ""1"": {""premium"": 7, ""freemium"": 1}, ""2"": {""freemium"": 7, ""premium"": 2, ""enterprise"": 0}, ""3"": {""freemium"": 0, ""enterprise"": 10}, ""4"": {""enterprise"": 0, ""freemium"": 9, ""premium"": 0}, ""5"": {""premium"": 2, ""enterprise"": 1, ""freemium"": 6}, ""6"": {""enterprise"": 9, ""freemium"": 0, ""premium"": 0}, ""7"": {""premium"": 8, ""freemium"": 0}}"
170.783262,finish,w0!w000501__enterprise,enterprise,3,358,plb_nclass,finish,,,,"{""enterprise"": 3, ""freemium"": 2, ""mixed"": 0, ""premium"": 3}","{""0"": 10, ""1"": 8, ""2"": 9, ""3"": 9, ""4"": 9, ""5"": 9, ""6"": 9, ""7"": 8}","{""0"": {""enterprise"": 0, ""freemium"": 4, ""premium"": 6}, ""1"": {""premium"": 7, ""freemium"": 1}, ""2"": {""freemium"": 7, ""premium"": 2, ""enterprise"": 0}, ""3"": {""freemium"": 0, ""enterprise"": 9}, ""4"": {""enterprise"": 0, ""freemium"": 9, ""premium"": 0}, ""5"": {""premium"": 2, ""enterprise"": 1, ""freemium"": 6}, ""6"": {""enterprise"": 9, ""freemium"": 0, ""premium"": 0}, ""7"": {""premium"": 8, ""freemium"": 0}}"
170.928828,finish,w0!w000532__enterprise,enterprise,3,363,plb_nclass,finish,,,,"{""enterprise"": 3, ""freemium"": 2, ""mixed"": 0, ""premium"": 3}","{""0"": 10, ""1"": 8, ""2"": 9, ""3"": 8, ""4"": 9, ""5"": 9, ""6"": 9, ""7"": 8}","{""0"": {""enterprise"": 0, ""freemium"": 4, ""premium"": 6}, ""1"": {""premium"": 7, ""freemium"": 1}, ""2"": {""freemium"": 7, ""premium"": 2, ""enterprise"": 0}, ""3"": {""freemium"": 0, ""enterprise"": 8}, ""4"": {""enterprise"": 0, ""freemium"": 9, ""premium"": 0}, ""5"": {""premium"": 2, ""enterprise"": 1, ""freemium"": 6}, ""6"": {""enterprise"": 9, ""freemium"": 0, ""premium"": 0}, ""7"": {""premium"": 8, ""freemium"": 0}}"
171.085154,start,w0!w000575__premium,premium,1,179,plb_nclass,own_pool,premium,premium,under_theta,"{""enterprise"": 3, ""freemium"": 2, ""mixed"": 0, ""premium"": 3}","{""0"": 10, ""1"": 9, ""2"": 9, ""3"": 8, ""4"": 9, ""5"": 9, ""6"": 9, ""7"": 8}","{""0"": {""enterprise"": 0, ""freemium"": 4, ""premium"": 6}, ""1"": {""premium"": 8, ""freemium"": 1}, ""2"": {""freemium"": 7, ""premium"": 2, ""enterprise"": 0}, ""3"": {""freemium"": 0, ""enterprise"": 8}, ""4"": {""enterprise"": 0, ""freemium"": 9, ""premium"": 0}, ""5"": {""premium"": 2, ""enterprise"": 1, ""freemium"": 6}, ""6"": {""enterprise"": 9, ""freemium"": 0, ""premium"": 0}, ""7"": {""premium"": 8, ""freemium"": 0}}"
171.161514,start,w0!w000576__premium,premium,7,769,plb_nclass,own_pool,premium,premium,under_theta,"{""enterprise"": 3, ""freemium"": 2, ""mixed"": 0, ""premium"": 3}","{""0"": 10, ""1"": 9, ""2"": 9, ""3"": 8, ""4"": 9, ""5"": 9, ""6"": 9, ""7"": 9}","{""0"": {""enterprise"": 0, ""freemium"": 4, ""premium"": 6}, ""1"": {""premium"": 8, ""freemium"": 1}, ""2"": {""freemium"": 7, ""premium"": 2, ""enterprise"": 0}, ""3"": {""freemium"": 0, ""enterprise"": 8}, ""4"": {""enterprise"": 0, ""freemium"": 9, ""premium"": 0}, ""5"": {""premium"": 2, ""enterprise"": 1, ""freemium"": 6}, ""6"": {""enterprise"": 9, ""freemium"": 0, ""premium"": 0}, ""7"": {""premium"": 9, ""freemium"": 0}}"
171.204303,finish,w0!w000481__freemium,freemium,4,461,plb_nclass,finish,,,,"{""enterprise"": 3, ""freemium"": 2, ""mixed"": 0, ""premium"": 3}","{""0"": 10, ""1"": 9, ""2"": 9, ""3"": 8, ""4"": 8, ""5"": 9, ""6"": 9, ""7"": 9}","{""0"": {""enterprise"": 0, ""freemium"": 4, ""premium"": 6}, ""1"": {""premium"": 8, ""freemium"": 1}, ""2"": {""freemium"": 7, ""premium"": 2, ""enterprise"": 0}, ""3"": {""freemium"": 0, ""enterprise"": 8}, ""4"": {""enterprise"": 0, ""freemium"": 8, ""premium"": 0}, ""5"": {""premium"": 2, ""enterprise"": 1, ""freemium"": 6}, ""6"": {""enterprise"": 9, ""freemium"": 0, ""premium"": 0}, ""7"": {""premium"": 9, ""freemium"": 0}}"
171.207071,start,w0!w000577__enterprise,enterprise,3,370,plb_nclass,own_pool,enterprise,enterprise,under_theta,"{""enterprise"": 3, ""freemium"": 2, ""mixed"": 0, ""premium"": 3}","{""0"": 10, ""1"": 9, ""2"": 9, ""3"": 9, ""4"": 8, ""5"": 9, ""6"": 9, ""7"": 9}","{""0"": {""enterprise"": 0, ""freemium"": 4, ""premium"": 6}, ""1"": {""premium"": 8, ""freemium"": 1}, ""2"": {""freemium"": 7, ""premium"": 2, ""enterprise"": 0}, ""3"": {""freemium"": 0, ""enterprise"": 9}, ""4"": {""enterprise"": 0, ""freemium"": 8, ""premium"": 0}, ""5"": {""premium"": 2, ""enterprise"": 1, ""freemium"": 6}, ""6"": {""enterprise"": 9, ""freemium"": 0, ""premium"": 0}, ""7"": {""premium"": 9, ""freemium"": 0}}"
171.23642,finish,w0!w000525__premium,premium,1,175,plb_nclass,finish,,,,"{""enterprise"": 3, ""freemium"": 2, ""mixed"": 0, ""premium"": 3}","{""0"": 10, ""1"": 8, ""2"": 9, ""3"": 9, ""4"": 8, ""5"": 9, ""6"": 9, ""7"": 9}","{""0"": {""enterprise"": 0, ""freemium"": 4, ""premium"": 6}, ""1"": {""premium"": 7, ""freemium"": 1}, ""2"": {""freemium"": 7, ""premium"": 2, ""enterprise"": 0}, ""3"": {""freemium"": 0, ""enterprise"": 9}, ""4"": {""enterprise"": 0, ""freemium"": 8, ""premium"": 0}, ""5"": {""premium"": 2, ""enterprise"": 1, ""freemium"": 6}, ""6"": {""enterprise"": 9, ""freemium"": 0, ""premium"": 0}, ""7"": {""premium"": 9, ""freemium"": 0}}"
171.382939,finish,w0!w000513__freemium,freemium,0,65,plb_nclass,finish,,,,"{""enterprise"": 3, ""freemium"": 2, ""mixed"": 0, ""premium"": 3}","{""0"": 9, ""1"": 8, ""2"": 9, ""3"": 9, ""4"": 8, ""5"": 9, ""6"": 9, ""7"": 9}","{""0"": {""enterprise"": 0, ""freemium"": 3, ""premium"": 6}, ""1"": {""premium"": 7, ""freemium"": 1}, ""2"": {""freemium"": 7, ""premium"": 2, ""enterprise"": 0}, ""3"": {""freemium"": 0, ""enterprise"": 9}, ""4"": {""enterprise"": 0, ""freemium"": 8, ""premium"": 0}, ""5"": {""premium"": 2, ""enterprise"": 1, ""freemium"": 6}, ""6"": {""enterprise"": 9, ""freemium"": 0, ""premium"": 0}, ""7"": {""premium"": 9, ""freemium"": 0}}"
171.50244,start,w0!w000578__freemium,freemium,4,471,plb_nclass,own_pool,freemium,freemium,under_theta,"{""enterprise"": 3, ""freemium"": 2, ""mixed"": 0, ""premium"": 3}","{""0"": 9, ""1"": 8, ""2"": 9, ""3"": 9, ""4"": 9, ""5"": 9, ""6"": 9, ""7"": 9}","{""0"": {""enterprise"": 0, ""freemium"": 3, ""premium"": 6}, ""1"": {""premium"": 7, ""freemium"": 1}, ""2"": {""freemium"": 7, ""premium"": 2, ""enterprise"": 0}, ""3"": {""freemium"": 0, ""enterprise"": 9}, ""4"": {""enterprise"": 0, ""freemium"": 9, ""premium"": 0}, ""5"": {""premium"": 2, ""enterprise"": 1, ""freemium"": 6}, ""6"": {""enterprise"": 9, ""freemium"": 0, ""premium"": 0}, ""7"": {""premium"": 9, ""freemium"": 0}}"
171.579546,finish,w0!w000496__freemium,freemium,0,63,plb_nclass,finish,,,,"{""enterprise"": 3, ""freemium"": 2, ""mixed"": 0, ""premium"": 3}","{""0"": 8, ""1"": 8, ""2"": 9, ""3"": 9, ""4"": 9, ""5"": 9, ""6"": 9, ""7"": 9}","{""0"": {""enterprise"": 0, ""freemium"": 2, ""premium"": 6}, ""1"": {""premium"": 7, ""freemium"": 1}, ""2"": {""freemium"": 7, ""premium"": 2, ""enterprise"": 0}, ""3"": {""freemium"": 0, ""enterprise"": 9}, ""4"": {""enterprise"": 0, ""freemium"": 9, ""premium"": 0}, ""5"": {""premium"": 2, ""enterprise"": 1, ""freemium"": 6}, ""6"": {""enterprise"": 9, ""freemium"": 0, ""premium"": 0}, ""7"": {""premium"": 9, ""freemium"": 0}}"
171.710195,start,w0!w000579__premium,premium,0,74,plb_nclass,own_pool,premium,premium,under_theta,"{""enterprise"": 3, ""freemium"": 2, ""mixed"": 0, ""premium"": 3}","{""0"": 9, ""1"": 8, ""2"": 9, ""3"": 9, ""4"": 9, ""5"": 9, ""6"": 9, ""7"": 9}","{""0"": {""enterprise"": 0, ""freemium"": 2, ""premium"": 7}, ""1"": {""premium"": 7, ""freemium"": 1}, ""2"": {""freemium"": 7, ""premium"": 2, ""enterprise"": 0}, ""3"": {""freemium"": 0, ""enterprise"": 9}, ""4"": {""enterprise"": 0, ""freemium"": 9, ""premium"": 0}, ""5"": {""premium"": 2, ""enterprise"": 1, ""freemium"": 6}, ""6"": {""enterprise"": 9, ""freemium"": 0, ""premium"": 0}, ""7"": {""premium"": 9, ""freemium"": 0}}"
171.731641,start,w0!w000580__freemium,freemium,2,279,plb_nclass,own_pool,freemium,freemium,under_theta,"{""enterprise"": 3, ""freemium"": 2, ""mixed"": 0, ""premium"": 3}","{""0"": 9, ""1"": 8, ""2"": 10, ""3"": 9, ""4"": 9, ""5"": 9, ""6"": 9, ""7"": 9}","{""0"": {""enterprise"": 0, ""freemium"": 2, ""premium"": 7}, ""1"": {""premium"": 7, ""freemium"": 1}, ""2"": {""freemium"": 8, ""premium"": 2, ""enterprise"": 0}, ""3"": {""freemium"": 0, ""enterprise"": 9}, ""4"": {""enterprise"": 0, ""freemium"": 9, ""premium"": 0}, ""5"": {""premium"": 2, ""enterprise"": 1, ""freemium"": 6}, ""6"": {""enterprise"": 9, ""freemium"": 0, ""premium"": 0}, ""7"": {""premium"": 9, ""freemium"": 0}}"
171.734123,start,w0!w000581__premium,premium,1,180,plb_nclass,own_pool,premium,premium,under_theta,"{""enterprise"": 3, ""freemium"": 2, ""mixed"": 0, ""premium"": 3}","{""0"": 9, ""1"": 9, ""2"": 10, ""3"": 9, ""4"": 9, ""5"": 9, ""6"": 9, ""7"": 9}","{""0"": {""enterprise"": 0, ""freemium"": 2, ""premium"": 7}, ""1"": {""premium"": 8, ""freemium"": 1}, ""2"": {""freemium"": 8, ""premium"": 2, ""enterprise"": 0}, ""3"": {""freemium"": 0, ""enterprise"": 9}, ""4"": {""enterprise"": 0, ""freemium"": 9, ""premium"": 0}, ""5"": {""premium"": 2, ""enterprise"": 1, ""freemium"": 6}, ""6"": {""enterprise"": 9, ""freemium"": 0, ""premium"": 0}, ""7"": {""premium"": 9, ""freemium"": 0}}"
172.148848,finish,w0!w000490__freemium,freemium,4,463,plb_nclass,finish,,,,"{""enterprise"": 3, ""freemium"": 2, ""mixed"": 0, ""premium"": 3}","{""0"": 9, ""1"": 9, ""2"": 10, ""3"": 9, ""4"": 8, ""5"": 9, ""6"": 9, ""7"": 9}","{""0"": {""enterprise"": 0, ""freemium"": 2, ""premium"": 7}, ""1"": {""premium"": 8, ""freemium"": 1}, ""2"": {""freemium"": 8, ""premium"": 2, ""enterprise"": 0}, ""3"": {""freemium"": 0, ""enterprise"": 9}, ""4"": {""enterprise"": 0, ""freemium"": 8, ""premium"": 0}, ""5"": {""premium"": 2, ""enterprise"": 1, ""freemium"": 6}, ""6"": {""enterprise"": 9, ""freemium"": 0, ""premium"": 0}, ""7"": {""premium"": 9, ""freemium"": 0}}"
172.302687,start,w0!w000582__enterprise,enterprise,3,371,plb_nclass,own_pool,enterprise,enterprise,under_theta,"{""enterprise"": 3, ""freemium"": 2, ""mixed"": 0, ""premium"": 3}","{""0"": 9, ""1"": 9, ""2"": 10, ""3"": 10, ""4"": 8, ""5"": 9, ""6"": 9, ""7"": 9}","{""0"": {""enterprise"": 0, ""freemium"": 2, ""premium"": 7}, ""1"": {""premium"": 8, ""freemium"": 1}, ""2"": {""freemium"": 8, ""premium"": 2, ""enterprise"": 0}, ""3"": {""freemium"": 0, ""enterprise"": 10}, ""4"": {""enterprise"": 0, ""freemium"": 8, ""premium"": 0}, ""5"": {""premium"": 2, ""enterprise"": 1, ""freemium"": 6}, ""6"": {""enterprise"": 9, ""freemium"": 0, ""premium"": 0}, ""7"": {""premium"": 9, ""freemium"": 0}}"
172.315421,finish,w0!w000509__premium,premium,1,171,plb_nclass,finish,,,,"{""enterprise"": 3, ""freemium"": 2, ""mixed"": 0, ""premium"": 3}","{""0"": 9, ""1"": 8, ""2"": 10, ""3"": 10, ""4"": 8, ""5"": 9, ""6"": 9, ""7"": 9}","{""0"": {""enterprise"": 0, ""freemium"": 2, ""premium"": 7}, ""1"": {""premium"": 7, ""freemium"": 1}, ""2"": {""freemium"": 8, ""premium"": 2, ""enterprise"": 0}, ""3"": {""freemium"": 0, ""enterprise"": 10}, ""4"": {""enterprise"": 0, ""freemium"": 8, ""premium"": 0}, ""5"": {""premium"": 2, ""enterprise"": 1, ""freemium"": 6}, ""6"": {""enterprise"": 9, ""freemium"": 0, ""premium"": 0}, ""7"": {""premium"": 9, ""freemium"": 0}}"
172.497876,finish,w0!w000502__freemium,freemium,2,268,plb_nclass,finish,,,,"{""enterprise"": 3, ""freemium"": 2, ""mixed"": 0, ""premium"": 3}","{""0"": 9, ""1"": 8, ""2"": 9, ""3"": 10, ""4"": 8, ""5"": 9, ""6"": 9, ""7"": 9}","{""0"": {""enterprise"": 0, ""freemium"": 2, ""premium"": 7}, ""1"": {""premium"": 7, ""freemium"": 1}, ""2"": {""freemium"": 7, ""premium"": 2, ""enterprise"": 0}, ""3"": {""freemium"": 0, ""enterprise"": 10}, ""4"": {""enterprise"": 0, ""freemium"": 8, ""premium"": 0}, ""5"": {""premium"": 2, ""enterprise"": 1, ""freemium"": 6}, ""6"": {""enterprise"": 9, ""freemium"": 0, ""premium"": 0}, ""7"": {""premium"": 9, ""freemium"": 0}}"
172.670468,start,w0!w000583__enterprise,enterprise,5,568,plb_nclass,own_pool,enterprise,enterprise,under_theta,"{""enterprise"": 3, ""freemium"": 2, ""mixed"": 0, ""premium"": 3}","{""0"": 9, ""1"": 8, ""2"": 9, ""3"": 10, ""4"": 8, ""5"": 10, ""6"": 9, ""7"": 9}","{""0"": {""enterprise"": 0, ""freemium"": 2, ""premium"": 7}, ""1"": {""premium"": 7, ""freemium"": 1}, ""2"": {""freemium"": 7, ""premium"": 2, ""enterprise"": 0}, ""3"": {""freemium"": 0, ""enterprise"": 10}, ""4"": {""enterprise"": 0, ""freemium"": 8, ""premium"": 0}, ""5"": {""premium"": 2, ""enterprise"": 2, ""freemium"": 6}, ""6"": {""enterprise"": 9, ""freemium"": 0, ""premium"": 0}, ""7"": {""premium"": 9, ""freemium"": 0}}"
172.758698,start,w0!w000584__freemium,freemium,4,472,plb_nclass,own_pool,freemium,freemium,under_theta,"{""enterprise"": 3, ""freemium"": 2, ""mixed"": 0, ""premium"": 3}","{""0"": 9, ""1"": 8, ""2"": 9, ""3"": 10, ""4"": 9, ""5"": 10, ""6"": 9, ""7"": 9}","{""0"": {""enterprise"": 0, ""freemium"": 2, ""premium"": 7}, ""1"": {""premium"": 7, ""freemium"": 1}, ""2"": {""freemium"": 7, ""premium"": 2, ""enterprise"": 0}, ""3"": {""freemium"": 0, ""enterprise"": 10}, ""4"": {""enterprise"": 0, ""freemium"": 9, ""premium"": 0}, ""5"": {""premium"": 2, ""enterprise"": 2, ""freemium"": 6}, ""6"": {""enterprise"": 9, ""freemium"": 0, ""premium"": 0}, ""7"": {""premium"": 9, ""freemium"": 0}}"
172.912062,finish,w0!w000539__premium,premium,7,765,plb_nclass,finish,,,,"{""enterprise"": 3, ""freemium"": 2, ""mixed"": 0, ""premium"": 3}","{""0"": 9, ""1"": 8, ""2"": 9, ""3"": 10, ""4"": 9, ""5"": 10, ""6"": 9, ""7"": 8}","{""0"": {""enterprise"": 0, ""freemium"": 2, ""premium"": 7}, ""1"": {""premium"": 7, ""freemium"": 1}, ""2"": {""freemium"": 7, ""premium"": 2, ""enterprise"": 0}, ""3"": {""freemium"": 0, ""enterprise"": 10}, ""4"": {""enterprise"": 0, ""freemium"": 9, ""premium"": 0}, ""5"": {""premium"": 2, ""enterprise"": 2, ""freemium"": 6}, ""6"": {""enterprise"": 9, ""freemium"": 0, ""premium"": 0}, ""7"": {""premium"": 8, ""freemium"": 0}}"
173.312657,finish,w0!w000488__premium,premium,5,559,plb_nclass,finish,,,,"{""enterprise"": 3, ""freemium"": 2, ""mixed"": 0, ""premium"": 3}","{""0"": 9, ""1"": 8, ""2"": 9, ""3"": 10, ""4"": 9, ""5"": 9, ""6"": 9, ""7"": 8}","{""0"": {""enterprise"": 0, ""freemium"": 2, ""premium"": 7}, ""1"": {""premium"": 7, ""freemium"": 1}, ""2"": {""freemium"": 7, ""premium"": 2, ""enterprise"": 0}, ""3"": {""freemium"": 0, ""enterprise"": 10}, ""4"": {""enterprise"": 0, ""freemium"": 9, ""premium"": 0}, ""5"": {""premium"": 1, ""enterprise"": 2, ""freemium"": 6}, ""6"": {""enterprise"": 9, ""freemium"": 0, ""premium"": 0}, ""7"": {""premium"": 8, ""freemium"": 0}}"
173.619293,start,w0!w000585__enterprise,enterprise,5,569,plb_nclass,own_pool,enterprise,enterprise,under_theta,"{""enterprise"": 3, ""freemium"": 2, ""mixed"": 0, ""premium"": 3}","{""0"": 9, ""1"": 8, ""2"": 9, ""3"": 10, ""4"": 9, ""5"": 10, ""6"": 9, ""7"": 8}","{""0"": {""enterprise"": 0, ""freemium"": 2, ""premium"": 7}, ""1"": {""premium"": 7, ""freemium"": 1}, ""2"": {""freemium"": 7, ""premium"": 2, ""enterprise"": 0}, ""3"": {""freemium"": 0, ""enterprise"": 10}, ""4"": {""enterprise"": 0, ""freemium"": 9, ""premium"": 0}, ""5"": {""premium"": 1, ""enterprise"": 3, ""freemium"": 6}, ""6"": {""enterprise"": 9, ""freemium"": 0, ""premium"": 0}, ""7"": {""premium"": 8, ""freemium"": 0}}"
173.65588,finish,w0!w000544__premium,premium,0,68,plb_nclass,finish,,,,"{""enterprise"": 3, ""freemium"": 2, ""mixed"": 0, ""premium"": 3}","{""0"": 8, ""1"": 8, ""2"": 9, ""3"": 10, ""4"": 9, ""5"": 10, ""6"": 9, ""7"": 8}","{""0"": {""enterprise"": 0, ""freemium"": 2, ""premium"": 6}, ""1"": {""premium"": 7, ""freemium"": 1}, ""2"": {""freemium"": 7, ""premium"": 2, ""enterprise"": 0}, ""3"": {""freemium"": 0, ""enterprise"": 10}, ""4"": {""enterprise"": 0, ""freemium"": 9, ""premium"": 0}, ""5"": {""premium"": 1, ""enterprise"": 3, ""freemium"": 6}, ""6"": {""enterprise"": 9, ""freemium"": 0, ""premium"": 0}, ""7"": {""premium"": 8, ""freemium"": 0}}"
173.704172,finish,w0!w000492__premium,premium,7,760,plb_nclass,finish,,,,"{""enterprise"": 3, ""freemium"": 2, ""mixed"": 0, ""premium"": 3}","{""0"": 8, ""1"": 8, ""2"": 9, ""3"": 10, ""4"": 9, ""5"": 10, ""6"": 9, ""7"": 7}","{""0"": {""enterprise"": 0, ""freemium"": 2, ""premium"": 6}, ""1"": {""premium"": 7, ""freemium"": 1}, ""2"": {""freemium"": 7, ""premium"": 2, ""enterprise"": 0}, ""3"": {""freemium"": 0, ""enterprise"": 10}, ""4"": {""enterprise"": 0, ""freemium"": 9, ""premium"": 0}, ""5"": {""premium"": 1, ""enterprise"": 3, ""freemium"": 6}, ""6"": {""enterprise"": 9, ""freemium"": 0, ""premium"": 0}, ""7"": {""premium"": 7, ""freemium"": 0}}"
173.81441,finish,w0!w000527__enterprise,enterprise,6,658,plb_nclass,finish,,,,"{""enterprise"": 3, ""freemium"": 2, ""mixed"": 0, ""premium"": 3}","{""0"": 8, ""1"": 8, ""2"": 9, ""3"": 10, ""4"": 9, ""5"": 10, ""6"": 8, ""7"": 7}","{""0"": {""enterprise"": 0, ""freemium"": 2, ""premium"": 6}, ""1"": {""premium"": 7, ""freemium"": 1}, ""2"": {""freemium"": 7, ""premium"": 2, ""enterprise"": 0}, ""3"": {""freemium"": 0, ""enterprise"": 10}, ""4"": {""enterprise"": 0, ""freemium"": 9, ""premium"": 0}, ""5"": {""premium"": 1, ""enterprise"": 3, ""freemium"": 6}, ""6"": {""enterprise"": 8, ""freemium"": 0, ""premium"": 0}, ""7"": {""premium"": 7, ""freemium"": 0}}"
173.949545,finish,w0!w000499__freemium,freemium,5,560,plb_nclass,finish,,,,"{""enterprise"": 3, ""freemium"": 2, ""mixed"": 0, ""premium"": 3}","{""0"": 8, ""1"": 8, ""2"": 9, ""3"": 10, ""4"": 9, ""5"": 9, ""6"": 8, ""7"": 7}","{""0"": {""enterprise"": 0, ""freemium"": 2, ""premium"": 6}, ""1"": {""premium"": 7, ""freemium"": 1}, ""2"": {""freemium"": 7, ""premium"": 2, ""enterprise"": 0}, ""3"": {""freemium"": 0, ""enterprise"": 10}, ""4"": {""enterprise"": 0, ""freemium"": 9, ""premium"": 0}, ""5"": {""premium"": 1, ""enterprise"": 3, ""freemium"": 5}, ""6"": {""enterprise"": 8, ""freemium"": 0, ""premium"": 0}, ""7"": {""premium"": 7, ""freemium"": 0}}"
173.956652,finish,w0!w000483__premium,premium,5,558,plb_nclass,finish,,,,"{""enterprise"": 3, ""freemium"": 2, ""mixed"": 0, ""premium"": 3}","{""0"": 8, ""1"": 8, ""2"": 9, ""3"": 10, ""4"": 9, ""5"": 8, ""6"": 8, ""7"": 7}","{""0"": {""enterprise"": 0, ""freemium"": 2, ""premium"": 6}, ""1"": {""premium"": 7, ""freemium"": 1}, ""2"": {""freemium"": 7, ""premium"": 2, ""enterprise"": 0}, ""3"": {""freemium"": 0, ""enterprise"": 10}, ""4"": {""enterprise"": 0, ""freemium"": 9, ""premium"": 0}, ""5"": {""premium"": 0, ""enterprise"": 3, ""freemium"": 5}, ""6"": {""enterprise"": 8, ""freemium"": 0, ""premium"": 0}, ""7"": {""premium"": 7, ""freemium"": 0}}"
173.957362,start,w0!w000586__freemium,freemium,2,280,plb_nclass,own_pool,freemium,freemium,under_theta,"{""enterprise"": 3, ""freemium"": 2, ""mixed"": 0, ""premium"": 3}","{""0"": 8, ""1"": 8, ""2"": 10, ""3"": 10, ""4"": 9, ""5"": 8, ""6"": 8, ""7"": 7}","{""0"": {""enterprise"": 0, ""freemium"": 2, ""premium"": 6}, ""1"": {""premium"": 7, ""freemium"": 1}, ""2"": {""freemium"": 8, ""premium"": 2, ""enterprise"": 0}, ""3"": {""freemium"": 0, ""enterprise"": 10}, ""4"": {""enterprise"": 0, ""freemium"": 9, ""premium"": 0}, ""5"": {""premium"": 0, ""enterprise"": 3, ""freemium"": 5}, ""6"": {""enterprise"": 8, ""freemium"": 0, ""premium"": 0}, ""7"": {""premium"": 7, ""freemium"": 0}}"
174.061977,finish,w0!w000537__premium,premium,1,177,plb_nclass,finish,,,,"{""enterprise"": 3, ""freemium"": 2, ""mixed"": 0, ""premium"": 3}","{""0"": 8, ""1"": 7, ""2"": 10, ""3"": 10, ""4"": 9, ""5"": 8, ""6"": 8, ""7"": 7}","{""0"": {""enterprise"": 0, ""freemium"": 2, ""premium"": 6}, ""1"": {""premium"": 6, ""freemium"": 1}, ""2"": {""freemium"": 8, ""premium"": 2, ""enterprise"": 0}, ""3"": {""freemium"": 0, ""enterprise"": 10}, ""4"": {""enterprise"": 0, ""freemium"": 9, ""premium"": 0}, ""5"": {""premium"": 0, ""enterprise"": 3, ""freemium"": 5}, ""6"": {""enterprise"": 8, ""freemium"": 0, ""premium"": 0}, ""7"": {""premium"": 7, ""freemium"": 0}}"
174.309481,finish,w0!w000549__premium,premium,2,273,plb_nclass,finish,,,,"{""enterprise"": 3, ""freemium"": 2, ""mixed"": 0, ""premium"": 3}","{""0"": 8, ""1"": 7, ""2"": 9, ""3"": 10, ""4"": 9, ""5"": 8, ""6"": 8, ""7"": 7}","{""0"": {""enterprise"": 0, ""freemium"": 2, ""premium"": 6}, ""1"": {""premium"": 6, ""freemium"": 1}, ""2"": {""freemium"": 8, ""premium"": 1, ""enterprise"": 0}, ""3"": {""freemium"": 0, ""enterprise"": 10}, ""4"": {""enterprise"": 0, ""freemium"": 9, ""premium"": 0}, ""5"": {""premium"": 0, ""enterprise"": 3, ""freemium"": 5}, ""6"": {""enterprise"": 8, ""freemium"": 0, ""premium"": 0}, ""7"": {""premium"": 7, ""freemium"": 0}}"
174.428633,finish,w0!w000491__freemium,freemium,1,168,plb_nclass,finish,,,,"{""enterprise"": 3, ""freemium"": 2, ""mixed"": 0, ""premium"": 3}","{""0"": 8, ""1"": 6, ""2"": 9, ""3"": 10, ""4"": 9, ""5"": 8, ""6"": 8, ""7"": 7}","{""0"": {""enterprise"": 0, ""freemium"": 2, ""premium"": 6}, ""1"": {""premium"": 6, ""freemium"": 0}, ""2"": {""freemium"": 8, ""premium"": 1, ""enterprise"": 0}, ""3"": {""freemium"": 0, ""enterprise"": 10}, ""4"": {""enterprise"": 0, ""freemium"": 9, ""premium"": 0}, ""5"": {""premium"": 0, ""enterprise"": 3, ""freemium"": 5}, ""6"": {""enterprise"": 8, ""freemium"": 0, ""premium"": 0}, ""7"": {""premium"": 7, ""freemium"": 0}}"
174.435836,finish,w0!w000515__premium,premium,1,173,plb_nclass,finish,,,,"{""enterprise"": 3, ""freemium"": 2, ""mixed"": 0, ""premium"": 3}","{""0"": 8, ""1"": 5, ""2"": 9, ""3"": 10, ""4"": 9, ""5"": 8, ""6"": 8, ""7"": 7}","{""0"": {""enterprise"": 0, ""freemium"": 2, ""premium"": 6}, ""1"": {""premium"": 5, ""freemium"": 0}, ""2"": {""freemium"": 8, ""premium"": 1, ""enterprise"": 0}, ""3"": {""freemium"": 0, ""enterprise"": 10}, ""4"": {""enterprise"": 0, ""freemium"": 9, ""premium"": 0}, ""5"": {""premium"": 0, ""enterprise"": 3, ""freemium"": 5}, ""6"": {""enterprise"": 8, ""freemium"": 0, ""premium"": 0}, ""7"": {""premium"": 7, ""freemium"": 0}}"
174.443328,start,w0!w000587__enterprise,enterprise,5,570,plb_nclass,own_pool,enterprise,enterprise,under_theta,"{""enterprise"": 3, ""freemium"": 2, ""mixed"": 0, ""premium"": 3}","{""0"": 8, ""1"": 5, ""2"": 9, ""3"": 10, ""4"": 9, ""5"": 9, ""6"": 8, ""7"": 7}","{""0"": {""enterprise"": 0, ""freemium"": 2, ""premium"": 6}, ""1"": {""premium"": 5, ""freemium"": 0}, ""2"": {""freemium"": 8, ""premium"": 1, ""enterprise"": 0}, ""3"": {""freemium"": 0, ""enterprise"": 10}, ""4"": {""enterprise"": 0, ""freemium"": 9, ""premium"": 0}, ""5"": {""premium"": 0, ""enterprise"": 4, ""freemium"": 5}, ""6"": {""enterprise"": 8, ""freemium"": 0, ""premium"": 0}, ""7"": {""premium"": 7, ""freemium"": 0}}"
174.518961,start,w0!w000588__premium,premium,1,181,plb_nclass,own_pool,premium,premium,under_theta,"{""enterprise"": 3, ""freemium"": 2, ""mixed"": 0, ""premium"": 3}","{""0"": 8, ""1"": 6, ""2"": 9, ""3"": 10, ""4"": 9, ""5"": 9, ""6"": 8, ""7"": 7}","{""0"": {""enterprise"": 0, ""freemium"": 2, ""premium"": 6}, ""1"": {""premium"": 6, ""freemium"": 0}, ""2"": {""freemium"": 8, ""premium"": 1, ""enterprise"": 0}, ""3"": {""freemium"": 0, ""enterprise"": 10}, ""4"": {""enterprise"": 0, ""freemium"": 9, ""premium"": 0}, ""5"": {""premium"": 0, ""enterprise"": 4, ""freemium"": 5}, ""6"": {""enterprise"": 8, ""freemium"": 0, ""premium"": 0}, ""7"": {""premium"": 7, ""freemium"": 0}}"
174.686419,finish,w0!w000543__enterprise,enterprise,3,366,plb_nclass,finish,,,,"{""enterprise"": 3, ""freemium"": 2, ""mixed"": 0, ""premium"": 3}","{""0"": 8, ""1"": 6, ""2"": 9, ""3"": 9, ""4"": 9, ""5"": 9, ""6"": 8, ""7"": 7}","{""0"": {""enterprise"": 0, ""freemium"": 2, ""premium"": 6}, ""1"": {""premium"": 6, ""freemium"": 0}, ""2"": {""freemium"": 8, ""premium"": 1, ""enterprise"": 0}, ""3"": {""freemium"": 0, ""enterprise"": 9}, ""4"": {""enterprise"": 0, ""freemium"": 9, ""premium"": 0}, ""5"": {""premium"": 0, ""enterprise"": 4, ""freemium"": 5}, ""6"": {""enterprise"": 8, ""freemium"": 0, ""premium"": 0}, ""7"": {""premium"": 7, ""freemium"": 0}}"
174.933271,finish,w0!w000530__freemium,freemium,2,272,plb_nclass,finish,,,,"{""enterprise"": 3, ""freemium"": 2, ""mixed"": 0, ""premium"": 3}","{""0"": 8, ""1"": 6, ""2"": 8, ""3"": 9, ""4"": 9, ""5"": 9, ""6"": 8, ""7"": 7}","{""0"": {""enterprise"": 0, ""freemium"": 2, ""premium"": 6}, ""1"": {""premium"": 6, ""freemium"": 0}, ""2"": {""freemium"": 7, ""premium"": 1, ""enterprise"": 0}, ""3"": {""freemium"": 0, ""enterprise"": 9}, ""4"": {""enterprise"": 0, ""freemium"": 9, ""premium"": 0}, ""5"": {""premium"": 0, ""enterprise"": 4, ""freemium"": 5}, ""6"": {""enterprise"": 8, ""freemium"": 0, ""premium"": 0}, ""7"": {""premium"": 7, ""freemium"": 0}}"
174.947217,start,w0!w000589__freemium,freemium,2,281,plb_nclass,own_pool,freemium,freemium,under_theta,"{""enterprise"": 3, ""freemium"": 2, ""mixed"": 0, ""premium"": 3}","{""0"": 8, ""1"": 6, ""2"": 9, ""3"": 9, ""4"": 9, ""5"": 9, ""6"": 8, ""7"": 7}","{""0"": {""enterprise"": 0, ""freemium"": 2, ""premium"": 6}, ""1"": {""premium"": 6, ""freemium"": 0}, ""2"": {""freemium"": 8, ""premium"": 1, ""enterprise"": 0}, ""3"": {""freemium"": 0, ""enterprise"": 9}, ""4"": {""enterprise"": 0, ""freemium"": 9, ""premium"": 0}, ""5"": {""premium"": 0, ""enterprise"": 4, ""freemium"": 5}, ""6"": {""enterprise"": 8, ""freemium"": 0, ""premium"": 0}, ""7"": {""premium"": 7, ""freemium"": 0}}"
174.997649,finish,w0!w000487__freemium,freemium,4,462,plb_nclass,finish,,,,"{""enterprise"": 3, ""freemium"": 2, ""mixed"": 0, ""premium"": 3}","{""0"": 8, ""1"": 6, ""2"": 9, ""3"": 9, ""4"": 8, ""5"": 9, ""6"": 8, ""7"": 7}","{""0"": {""enterprise"": 0, ""freemium"": 2, ""premium"": 6}, ""1"": {""premium"": 6, ""freemium"": 0}, ""2"": {""freemium"": 8, ""premium"": 1, ""enterprise"": 0}, ""3"": {""freemium"": 0, ""enterprise"": 9}, ""4"": {""enterprise"": 0, ""freemium"": 8, ""premium"": 0}, ""5"": {""premium"": 0, ""enterprise"": 4, ""freemium"": 5}, ""6"": {""enterprise"": 8, ""freemium"": 0, ""premium"": 0}, ""7"": {""premium"": 7, ""freemium"": 0}}"
174.998603,start,w0!w000590__premium,premium,1,182,plb_nclass,own_pool,premium,premium,under_theta,"{""enterprise"": 3, ""freemium"": 2, ""mixed"": 0, ""premium"": 3}","{""0"": 8, ""1"": 7, ""2"": 9, ""3"": 9, ""4"": 8, ""5"": 9, ""6"": 8, ""7"": 7}","{""0"": {""enterprise"": 0, ""freemium"": 2, ""premium"": 6}, ""1"": {""premium"": 7, ""freemium"": 0}, ""2"": {""freemium"": 8, ""premium"": 1, ""enterprise"": 0}, ""3"": {""freemium"": 0, ""enterprise"": 9}, ""4"": {""enterprise"": 0, ""freemium"": 8, ""premium"": 0}, ""5"": {""premium"": 0, ""enterprise"": 4, ""freemium"": 5}, ""6"": {""enterprise"": 8, ""freemium"": 0, ""premium"": 0}, ""7"": {""premium"": 7, ""freemium"": 0}}"
175.000275,finish,w0!w000507__enterprise,enterprise,6,654,plb_nclass,finish,,,,"{""enterprise"": 3, ""freemium"": 2, ""mixed"": 0, ""premium"": 3}","{""0"": 8, ""1"": 7, ""2"": 9, ""3"": 9, ""4"": 8, ""5"": 9, ""6"": 7, ""7"": 7}","{""0"": {""enterprise"": 0, ""freemium"": 2, ""premium"": 6}, ""1"": {""premium"": 7, ""freemium"": 0}, ""2"": {""freemium"": 8, ""premium"": 1, ""enterprise"": 0}, ""3"": {""freemium"": 0, ""enterprise"": 9}, ""4"": {""enterprise"": 0, ""freemium"": 8, ""premium"": 0}, ""5"": {""premium"": 0, ""enterprise"": 4, ""freemium"": 5}, ""6"": {""enterprise"": 7, ""freemium"": 0, ""premium"": 0}, ""7"": {""premium"": 7, ""freemium"": 0}}"
175.236738,finish,w0!w000529__premium,premium,1,176,plb_nclass,finish,,,,"{""enterprise"": 3, ""freemium"": 2, ""mixed"": 0, ""premium"": 3}","{""0"": 8, ""1"": 6, ""2"": 9, ""3"": 9, ""4"": 8, ""5"": 9, ""6"": 7, ""7"": 7}","{""0"": {""enterprise"": 0, ""freemium"": 2, ""premium"": 6}, ""1"": {""premium"": 6, ""freemium"": 0}, ""2"": {""freemium"": 8, ""premium"": 1, ""enterprise"": 0}, ""3"": {""freemium"": 0, ""enterprise"": 9}, ""4"": {""enterprise"": 0, ""freemium"": 8, ""premium"": 0}, ""5"": {""premium"": 0, ""enterprise"": 4, ""freemium"": 5}, ""6"": {""enterprise"": 7, ""freemium"": 0, ""premium"": 0}, ""7"": {""premium"": 7, ""freemium"": 0}}"
175.475661,start,w0!w000591__premium,premium,1,183,plb_nclass,own_pool,premium,premium,under_theta,"{""enterprise"": 3, ""freemium"": 2, ""mixed"": 0, ""premium"": 3}","{""0"": 8, ""1"": 7, ""2"": 9, ""3"": 9, ""4"": 8, ""5"": 9, ""6"": 7, ""7"": 7}","{""0"": {""enterprise"": 0, ""freemium"": 2, ""premium"": 6}, ""1"": {""premium"": 7, ""freemium"": 0}, ""2"": {""freemium"": 8, ""premium"": 1, ""enterprise"": 0}, ""3"": {""freemium"": 0, ""enterprise"": 9}, ""4"": {""enterprise"": 0, ""freemium"": 8, ""premium"": 0}, ""5"": {""premium"": 0, ""enterprise"": 4, ""freemium"": 5}, ""6"": {""enterprise"": 7, ""freemium"": 0, ""premium"": 0}, ""7"": {""premium"": 7, ""freemium"": 0}}"
175.580946,finish,w0!w000489__enterprise,enterprise,6,653,plb_nclass,finish,,,,"{""enterprise"": 3, ""freemium"": 2, ""mixed"": 0, ""premium"": 3}","{""0"": 8, ""1"": 7, ""2"": 9, ""3"": 9, ""4"": 8, ""5"": 9, ""6"": 6, ""7"": 7}","{""0"": {""enterprise"": 0, ""freemium"": 2, ""premium"": 6}, ""1"": {""premium"": 7, ""freemium"": 0}, ""2"": {""freemium"": 8, ""premium"": 1, ""enterprise"": 0}, ""3"": {""freemium"": 0, ""enterprise"": 9}, ""4"": {""enterprise"": 0, ""freemium"": 8, ""premium"": 0}, ""5"": {""premium"": 0, ""enterprise"": 4, ""freemium"": 5}, ""6"": {""enterprise"": 6, ""freemium"": 0, ""premium"": 0}, ""7"": {""premium"": 7, ""freemium"": 0}}"
176.333355,finish,w0!w000541__enterprise,enterprise,6,661,plb_nclass,finish,,,,"{""enterprise"": 3, ""freemium"": 2, ""mixed"": 0, ""premium"": 3}","{""0"": 8, ""1"": 7, ""2"": 9, ""3"": 9, ""4"": 8, ""5"": 9, ""6"": 5, ""7"": 7}","{""0"": {""enterprise"": 0, ""freemium"": 2, ""premium"": 6}, ""1"": {""premium"": 7, ""freemium"": 0}, ""2"": {""freemium"": 8, ""premium"": 1, ""enterprise"": 0}, ""3"": {""freemium"": 0, ""enterprise"": 9}, ""4"": {""enterprise"": 0, ""freemium"": 8, ""premium"": 0}, ""5"": {""premium"": 0, ""enterprise"": 4, ""freemium"": 5}, ""6"": {""enterprise"": 5, ""freemium"": 0, ""premium"": 0}, ""7"": {""premium"": 7, ""freemium"": 0}}"
176.382913,start,w0!w000592__premium,premium,1,184,plb_nclass,own_pool,premium,premium,under_theta,"{""enterprise"": 3, ""freemium"": 2, ""mixed"": 0, ""premium"": 3}","{""0"": 8, ""1"": 8, ""2"": 9, ""3"": 9, ""4"": 8, ""5"": 9, ""6"": 5, ""7"": 7}","{""0"": {""enterprise"": 0, ""freemium"": 2, ""premium"": 6}, ""1"": {""premium"": 8, ""freemium"": 0}, ""2"": {""freemium"": 8, ""premium"": 1, ""enterprise"": 0}, ""3"": {""freemium"": 0, ""enterprise"": 9}, ""4"": {""enterprise"": 0, ""freemium"": 8, ""premium"": 0}, ""5"": {""premium"": 0, ""enterprise"": 4, ""freemium"": 5}, ""6"": {""enterprise"": 5, ""freemium"": 0, ""premium"": 0}, ""7"": {""premium"": 7, ""freemium"": 0}}"
176.617391,start,w0!w000593__freemium,freemium,4,473,plb_nclass,own_pool,freemium,freemium,under_theta,"{""enterprise"": 3, ""freemium"": 2, ""mixed"": 0, ""premium"": 3}","{""0"": 8, ""1"": 8, ""2"": 9, ""3"": 9, ""4"": 9, ""5"": 9, ""6"": 5, ""7"": 7}","{""0"": {""enterprise"": 0, ""freemium"": 2, ""premium"": 6}, ""1"": {""premium"": 8, ""freemium"": 0}, ""2"": {""freemium"": 8, ""premium"": 1, ""enterprise"": 0}, ""3"": {""freemium"": 0, ""enterprise"": 9}, ""4"": {""enterprise"": 0, ""freemium"": 9, ""premium"": 0}, ""5"": {""premium"": 0, ""enterprise"": 4, ""freemium"": 5}, ""6"": {""enterprise"": 5, ""freemium"": 0, ""premium"": 0}, ""7"": {""premium"": 7, ""freemium"": 0}}"
176.706292,start,w0!w000594__premium,premium,7,770,plb_nclass,own_pool,premium,premium,under_theta,"{""enterprise"": 3, ""freemium"": 2, ""mixed"": 0, ""premium"": 3}","{""0"": 8, ""1"": 8, ""2"": 9, ""3"": 9, ""4"": 9, ""5"": 9, ""6"": 5, ""7"": 8}","{""0"": {""enterprise"": 0, ""freemium"": 2, ""premium"": 6}, ""1"": {""premium"": 8, ""freemium"": 0}, ""2"": {""freemium"": 8, ""premium"": 1, ""enterprise"": 0}, ""3"": {""freemium"": 0, ""enterprise"": 9}, ""4"": {""enterprise"": 0, ""freemium"": 9, ""premium"": 0}, ""5"": {""premium"": 0, ""enterprise"": 4, ""freemium"": 5}, ""6"": {""enterprise"": 5, ""freemium"": 0, ""premium"": 0}, ""7"": {""premium"": 8, ""freemium"": 0}}"
176.758672,finish,w0!w000517__premium,premium,1,174,plb_nclass,finish,,,,"{""enterprise"": 3, ""freemium"": 2, ""mixed"": 0, ""premium"": 3}","{""0"": 8, ""1"": 7, ""2"": 9, ""3"": 9, ""4"": 9, ""5"": 9, ""6"": 5, ""7"": 8}","{""0"": {""enterprise"": 0, ""freemium"": 2, ""premium"": 6}, ""1"": {""premium"": 7, ""freemium"": 0}, ""2"": {""freemium"": 8, ""premium"": 1, ""enterprise"": 0}, ""3"": {""freemium"": 0, ""enterprise"": 9}, ""4"": {""enterprise"": 0, ""freemium"": 9, ""premium"": 0}, ""5"": {""premium"": 0, ""enterprise"": 4, ""freemium"": 5}, ""6"": {""enterprise"": 5, ""freemium"": 0, ""premium"": 0}, ""7"": {""premium"": 8, ""freemium"": 0}}"
177.170631,finish,w0!w000564__freemium,freemium,4,470,plb_nclass,finish,,,,"{""enterprise"": 3, ""freemium"": 2, ""mixed"": 0, ""premium"": 3}","{""0"": 8, ""1"": 7, ""2"": 9, ""3"": 9, ""4"": 8, ""5"": 9, ""6"": 5, ""7"": 8}","{""0"": {""enterprise"": 0, ""freemium"": 2, ""premium"": 6}, ""1"": {""premium"": 7, ""freemium"": 0}, ""2"": {""freemium"": 8, ""premium"": 1, ""enterprise"": 0}, ""3"": {""freemium"": 0, ""enterprise"": 9}, ""4"": {""enterprise"": 0, ""freemium"": 8, ""premium"": 0}, ""5"": {""premium"": 0, ""enterprise"": 4, ""freemium"": 5}, ""6"": {""enterprise"": 5, ""freemium"": 0, ""premium"": 0}, ""7"": {""premium"": 8, ""freemium"": 0}}"
177.309917,finish,w0!w000559__premium,premium,0,70,plb_nclass,finish,,,,"{""enterprise"": 3, ""freemium"": 2, ""mixed"": 0, ""premium"": 3}","{""0"": 7, ""1"": 7, ""2"": 9, ""3"": 9, ""4"": 8, ""5"": 9, ""6"": 5, ""7"": 8}","{""0"": {""enterprise"": 0, ""freemium"": 2, ""premium"": 5}, ""1"": {""premium"": 7, ""freemium"": 0}, ""2"": {""freemium"": 8, ""premium"": 1, ""enterprise"": 0}, ""3"": {""freemium"": 0, ""enterprise"": 9}, ""4"": {""enterprise"": 0, ""freemium"": 8, ""premium"": 0}, ""5"": {""premium"": 0, ""enterprise"": 4, ""freemium"": 5}, ""6"": {""enterprise"": 5, ""freemium"": 0, ""premium"": 0}, ""7"": {""premium"": 8, ""freemium"": 0}}"
177.319094,start,w0!w000595__premium,premium,0,75,plb_nclass,own_pool,premium,premium,under_theta,"{""enterprise"": 3, ""freemium"": 2, ""mixed"": 0, ""premium"": 3}","{""0"": 8, ""1"": 7, ""2"": 9, ""3"": 9, ""4"": 8, ""5"": 9, ""6"": 5, ""7"": 8}","{""0"": {""enterprise"": 0, ""freemium"": 2, ""premium"": 6}, ""1"": {""premium"": 7, ""freemium"": 0}, ""2"": {""freemium"": 8, ""premium"": 1, ""enterprise"": 0}, ""3"": {""freemium"": 0, ""enterprise"": 9}, ""4"": {""enterprise"": 0, ""freemium"": 8, ""premium"": 0}, ""5"": {""premium"": 0, ""enterprise"": 4, ""freemium"": 5}, ""6"": {""enterprise"": 5, ""freemium"": 0, ""premium"": 0}, ""7"": {""premium"": 8, ""freemium"": 0}}"
177.383401,start,w0!w000596__freemium,freemium,4,474,plb_nclass,own_pool,freemium,freemium,under_theta,"{""enterprise"": 3, ""freemium"": 2, ""mixed"": 0, ""premium"": 3}","{""0"": 8, ""1"": 7, ""2"": 9, ""3"": 9, ""4"": 9, ""5"": 9, ""6"": 5, ""7"": 8}","{""0"": {""enterprise"": 0, ""freemium"": 2, ""premium"": 6}, ""1"": {""premium"": 7, ""freemium"": 0}, ""2"": {""freemium"": 8, ""premium"": 1, ""enterprise"": 0}, ""3"": {""freemium"": 0, ""enterprise"": 9}, ""4"": {""enterprise"": 0, ""freemium"": 9, ""premium"": 0}, ""5"": {""premium"": 0, ""enterprise"": 4, ""freemium"": 5}, ""6"": {""enterprise"": 5, ""freemium"": 0, ""premium"": 0}, ""7"": {""premium"": 8, ""freemium"": 0}}"
177.592102,finish,w0!w000518__freemium,freemium,4,465,plb_nclass,finish,,,,"{""enterprise"": 3, ""freemium"": 2, ""mixed"": 0, ""premium"": 3}","{""0"": 8, ""1"": 7, ""2"": 9, ""3"": 9, ""4"": 8, ""5"": 9, ""6"": 5, ""7"": 8}","{""0"": {""enterprise"": 0, ""freemium"": 2, ""premium"": 6}, ""1"": {""premium"": 7, ""freemium"": 0}, ""2"": {""freemium"": 8, ""premium"": 1, ""enterprise"": 0}, ""3"": {""freemium"": 0, ""enterprise"": 9}, ""4"": {""enterprise"": 0, ""freemium"": 8, ""premium"": 0}, ""5"": {""premium"": 0, ""enterprise"": 4, ""freemium"": 5}, ""6"": {""enterprise"": 5, ""freemium"": 0, ""premium"": 0}, ""7"": {""premium"": 8, ""freemium"": 0}}"
177.711729,finish,w0!w000556__premium,premium,1,178,plb_nclass,finish,,,,"{""enterprise"": 3, ""freemium"": 2, ""mixed"": 0, ""premium"": 3}","{""0"": 8, ""1"": 6, ""2"": 9, ""3"": 9, ""4"": 8, ""5"": 9, ""6"": 5, ""7"": 8}","{""0"": {""enterprise"": 0, ""freemium"": 2, ""premium"": 6}, ""1"": {""premium"": 6, ""freemium"": 0}, ""2"": {""freemium"": 8, ""premium"": 1, ""enterprise"": 0}, ""3"": {""freemium"": 0, ""enterprise"": 9}, ""4"": {""enterprise"": 0, ""freemium"": 8, ""premium"": 0}, ""5"": {""premium"": 0, ""enterprise"": 4, ""freemium"": 5}, ""6"": {""enterprise"": 5, ""freemium"": 0, ""premium"": 0}, ""7"": {""premium"": 8, ""freemium"": 0}}"
177.904232,finish,w0!w000531__enterprise,enterprise,6,659,plb_nclass,finish,,,,"{""enterprise"": 3, ""freemium"": 2, ""mixed"": 0, ""premium"": 3}","{""0"": 8, ""1"": 6, ""2"": 9, ""3"": 9, ""4"": 8, ""5"": 9, ""6"": 4, ""7"": 8}","{""0"": {""enterprise"": 0, ""freemium"": 2, ""premium"": 6}, ""1"": {""premium"": 6, ""freemium"": 0}, ""2"": {""freemium"": 8, ""premium"": 1, ""enterprise"": 0}, ""3"": {""freemium"": 0, ""enterprise"": 9}, ""4"": {""enterprise"": 0, ""freemium"": 8, ""premium"": 0}, ""5"": {""premium"": 0, ""enterprise"": 4, ""freemium"": 5}, ""6"": {""enterprise"": 4, ""freemium"": 0, ""premium"": 0}, ""7"": {""premium"": 8, ""freemium"": 0}}"
177.962914,finish,w0!w000524__enterprise,enterprise,3,361,plb_nclass,finish,,,,"{""enterprise"": 3, ""freemium"": 2, ""mixed"": 0, ""premium"": 3}","{""0"": 8, ""1"": 6, ""2"": 9, ""3"": 8, ""4"": 8, ""5"": 9, ""6"": 4, ""7"": 8}","{""0"": {""enterprise"": 0, ""freemium"": 2, ""premium"": 6}, ""1"": {""premium"": 6, ""freemium"": 0}, ""2"": {""freemium"": 8, ""premium"": 1, ""enterprise"": 0}, ""3"": {""freemium"": 0, ""enterprise"": 8}, ""4"": {""enterprise"": 0, ""freemium"": 8, ""premium"": 0}, ""5"": {""premium"": 0, ""enterprise"": 4, ""freemium"": 5}, ""6"": {""enterprise"": 4, ""freemium"": 0, ""premium"": 0}, ""7"": {""premium"": 8, ""freemium"": 0}}"
177.974301,start,w0!w000597__enterprise,enterprise,6,665,plb_nclass,own_pool,enterprise,enterprise,under_theta,"{""enterprise"": 3, ""freemium"": 2, ""mixed"": 0, ""premium"": 3}","{""0"": 8, ""1"": 6, ""2"": 9, ""3"": 8, ""4"": 8, ""5"": 9, ""6"": 5, ""7"": 8}","{""0"": {""enterprise"": 0, ""freemium"": 2, ""premium"": 6}, ""1"": {""premium"": 6, ""freemium"": 0}, ""2"": {""freemium"": 8, ""premium"": 1, ""enterprise"": 0}, ""3"": {""freemium"": 0, ""enterprise"": 8}, ""4"": {""enterprise"": 0, ""freemium"": 8, ""premium"": 0}, ""5"": {""premium"": 0, ""enterprise"": 4, ""freemium"": 5}, ""6"": {""enterprise"": 5, ""freemium"": 0, ""premium"": 0}, ""7"": {""premium"": 8, ""freemium"": 0}}"
177.995287,finish,w0!w000534__freemium,freemium,0,67,plb_nclass,finish,,,,"{""enterprise"": 3, ""freemium"": 2, ""mixed"": 0, ""premium"": 3}","{""0"": 7, ""1"": 6, ""2"": 9, ""3"": 8, ""4"": 8, ""5"": 9, ""6"": 5, ""7"": 8}","{""0"": {""enterprise"": 0, ""freemium"": 1, ""premium"": 6}, ""1"": {""premium"": 6, ""freemium"": 0}, ""2"": {""freemium"": 8, ""premium"": 1, ""enterprise"": 0}, ""3"": {""freemium"": 0, ""enterprise"": 8}, ""4"": {""enterprise"": 0, ""freemium"": 8, ""premium"": 0}, ""5"": {""premium"": 0, ""enterprise"": 4, ""freemium"": 5}, ""6"": {""enterprise"": 5, ""freemium"": 0, ""premium"": 0}, ""7"": {""premium"": 8, ""freemium"": 0}}"
178.141416,start,w0!w000598__premium,premium,1,185,plb_nclass,own_pool,premium,premium,under_theta,"{""enterprise"": 3, ""freemium"": 2, ""mixed"": 0, ""premium"": 3}","{""0"": 7, ""1"": 7, ""2"": 9, ""3"": 8, ""4"": 8, ""5"": 9, ""6"": 5, ""7"": 8}","{""0"": {""enterprise"": 0, ""freemium"": 1, ""premium"": 6}, ""1"": {""premium"": 7, ""freemium"": 0}, ""2"": {""freemium"": 8, ""premium"": 1, ""enterprise"": 0}, ""3"": {""freemium"": 0, ""enterprise"": 8}, ""4"": {""enterprise"": 0, ""freemium"": 8, ""premium"": 0}, ""5"": {""premium"": 0, ""enterprise"": 4, ""freemium"": 5}, ""6"": {""enterprise"": 5, ""freemium"": 0, ""premium"": 0}, ""7"": {""premium"": 8, ""freemium"": 0}}"
178.572198,finish,w0!w000533__premium,premium,7,763,plb_nclass,finish,,,,"{""enterprise"": 3, ""freemium"": 2, ""mixed"": 0, ""premium"": 3}","{""0"": 7, ""1"": 7, ""2"": 9, ""3"": 8, ""4"": 8, ""5"": 9, ""6"": 5, ""7"": 7}","{""0"": {""enterprise"": 0, ""freemium"": 1, ""premium"": 6}, ""1"": {""premium"": 7, ""freemium"": 0}, ""2"": {""freemium"": 8, ""premium"": 1, ""enterprise"": 0}, ""3"": {""freemium"": 0, ""enterprise"": 8}, ""4"": {""enterprise"": 0, ""freemium"": 8, ""premium"": 0}, ""5"": {""premium"": 0, ""enterprise"": 4, ""freemium"": 5}, ""6"": {""enterprise"": 5, ""freemium"": 0, ""premium"": 0}, ""7"": {""premium"": 7, ""freemium"": 0}}"
178.667047,start,w0!w000599__enterprise,enterprise,6,666,plb_nclass,own_pool,enterprise,enterprise,under_theta,"{""enterprise"": 3, ""freemium"": 2, ""mixed"": 0, ""premium"": 3}","{""0"": 7, ""1"": 7, ""2"": 9, ""3"": 8, ""4"": 8, ""5"": 9, ""6"": 6, ""7"": 7}","{""0"": {""enterprise"": 0, ""freemium"": 1, ""premium"": 6}, ""1"": {""premium"": 7, ""freemium"": 0}, ""2"": {""freemium"": 8, ""premium"": 1, ""enterprise"": 0}, ""3"": {""freemium"": 0, ""enterprise"": 8}, ""4"": {""enterprise"": 0, ""freemium"": 8, ""premium"": 0}, ""5"": {""premium"": 0, ""enterprise"": 4, ""freemium"": 5}, ""6"": {""enterprise"": 6, ""freemium"": 0, ""premium"": 0}, ""7"": {""premium"": 7, ""freemium"": 0}}"
179.19011,finish,w0!w000535__enterprise,enterprise,3,364,plb_nclass,finish,,,,"{""enterprise"": 3, ""freemium"": 2, ""mixed"": 0, ""premium"": 3}","{""0"": 7, ""1"": 7, ""2"": 9, ""3"": 7, ""4"": 8, ""5"": 9, ""6"": 6, ""7"": 7}","{""0"": {""enterprise"": 0, ""freemium"": 1, ""premium"": 6}, ""1"": {""premium"": 7, ""freemium"": 0}, ""2"": {""freemium"": 8, ""premium"": 1, ""enterprise"": 0}, ""3"": {""freemium"": 0, ""enterprise"": 7}, ""4"": {""enterprise"": 0, ""freemium"": 8, ""premium"": 0}, ""5"": {""premium"": 0, ""enterprise"": 4, ""freemium"": 5}, ""6"": {""enterprise"": 6, ""freemium"": 0, ""premium"": 0}, ""7"": {""premium"": 7, ""freemium"": 0}}"
179.303069,finish,w0!w000571__enterprise,enterprise,6,664,plb_nclass,finish,,,,"{""enterprise"": 3, ""freemium"": 2, ""mixed"": 0, ""premium"": 3}","{""0"": 7, ""1"": 7, ""2"": 9, ""3"": 7, ""4"": 8, ""5"": 9, ""6"": 5, ""7"": 7}","{""0"": {""enterprise"": 0, ""freemium"": 1, ""premium"": 6}, ""1"": {""premium"": 7, ""freemium"": 0}, ""2"": {""freemium"": 8, ""premium"": 1, ""enterprise"": 0}, ""3"": {""freemium"": 0, ""enterprise"": 7}, ""4"": {""enterprise"": 0, ""freemium"": 8, ""premium"": 0}, ""5"": {""premium"": 0, ""enterprise"": 4, ""freemium"": 5}, ""6"": {""enterprise"": 5, ""freemium"": 0, ""premium"": 0}, ""7"": {""premium"": 7, ""freemium"": 0}}"
179.375508,finish,w0!w000520__freemium,freemium,2,270,plb_nclass,finish,,,,"{""enterprise"": 3, ""freemium"": 2, ""mixed"": 0, ""premium"": 3}","{""0"": 7, ""1"": 7, ""2"": 8, ""3"": 7, ""4"": 8, ""5"": 9, ""6"": 5, ""7"": 7}","{""0"": {""enterprise"": 0, ""freemium"": 1, ""premium"": 6}, ""1"": {""premium"": 7, ""freemium"": 0}, ""2"": {""freemium"": 7, ""premium"": 1, ""enterprise"": 0}, ""3"": {""freemium"": 0, ""enterprise"": 7}, ""4"": {""enterprise"": 0, ""freemium"": 8, ""premium"": 0}, ""5"": {""premium"": 0, ""enterprise"": 4, ""freemium"": 5}, ""6"": {""enterprise"": 5, ""freemium"": 0, ""premium"": 0}, ""7"": {""premium"": 7, ""freemium"": 0}}"
180.659252,finish,w0!w000562__freemium,freemium,5,566,plb_nclass,finish,,,,"{""enterprise"": 3, ""freemium"": 2, ""mixed"": 0, ""premium"": 3}","{""0"": 7, ""1"": 7, ""2"": 8, ""3"": 7, ""4"": 8, ""5"": 8, ""6"": 5, ""7"": 7}","{""0"": {""enterprise"": 0, ""freemium"": 1, ""premium"": 6}, ""1"": {""premium"": 7, ""freemium"": 0}, ""2"": {""freemium"": 7, ""premium"": 1, ""enterprise"": 0}, ""3"": {""freemium"": 0, ""enterprise"": 7}, ""4"": {""enterprise"": 0, ""freemium"": 8, ""premium"": 0}, ""5"": {""premium"": 0, ""enterprise"": 4, ""freemium"": 4}, ""6"": {""enterprise"": 5, ""freemium"": 0, ""premium"": 0}, ""7"": {""premium"": 7, ""freemium"": 0}}"
180.830419,finish,w0!w000522__premium,premium,7,762,plb_nclass,finish,,,,"{""enterprise"": 3, ""freemium"": 2, ""mixed"": 0, ""premium"": 3}","{""0"": 7, ""1"": 7, ""2"": 8, ""3"": 7, ""4"": 8, ""5"": 8, ""6"": 5, ""7"": 6}","{""0"": {""enterprise"": 0, ""freemium"": 1, ""premium"": 6}, ""1"": {""premium"": 7, ""freemium"": 0}, ""2"": {""freemium"": 7, ""premium"": 1, ""enterprise"": 0}, ""3"": {""freemium"": 0, ""enterprise"": 7}, ""4"": {""enterprise"": 0, ""freemium"": 8, ""premium"": 0}, ""5"": {""premium"": 0, ""enterprise"": 4, ""freemium"": 4}, ""6"": {""enterprise"": 5, ""freemium"": 0, ""premium"": 0}, ""7"": {""premium"": 6, ""freemium"": 0}}"
181.312147,finish,w0!w000523__freemium,freemium,0,66,plb_nclass,finish,,,,"{""enterprise"": 3, ""freemium"": 2, ""mixed"": 0, ""premium"": 3}","{""0"": 6, ""1"": 7, ""2"": 8, ""3"": 7, ""4"": 8, ""5"": 8, ""6"": 5, ""7"": 6}","{""0"": {""enterprise"": 0, ""freemium"": 0, ""premium"": 6}, ""1"": {""premium"": 7, ""freemium"": 0}, ""2"": {""freemium"": 7, ""premium"": 1, ""enterprise"": 0}, ""3"": {""freemium"": 0, ""enterprise"": 7}, ""4"": {""enterprise"": 0, ""freemium"": 8, ""premium"": 0}, ""5"": {""premium"": 0, ""enterprise"": 4, ""freemium"": 4}, ""6"": {""enterprise"": 5, ""freemium"": 0, ""premium"": 0}, ""7"": {""premium"": 6, ""freemium"": 0}}"
181.331654,finish,w0!w000574__freemium,freemium,2,278,plb_nclass,finish,,,,"{""enterprise"": 3, ""freemium"": 2, ""mixed"": 0, ""premium"": 3}","{""0"": 6, ""1"": 7, ""2"": 7, ""3"": 7, ""4"": 8, ""5"": 8, ""6"": 5, ""7"": 6}","{""0"": {""enterprise"": 0, ""freemium"": 0, ""premium"": 6}, ""1"": {""premium"": 7, ""freemium"": 0}, ""2"": {""freemium"": 6, ""premium"": 1, ""enterprise"": 0}, ""3"": {""freemium"": 0, ""enterprise"": 7}, ""4"": {""enterprise"": 0, ""freemium"": 8, ""premium"": 0}, ""5"": {""premium"": 0, ""enterprise"": 4, ""freemium"": 4}, ""6"": {""enterprise"": 5, ""freemium"": 0, ""premium"": 0}, ""7"": {""premium"": 6, ""freemium"": 0}}"
181.467557,finish,w0!w000536__premium,premium,7,764,plb_nclass,finish,,,,"{""enterprise"": 3, ""freemium"": 2, ""mixed"": 0, ""premium"": 3}","{""0"": 6, ""1"": 7, ""2"": 7, ""3"": 7, ""4"": 8, ""5"": 8, ""6"": 5, ""7"": 5}","{""0"": {""enterprise"": 0, ""freemium"": 0, ""premium"": 6}, ""1"": {""premium"": 7, ""freemium"": 0}, ""2"": {""freemium"": 6, ""premium"": 1, ""enterprise"": 0}, ""3"": {""freemium"": 0, ""enterprise"": 7}, ""4"": {""enterprise"": 0, ""freemium"": 8, ""premium"": 0}, ""5"": {""premium"": 0, ""enterprise"": 4, ""freemium"": 4}, ""6"": {""enterprise"": 5, ""freemium"": 0, ""premium"": 0}, ""7"": {""premium"": 5, ""freemium"": 0}}"
181.561423,finish,w0!w000540__enterprise,enterprise,6,660,plb_nclass,finish,,,,"{""enterprise"": 3, ""freemium"": 2, ""mixed"": 0, ""premium"": 3}","{""0"": 6, ""1"": 7, ""2"": 7, ""3"": 7, ""4"": 8, ""5"": 8, ""6"": 4, ""7"": 5}","{""0"": {""enterprise"": 0, ""freemium"": 0, ""premium"": 6}, ""1"": {""premium"": 7, ""freemium"": 0}, ""2"": {""freemium"": 6, ""premium"": 1, ""enterprise"": 0}, ""3"": {""freemium"": 0, ""enterprise"": 7}, ""4"": {""enterprise"": 0, ""freemium"": 8, ""premium"": 0}, ""5"": {""premium"": 0, ""enterprise"": 4, ""freemium"": 4}, ""6"": {""enterprise"": 4, ""freemium"": 0, ""premium"": 0}, ""7"": {""premium"": 5, ""freemium"": 0}}"
182.714686,finish,w0!w000526__freemium,freemium,4,466,plb_nclass,finish,,,,"{""enterprise"": 3, ""freemium"": 2, ""mixed"": 0, ""premium"": 3}","{""0"": 6, ""1"": 7, ""2"": 7, ""3"": 7, ""4"": 7, ""5"": 8, ""6"": 4, ""7"": 5}","{""0"": {""enterprise"": 0, ""freemium"": 0, ""premium"": 6}, ""1"": {""premium"": 7, ""freemium"": 0}, ""2"": {""freemium"": 6, ""premium"": 1, ""enterprise"": 0}, ""3"": {""freemium"": 0, ""enterprise"": 7}, ""4"": {""enterprise"": 0, ""freemium"": 7, ""premium"": 0}, ""5"": {""premium"": 0, ""enterprise"": 4, ""freemium"": 4}, ""6"": {""enterprise"": 4, ""freemium"": 0, ""premium"": 0}, ""7"": {""premium"": 5, ""freemium"": 0}}"
182.863255,finish,w0!w000528__enterprise,enterprise,3,362,plb_nclass,finish,,,,"{""enterprise"": 3, ""freemium"": 2, ""mixed"": 0, ""premium"": 3}","{""0"": 6, ""1"": 7, ""2"": 7, ""3"": 6, ""4"": 7, ""5"": 8, ""6"": 4, ""7"": 5}","{""0"": {""enterprise"": 0, ""freemium"": 0, ""premium"": 6}, ""1"": {""premium"": 7, ""freemium"": 0}, ""2"": {""freemium"": 6, ""premium"": 1, ""enterprise"": 0}, ""3"": {""freemium"": 0, ""enterprise"": 6}, ""4"": {""enterprise"": 0, ""freemium"": 7, ""premium"": 0}, ""5"": {""premium"": 0, ""enterprise"": 4, ""freemium"": 4}, ""6"": {""enterprise"": 4, ""freemium"": 0, ""premium"": 0}, ""7"": {""premium"": 5, ""freemium"": 0}}"
182.963686,finish,w0!w000546__premium,premium,0,69,plb_nclass,finish,,,,"{""enterprise"": 3, ""freemium"": 2, ""mixed"": 0, ""premium"": 3}","{""0"": 5, ""1"": 7, ""2"": 7, ""3"": 6, ""4"": 7, ""5"": 8, ""6"": 4, ""7"": 5}","{""0"": {""enterprise"": 0, ""freemium"": 0, ""premium"": 5}, ""1"": {""premium"": 7, ""freemium"": 0}, ""2"": {""freemium"": 6, ""premium"": 1, ""enterprise"": 0}, ""3"": {""freemium"": 0, ""enterprise"": 6}, ""4"": {""enterprise"": 0, ""freemium"": 7, ""premium"": 0}, ""5"": {""premium"": 0, ""enterprise"": 4, ""freemium"": 4}, ""6"": {""enterprise"": 4, ""freemium"": 0, ""premium"": 0}, ""7"": {""premium"": 5, ""freemium"": 0}}"
183.150673,finish,w0!w000573__freemium,freemium,2,277,plb_nclass,finish,,,,"{""enterprise"": 3, ""freemium"": 2, ""mixed"": 0, ""premium"": 3}","{""0"": 5, ""1"": 7, ""2"": 6, ""3"": 6, ""4"": 7, ""5"": 8, ""6"": 4, ""7"": 5}","{""0"": {""enterprise"": 0, ""freemium"": 0, ""premium"": 5}, ""1"": {""premium"": 7, ""freemium"": 0}, ""2"": {""freemium"": 5, ""premium"": 1, ""enterprise"": 0}, ""3"": {""freemium"": 0, ""enterprise"": 6}, ""4"": {""enterprise"": 0, ""freemium"": 7, ""premium"": 0}, ""5"": {""premium"": 0, ""enterprise"": 4, ""freemium"": 4}, ""6"": {""enterprise"": 4, ""freemium"": 0, ""premium"": 0}, ""7"": {""premium"": 5, ""freemium"": 0}}"
183.443016,finish,w0!w000566__premium,premium,7,767,plb_nclass,finish,,,,"{""enterprise"": 3, ""freemium"": 2, ""mixed"": 0, ""premium"": 3}","{""0"": 5, ""1"": 7, ""2"": 6, ""3"": 6, ""4"": 7, ""5"": 8, ""6"": 4, ""7"": 4}","{""0"": {""enterprise"": 0, ""freemium"": 0, ""premium"": 5}, ""1"": {""premium"": 7, ""freemium"": 0}, ""2"": {""freemium"": 5, ""premium"": 1, ""enterprise"": 0}, ""3"": {""freemium"": 0, ""enterprise"": 6}, ""4"": {""enterprise"": 0, ""freemium"": 7, ""premium"": 0}, ""5"": {""premium"": 0, ""enterprise"": 4, ""freemium"": 4}, ""6"": {""enterprise"": 4, ""freemium"": 0, ""premium"": 0}, ""7"": {""premium"": 4, ""freemium"": 0}}"
183.753922,finish,w0!w000548__freemium,freemium,5,562,plb_nclass,finish,,,,"{""enterprise"": 3, ""freemium"": 2, ""mixed"": 0, ""premium"": 3}","{""0"": 5, ""1"": 7, ""2"": 6, ""3"": 6, ""4"": 7, ""5"": 7, ""6"": 4, ""7"": 4}","{""0"": {""enterprise"": 0, ""freemium"": 0, ""premium"": 5}, ""1"": {""premium"": 7, ""freemium"": 0}, ""2"": {""freemium"": 5, ""premium"": 1, ""enterprise"": 0}, ""3"": {""freemium"": 0, ""enterprise"": 6}, ""4"": {""enterprise"": 0, ""freemium"": 7, ""premium"": 0}, ""5"": {""premium"": 0, ""enterprise"": 4, ""freemium"": 3}, ""6"": {""enterprise"": 4, ""freemium"": 0, ""premium"": 0}, ""7"": {""premium"": 4, ""freemium"": 0}}"
183.758046,finish,w0!w000557__enterprise,enterprise,3,368,plb_nclass,finish,,,,"{""enterprise"": 3, ""freemium"": 2, ""mixed"": 0, ""premium"": 3}","{""0"": 5, ""1"": 7, ""2"": 6, ""3"": 5, ""4"": 7, ""5"": 7, ""6"": 4, ""7"": 4}","{""0"": {""enterprise"": 0, ""freemium"": 0, ""premium"": 5}, ""1"": {""premium"": 7, ""freemium"": 0}, ""2"": {""freemium"": 5, ""premium"": 1, ""enterprise"": 0}, ""3"": {""freemium"": 0, ""enterprise"": 5}, ""4"": {""enterprise"": 0, ""freemium"": 7, ""premium"": 0}, ""5"": {""premium"": 0, ""enterprise"": 4, ""freemium"": 3}, ""6"": {""enterprise"": 4, ""freemium"": 0, ""premium"": 0}, ""7"": {""premium"": 4, ""freemium"": 0}}"
184.83252,finish,w0!w000542__freemium,freemium,4,467,plb_nclass,finish,,,,"{""enterprise"": 3, ""freemium"": 2, ""mixed"": 0, ""premium"": 3}","{""0"": 5, ""1"": 7, ""2"": 6, ""3"": 5, ""4"": 6, ""5"": 7, ""6"": 4, ""7"": 4}","{""0"": {""enterprise"": 0, ""freemium"": 0, ""premium"": 5}, ""1"": {""premium"": 7, ""freemium"": 0}, ""2"": {""freemium"": 5, ""premium"": 1, ""enterprise"": 0}, ""3"": {""freemium"": 0, ""enterprise"": 5}, ""4"": {""enterprise"": 0, ""freemium"": 6, ""premium"": 0}, ""5"": {""premium"": 0, ""enterprise"": 4, ""freemium"": 3}, ""6"": {""enterprise"": 4, ""freemium"": 0, ""premium"": 0}, ""7"": {""premium"": 4, ""freemium"": 0}}"
184.878839,finish,w0!w000578__freemium,freemium,4,471,plb_nclass,finish,,,,"{""enterprise"": 3, ""freemium"": 2, ""mixed"": 0, ""premium"": 3}","{""0"": 5, ""1"": 7, ""2"": 6, ""3"": 5, ""4"": 5, ""5"": 7, ""6"": 4, ""7"": 4}","{""0"": {""enterprise"": 0, ""freemium"": 0, ""premium"": 5}, ""1"": {""premium"": 7, ""freemium"": 0}, ""2"": {""freemium"": 5, ""premium"": 1, ""enterprise"": 0}, ""3"": {""freemium"": 0, ""enterprise"": 5}, ""4"": {""enterprise"": 0, ""freemium"": 5, ""premium"": 0}, ""5"": {""premium"": 0, ""enterprise"": 4, ""freemium"": 3}, ""6"": {""enterprise"": 4, ""freemium"": 0, ""premium"": 0}, ""7"": {""premium"": 4, ""freemium"": 0}}"
185.6247,finish,w0!w000563__enterprise,enterprise,5,567,plb_nclass,finish,,,,"{""enterprise"": 3, ""freemium"": 2, ""mixed"": 0, ""premium"": 3}","{""0"": 5, ""1"": 7, ""2"": 6, ""3"": 5, ""4"": 5, ""5"": 6, ""6"": 4, ""7"": 4}","{""0"": {""enterprise"": 0, ""freemium"": 0, ""premium"": 5}, ""1"": {""premium"": 7, ""freemium"": 0}, ""2"": {""freemium"": 5, ""premium"": 1, ""enterprise"": 0}, ""3"": {""freemium"": 0, ""enterprise"": 5}, ""4"": {""enterprise"": 0, ""freemium"": 5, ""premium"": 0}, ""5"": {""premium"": 0, ""enterprise"": 3, ""freemium"": 3}, ""6"": {""enterprise"": 4, ""freemium"": 0, ""premium"": 0}, ""7"": {""premium"": 4, ""freemium"": 0}}"
185.790571,finish,w0!w000590__premium,premium,1,182,plb_nclass,finish,,,,"{""enterprise"": 3, ""freemium"": 2, ""mixed"": 0, ""premium"": 3}","{""0"": 5, ""1"": 6, ""2"": 6, ""3"": 5, ""4"": 5, ""5"": 6, ""6"": 4, ""7"": 4}","{""0"": {""enterprise"": 0, ""freemium"": 0, ""premium"": 5}, ""1"": {""premium"": 6, ""freemium"": 0}, ""2"": {""freemium"": 5, ""premium"": 1, ""enterprise"": 0}, ""3"": {""freemium"": 0, ""enterprise"": 5}, ""4"": {""enterprise"": 0, ""freemium"": 5, ""premium"": 0}, ""5"": {""premium"": 0, ""enterprise"": 3, ""freemium"": 3}, ""6"": {""enterprise"": 4, ""freemium"": 0, ""premium"": 0}, ""7"": {""premium"": 4, ""freemium"": 0}}"
186.005332,finish,w0!w000570__enterprise,enterprise,3,369,plb_nclass,finish,,,,"{""enterprise"": 3, ""freemium"": 2, ""mixed"": 0, ""premium"": 3}","{""0"": 5, ""1"": 6, ""2"": 6, ""3"": 4, ""4"": 5, ""5"": 6, ""6"": 4, ""7"": 4}","{""0"": {""enterprise"": 0, ""freemium"": 0, ""premium"": 5}, ""1"": {""premium"": 6, ""freemium"": 0}, ""2"": {""freemium"": 5, ""premium"": 1, ""enterprise"": 0}, ""3"": {""freemium"": 0, ""enterprise"": 4}, ""4"": {""enterprise"": 0, ""freemium"": 5, ""premium"": 0}, ""5"": {""premium"": 0, ""enterprise"": 3, ""freemium"": 3}, ""6"": {""enterprise"": 4, ""freemium"": 0, ""premium"": 0}, ""7"": {""premium"": 4, ""freemium"": 0}}"
186.055865,finish,w0!w000591__premium,premium,1,183,plb_nclass,finish,,,,"{""enterprise"": 3, ""freemium"": 2, ""mixed"": 0, ""premium"": 3}","{""0"": 5, ""1"": 5, ""2"": 6, ""3"": 4, ""4"": 5, ""5"": 6, ""6"": 4, ""7"": 4}","{""0"": {""enterprise"": 0, ""freemium"": 0, ""premium"": 5}, ""1"": {""premium"": 5, ""freemium"": 0}, ""2"": {""freemium"": 5, ""premium"": 1, ""enterprise"": 0}, ""3"": {""freemium"": 0, ""enterprise"": 4}, ""4"": {""enterprise"": 0, ""freemium"": 5, ""premium"": 0}, ""5"": {""premium"": 0, ""enterprise"": 3, ""freemium"": 3}, ""6"": {""enterprise"": 4, ""freemium"": 0, ""premium"": 0}, ""7"": {""premium"": 4, ""freemium"": 0}}"
186.403985,finish,w0!w000547__premium,premium,7,766,plb_nclass,finish,,,,"{""enterprise"": 3, ""freemium"": 2, ""mixed"": 0, ""premium"": 3}","{""0"": 5, ""1"": 5, ""2"": 6, ""3"": 4, ""4"": 5, ""5"": 6, ""6"": 4, ""7"": 3}","{""0"": {""enterprise"": 0, ""freemium"": 0, ""premium"": 5}, ""1"": {""premium"": 5, ""freemium"": 0}, ""2"": {""freemium"": 5, ""premium"": 1, ""enterprise"": 0}, ""3"": {""freemium"": 0, ""enterprise"": 4}, ""4"": {""enterprise"": 0, ""freemium"": 5, ""premium"": 0}, ""5"": {""premium"": 0, ""enterprise"": 3, ""freemium"": 3}, ""6"": {""enterprise"": 4, ""freemium"": 0, ""premium"": 0}, ""7"": {""premium"": 3, ""freemium"": 0}}"
187.171261,finish,w0!w000584__freemium,freemium,4,472,plb_nclass,finish,,,,"{""enterprise"": 3, ""freemium"": 2, ""mixed"": 0, ""premium"": 3}","{""0"": 5, ""1"": 5, ""2"": 6, ""3"": 4, ""4"": 4, ""5"": 6, ""6"": 4, ""7"": 3}","{""0"": {""enterprise"": 0, ""freemium"": 0, ""premium"": 5}, ""1"": {""premium"": 5, ""freemium"": 0}, ""2"": {""freemium"": 5, ""premium"": 1, ""enterprise"": 0}, ""3"": {""freemium"": 0, ""enterprise"": 4}, ""4"": {""enterprise"": 0, ""freemium"": 4, ""premium"": 0}, ""5"": {""premium"": 0, ""enterprise"": 3, ""freemium"": 3}, ""6"": {""enterprise"": 4, ""freemium"": 0, ""premium"": 0}, ""7"": {""premium"": 3, ""freemium"": 0}}"
187.177117,finish,w0!w000558__freemium,freemium,5,565,plb_nclass,finish,,,,"{""enterprise"": 3, ""freemium"": 2, ""mixed"": 0, ""premium"": 3}","{""0"": 5, ""1"": 5, ""2"": 6, ""3"": 4, ""4"": 4, ""5"": 5, ""6"": 4, ""7"": 3}","{""0"": {""enterprise"": 0, ""freemium"": 0, ""premium"": 5}, ""1"": {""premium"": 5, ""freemium"": 0}, ""2"": {""freemium"": 5, ""premium"": 1, ""enterprise"": 0}, ""3"": {""freemium"": 0, ""enterprise"": 4}, ""4"": {""enterprise"": 0, ""freemium"": 4, ""premium"": 0}, ""5"": {""premium"": 0, ""enterprise"": 3, ""freemium"": 2}, ""6"": {""enterprise"": 4, ""freemium"": 0, ""premium"": 0}, ""7"": {""premium"": 3, ""freemium"": 0}}"
187.179609,finish,w0!w000560__freemium,freemium,4,469,plb_nclass,finish,,,,"{""enterprise"": 3, ""freemium"": 2, ""mixed"": 0, ""premium"": 3}","{""0"": 5, ""1"": 5, ""2"": 6, ""3"": 4, ""4"": 3, ""5"": 5, ""6"": 4, ""7"": 3}","{""0"": {""enterprise"": 0, ""freemium"": 0, ""premium"": 5}, ""1"": {""premium"": 5, ""freemium"": 0}, ""2"": {""freemium"": 5, ""premium"": 1, ""enterprise"": 0}, ""3"": {""freemium"": 0, ""enterprise"": 4}, ""4"": {""enterprise"": 0, ""freemium"": 3, ""premium"": 0}, ""5"": {""premium"": 0, ""enterprise"": 3, ""freemium"": 2}, ""6"": {""enterprise"": 4, ""freemium"": 0, ""premium"": 0}, ""7"": {""premium"": 3, ""freemium"": 0}}"
188.28926,finish,w0!w000538__enterprise,enterprise,3,365,plb_nclass,finish,,,,"{""enterprise"": 3, ""freemium"": 2, ""mixed"": 0, ""premium"": 3}","{""0"": 5, ""1"": 5, ""2"": 6, ""3"": 3, ""4"": 3, ""5"": 5, ""6"": 4, ""7"": 3}","{""0"": {""enterprise"": 0, ""freemium"": 0, ""premium"": 5}, ""1"": {""premium"": 5, ""freemium"": 0}, ""2"": {""freemium"": 5, ""premium"": 1, ""enterprise"": 0}, ""3"": {""freemium"": 0, ""enterprise"": 3}, ""4"": {""enterprise"": 0, ""freemium"": 3, ""premium"": 0}, ""5"": {""premium"": 0, ""enterprise"": 3, ""freemium"": 2}, ""6"": {""enterprise"": 4, ""freemium"": 0, ""premium"": 0}, ""7"": {""premium"": 3, ""freemium"": 0}}"
188.406272,finish,w0!w000552__premium,premium,2,274,plb_nclass,finish,,,,"{""enterprise"": 3, ""freemium"": 2, ""mixed"": 0, ""premium"": 3}","{""0"": 5, ""1"": 5, ""2"": 5, ""3"": 3, ""4"": 3, ""5"": 5, ""6"": 4, ""7"": 3}","{""0"": {""enterprise"": 0, ""freemium"": 0, ""premium"": 5}, ""1"": {""premium"": 5, ""freemium"": 0}, ""2"": {""freemium"": 5, ""premium"": 0, ""enterprise"": 0}, ""3"": {""freemium"": 0, ""enterprise"": 3}, ""4"": {""enterprise"": 0, ""freemium"": 3, ""premium"": 0}, ""5"": {""premium"": 0, ""enterprise"": 3, ""freemium"": 2}, ""6"": {""enterprise"": 4, ""freemium"": 0, ""premium"": 0}, ""7"": {""premium"": 3, ""freemium"": 0}}"
188.494545,finish,w0!w000587__enterprise,enterprise,5,570,plb_nclass,finish,,,,"{""enterprise"": 3, ""freemium"": 2, ""mixed"": 0, ""premium"": 3}","{""0"": 5, ""1"": 5, ""2"": 5, ""3"": 3, ""4"": 3, ""5"": 4, ""6"": 4, ""7"": 3}","{""0"": {""enterprise"": 0, ""freemium"": 0, ""premium"": 5}, ""1"": {""premium"": 5, ""freemium"": 0}, ""2"": {""freemium"": 5, ""premium"": 0, ""enterprise"": 0}, ""3"": {""freemium"": 0, ""enterprise"": 3}, ""4"": {""enterprise"": 0, ""freemium"": 3, ""premium"": 0}, ""5"": {""premium"": 0, ""enterprise"": 2, ""freemium"": 2}, ""6"": {""enterprise"": 4, ""freemium"": 0, ""premium"": 0}, ""7"": {""premium"": 3, ""freemium"": 0}}"
188.52593,finish,w0!w000553__enterprise,enterprise,6,663,plb_nclass,finish,,,,"{""enterprise"": 3, ""freemium"": 2, ""mixed"": 0, ""premium"": 3}","{""0"": 5, ""1"": 5, ""2"": 5, ""3"": 3, ""4"": 3, ""5"": 4, ""6"": 3, ""7"": 3}","{""0"": {""enterprise"": 0, ""freemium"": 0, ""premium"": 5}, ""1"": {""premium"": 5, ""freemium"": 0}, ""2"": {""freemium"": 5, ""premium"": 0, ""enterprise"": 0}, ""3"": {""freemium"": 0, ""enterprise"": 3}, ""4"": {""enterprise"": 0, ""freemium"": 3, ""premium"": 0}, ""5"": {""premium"": 0, ""enterprise"": 2, ""freemium"": 2}, ""6"": {""enterprise"": 3, ""freemium"": 0, ""premium"": 0}, ""7"": {""premium"": 3, ""freemium"": 0}}"
189.245047,finish,w0!w000565__freemium,freemium,2,275,plb_nclass,finish,,,,"{""enterprise"": 3, ""freemium"": 2, ""mixed"": 0, ""premium"": 3}","{""0"": 5, ""1"": 5, ""2"": 4, ""3"": 3, ""4"": 3, ""5"": 4, ""6"": 3, ""7"": 3}","{""0"": {""enterprise"": 0, ""freemium"": 0, ""premium"": 5}, ""1"": {""premium"": 5, ""freemium"": 0}, ""2"": {""freemium"": 4, ""premium"": 0, ""enterprise"": 0}, ""3"": {""freemium"": 0, ""enterprise"": 3}, ""4"": {""enterprise"": 0, ""freemium"": 3, ""premium"": 0}, ""5"": {""premium"": 0, ""enterprise"": 2, ""freemium"": 2}, ""6"": {""enterprise"": 3, ""freemium"": 0, ""premium"": 0}, ""7"": {""premium"": 3, ""freemium"": 0}}"
189.560941,finish,w0!w000551__enterprise,enterprise,3,367,plb_nclass,finish,,,,"{""enterprise"": 3, ""freemium"": 2, ""mixed"": 0, ""premium"": 3}","{""0"": 5, ""1"": 5, ""2"": 4, ""3"": 2, ""4"": 3, ""5"": 4, ""6"": 3, ""7"": 3}","{""0"": {""enterprise"": 0, ""freemium"": 0, ""premium"": 5}, ""1"": {""premium"": 5, ""freemium"": 0}, ""2"": {""freemium"": 4, ""premium"": 0, ""enterprise"": 0}, ""3"": {""freemium"": 0, ""enterprise"": 2}, ""4"": {""enterprise"": 0, ""freemium"": 3, ""premium"": 0}, ""5"": {""premium"": 0, ""enterprise"": 2, ""freemium"": 2}, ""6"": {""enterprise"": 3, ""freemium"": 0, ""premium"": 0}, ""7"": {""premium"": 3, ""freemium"": 0}}"
190.2855,finish,w0!w000575__premium,premium,1,179,plb_nclass,finish,,,,"{""enterprise"": 3, ""freemium"": 2, ""mixed"": 0, ""premium"": 3}","{""0"": 5, ""1"": 4, ""2"": 4, ""3"": 2, ""4"": 3, ""5"": 4, ""6"": 3, ""7"": 3}","{""0"": {""enterprise"": 0, ""freemium"": 0, ""premium"": 5}, ""1"": {""premium"": 4, ""freemium"": 0}, ""2"": {""freemium"": 4, ""premium"": 0, ""enterprise"": 0}, ""3"": {""freemium"": 0, ""enterprise"": 2}, ""4"": {""enterprise"": 0, ""freemium"": 3, ""premium"": 0}, ""5"": {""premium"": 0, ""enterprise"": 2, ""freemium"": 2}, ""6"": {""enterprise"": 3, ""freemium"": 0, ""premium"": 0}, ""7"": {""premium"": 3, ""freemium"": 0}}"
191.355519,finish,w0!w000582__enterprise,enterprise,3,371,plb_nclass,finish,,,,"{""enterprise"": 3, ""freemium"": 2, ""mixed"": 0, ""premium"": 3}","{""0"": 5, ""1"": 4, ""2"": 4, ""3"": 1, ""4"": 3, ""5"": 4, ""6"": 3, ""7"": 3}","{""0"": {""enterprise"": 0, ""freemium"": 0, ""premium"": 5}, ""1"": {""premium"": 4, ""freemium"": 0}, ""2"": {""freemium"": 4, ""premium"": 0, ""enterprise"": 0}, ""3"": {""freemium"": 0, ""enterprise"": 1}, ""4"": {""enterprise"": 0, ""freemium"": 3, ""premium"": 0}, ""5"": {""premium"": 0, ""enterprise"": 2, ""freemium"": 2}, ""6"": {""enterprise"": 3, ""freemium"": 0, ""premium"": 0}, ""7"": {""premium"": 3, ""freemium"": 0}}"
191.391796,finish,w0!w000589__freemium,freemium,2,281,plb_nclass,finish,,,,"{""enterprise"": 3, ""freemium"": 2, ""mixed"": 0, ""premium"": 3}","{""0"": 5, ""1"": 4, ""2"": 3, ""3"": 1, ""4"": 3, ""5"": 4, ""6"": 3, ""7"": 3}","{""0"": {""enterprise"": 0, ""freemium"": 0, ""premium"": 5}, ""1"": {""premium"": 4, ""freemium"": 0}, ""2"": {""freemium"": 3, ""premium"": 0, ""enterprise"": 0}, ""3"": {""freemium"": 0, ""enterprise"": 1}, ""4"": {""enterprise"": 0, ""freemium"": 3, ""premium"": 0}, ""5"": {""premium"": 0, ""enterprise"": 2, ""freemium"": 2}, ""6"": {""enterprise"": 3, ""freemium"": 0, ""premium"": 0}, ""7"": {""premium"": 3, ""freemium"": 0}}"
191.578046,finish,w0!w000555__freemium,freemium,4,468,plb_nclass,finish,,,,"{""enterprise"": 3, ""freemium"": 2, ""mixed"": 0, ""premium"": 3}","{""0"": 5, ""1"": 4, ""2"": 3, ""3"": 1, ""4"": 2, ""5"": 4, ""6"": 3, ""7"": 3}","{""0"": {""enterprise"": 0, ""freemium"": 0, ""premium"": 5}, ""1"": {""premium"": 4, ""freemium"": 0}, ""2"": {""freemium"": 3, ""premium"": 0, ""enterprise"": 0}, ""3"": {""freemium"": 0, ""enterprise"": 1}, ""4"": {""enterprise"": 0, ""freemium"": 2, ""premium"": 0}, ""5"": {""premium"": 0, ""enterprise"": 2, ""freemium"": 2}, ""6"": {""enterprise"": 3, ""freemium"": 0, ""premium"": 0}, ""7"": {""premium"": 3, ""freemium"": 0}}"
191.64451,finish,w0!w000583__enterprise,enterprise,5,568,plb_nclass,finish,,,,"{""enterprise"": 3, ""freemium"": 2, ""mixed"": 0, ""premium"": 3}","{""0"": 5, ""1"": 4, ""2"": 3, ""3"": 1, ""4"": 2, ""5"": 3, ""6"": 3, ""7"": 3}","{""0"": {""enterprise"": 0, ""freemium"": 0, ""premium"": 5}, ""1"": {""premium"": 4, ""freemium"": 0}, ""2"": {""freemium"": 3, ""premium"": 0, ""enterprise"": 0}, ""3"": {""freemium"": 0, ""enterprise"": 1}, ""4"": {""enterprise"": 0, ""freemium"": 2, ""premium"": 0}, ""5"": {""premium"": 0, ""enterprise"": 1, ""freemium"": 2}, ""6"": {""enterprise"": 3, ""freemium"": 0, ""premium"": 0}, ""7"": {""premium"": 3, ""freemium"": 0}}"
191.807738,finish,w0!w000550__freemium,freemium,5,563,plb_nclass,finish,,,,"{""enterprise"": 3, ""freemium"": 2, ""mixed"": 0, ""premium"": 3}","{""0"": 5, ""1"": 4, ""2"": 3, ""3"": 1, ""4"": 2, ""5"": 2, ""6"": 3, ""7"": 3}","{""0"": {""enterprise"": 0, ""freemium"": 0, ""premium"": 5}, ""1"": {""premium"": 4, ""freemium"": 0}, ""2"": {""freemium"": 3, ""premium"": 0, ""enterprise"": 0}, ""3"": {""freemium"": 0, ""enterprise"": 1}, ""4"": {""enterprise"": 0, ""freemium"": 2, ""premium"": 0}, ""5"": {""premium"": 0, ""enterprise"": 1, ""freemium"": 1}, ""6"": {""enterprise"": 3, ""freemium"": 0, ""premium"": 0}, ""7"": {""premium"": 3, ""freemium"": 0}}"
192.403632,finish,w0!w000545__enterprise,enterprise,6,662,plb_nclass,finish,,,,"{""enterprise"": 3, ""freemium"": 2, ""mixed"": 0, ""premium"": 3}","{""0"": 5, ""1"": 4, ""2"": 3, ""3"": 1, ""4"": 2, ""5"": 2, ""6"": 2, ""7"": 3}","{""0"": {""enterprise"": 0, ""freemium"": 0, ""premium"": 5}, ""1"": {""premium"": 4, ""freemium"": 0}, ""2"": {""freemium"": 3, ""premium"": 0, ""enterprise"": 0}, ""3"": {""freemium"": 0, ""enterprise"": 1}, ""4"": {""enterprise"": 0, ""freemium"": 2, ""premium"": 0}, ""5"": {""premium"": 0, ""enterprise"": 1, ""freemium"": 1}, ""6"": {""enterprise"": 2, ""freemium"": 0, ""premium"": 0}, ""7"": {""premium"": 3, ""freemium"": 0}}"
193.167677,finish,w0!w000577__enterprise,enterprise,3,370,plb_nclass,finish,,,,"{""enterprise"": 3, ""freemium"": 2, ""mixed"": 0, ""premium"": 3}","{""0"": 5, ""1"": 4, ""2"": 3, ""3"": 0, ""4"": 2, ""5"": 2, ""6"": 2, ""7"": 3}","{""0"": {""enterprise"": 0, ""freemium"": 0, ""premium"": 5}, ""1"": {""premium"": 4, ""freemium"": 0}, ""2"": {""freemium"": 3, ""premium"": 0, ""enterprise"": 0}, ""3"": {""freemium"": 0, ""enterprise"": 0}, ""4"": {""enterprise"": 0, ""freemium"": 2, ""premium"": 0}, ""5"": {""premium"": 0, ""enterprise"": 1, ""freemium"": 1}, ""6"": {""enterprise"": 2, ""freemium"": 0, ""premium"": 0}, ""7"": {""premium"": 3, ""freemium"": 0}}"
193.167677,return,,enterprise,3,,plb_nclass,return_to_origin,enterprise,freemium,simple_return,"{""enterprise"": 2, ""freemium"": 3, ""mixed"": 0, ""premium"": 3}","{""0"": 5, ""1"": 4, ""2"": 3, ""3"": 0, ""4"": 2, ""5"": 2, ""6"": 2, ""7"": 3}","{""0"": {""enterprise"": 0, ""freemium"": 0, ""premium"": 5}, ""1"": {""premium"": 4, ""freemium"": 0}, ""2"": {""freemium"": 3, ""premium"": 0, ""enterprise"": 0}, ""3"": {""freemium"": 0, ""enterprise"": 0}, ""4"": {""enterprise"": 0, ""freemium"": 2, ""premium"": 0}, ""5"": {""premium"": 0, ""enterprise"": 1, ""freemium"": 1}, ""6"": {""enterprise"": 2, ""freemium"": 0, ""premium"": 0}, ""7"": {""premium"": 3, ""freemium"": 0}}"
193.330961,finish,w0!w000569__freemium,freemium,2,276,plb_nclass,finish,,,,"{""enterprise"": 2, ""freemium"": 3, ""mixed"": 0, ""premium"": 3}","{""0"": 5, ""1"": 4, ""2"": 2, ""3"": 0, ""4"": 2, ""5"": 2, ""6"": 2, ""7"": 3}","{""0"": {""enterprise"": 0, ""freemium"": 0, ""premium"": 5}, ""1"": {""premium"": 4, ""freemium"": 0}, ""2"": {""freemium"": 2, ""premium"": 0, ""enterprise"": 0}, ""3"": {""freemium"": 0, ""enterprise"": 0}, ""4"": {""enterprise"": 0, ""freemium"": 2, ""premium"": 0}, ""5"": {""premium"": 0, ""enterprise"": 1, ""freemium"": 1}, ""6"": {""enterprise"": 2, ""freemium"": 0, ""premium"": 0}, ""7"": {""premium"": 3, ""freemium"": 0}}"
193.573328,finish,w0!w000588__premium,premium,1,181,plb_nclass,finish,,,,"{""enterprise"": 2, ""freemium"": 3, ""mixed"": 0, ""premium"": 3}","{""0"": 5, ""1"": 3, ""2"": 2, ""3"": 0, ""4"": 2, ""5"": 2, ""6"": 2, ""7"": 3}","{""0"": {""enterprise"": 0, ""freemium"": 0, ""premium"": 5}, ""1"": {""premium"": 3, ""freemium"": 0}, ""2"": {""freemium"": 2, ""premium"": 0, ""enterprise"": 0}, ""3"": {""freemium"": 0, ""enterprise"": 0}, ""4"": {""enterprise"": 0, ""freemium"": 2, ""premium"": 0}, ""5"": {""premium"": 0, ""enterprise"": 1, ""freemium"": 1}, ""6"": {""enterprise"": 2, ""freemium"": 0, ""premium"": 0}, ""7"": {""premium"": 3, ""freemium"": 0}}"
193.616332,finish,w0!w000568__premium,premium,7,768,plb_nclass,finish,,,,"{""enterprise"": 2, ""freemium"": 3, ""mixed"": 0, ""premium"": 3}","{""0"": 5, ""1"": 3, ""2"": 2, ""3"": 0, ""4"": 2, ""5"": 2, ""6"": 2, ""7"": 2}","{""0"": {""enterprise"": 0, ""freemium"": 0, ""premium"": 5}, ""1"": {""premium"": 3, ""freemium"": 0}, ""2"": {""freemium"": 2, ""premium"": 0, ""enterprise"": 0}, ""3"": {""freemium"": 0, ""enterprise"": 0}, ""4"": {""enterprise"": 0, ""freemium"": 2, ""premium"": 0}, ""5"": {""premium"": 0, ""enterprise"": 1, ""freemium"": 1}, ""6"": {""enterprise"": 2, ""freemium"": 0, ""premium"": 0}, ""7"": {""premium"": 2, ""freemium"": 0}}"
193.69218,finish,w0!w000561__premium,premium,0,71,plb_nclass,finish,,,,"{""enterprise"": 2, ""freemium"": 3, ""mixed"": 0, ""premium"": 3}","{""0"": 4, ""1"": 3, ""2"": 2, ""3"": 0, ""4"": 2, ""5"": 2, ""6"": 2, ""7"": 2}","{""0"": {""enterprise"": 0, ""freemium"": 0, ""premium"": 4}, ""1"": {""premium"": 3, ""freemium"": 0}, ""2"": {""freemium"": 2, ""premium"": 0, ""enterprise"": 0}, ""3"": {""freemium"": 0, ""enterprise"": 0}, ""4"": {""enterprise"": 0, ""freemium"": 2, ""premium"": 0}, ""5"": {""premium"": 0, ""enterprise"": 1, ""freemium"": 1}, ""6"": {""enterprise"": 2, ""freemium"": 0, ""premium"": 0}, ""7"": {""premium"": 2, ""freemium"": 0}}"
194.099223,finish,w0!w000554__freemium,freemium,5,564,plb_nclass,finish,,,,"{""enterprise"": 2, ""freemium"": 3, ""mixed"": 0, ""premium"": 3}","{""0"": 4, ""1"": 3, ""2"": 2, ""3"": 0, ""4"": 2, ""5"": 1, ""6"": 2, ""7"": 2}","{""0"": {""enterprise"": 0, ""freemium"": 0, ""premium"": 4}, ""1"": {""premium"": 3, ""freemium"": 0}, ""2"": {""freemium"": 2, ""premium"": 0, ""enterprise"": 0}, ""3"": {""freemium"": 0, ""enterprise"": 0}, ""4"": {""enterprise"": 0, ""freemium"": 2, ""premium"": 0}, ""5"": {""premium"": 0, ""enterprise"": 1, ""freemium"": 0}, ""6"": {""enterprise"": 2, ""freemium"": 0, ""premium"": 0}, ""7"": {""premium"": 2, ""freemium"": 0}}"
194.346683,finish,w0!w000576__premium,premium,7,769,plb_nclass,finish,,,,"{""enterprise"": 2, ""freemium"": 3, ""mixed"": 0, ""premium"": 3}","{""0"": 4, ""1"": 3, ""2"": 2, ""3"": 0, ""4"": 2, ""5"": 1, ""6"": 2, ""7"": 1}","{""0"": {""enterprise"": 0, ""freemium"": 0, ""premium"": 4}, ""1"": {""premium"": 3, ""freemium"": 0}, ""2"": {""freemium"": 2, ""premium"": 0, ""enterprise"": 0}, ""3"": {""freemium"": 0, ""enterprise"": 0}, ""4"": {""enterprise"": 0, ""freemium"": 2, ""premium"": 0}, ""5"": {""premium"": 0, ""enterprise"": 1, ""freemium"": 0}, ""6"": {""enterprise"": 2, ""freemium"": 0, ""premium"": 0}, ""7"": {""premium"": 1, ""freemium"": 0}}"
194.465621,finish,w0!w000592__premium,premium,1,184,plb_nclass,finish,,,,"{""enterprise"": 2, ""freemium"": 3, ""mixed"": 0, ""premium"": 3}","{""0"": 4, ""1"": 2, ""2"": 2, ""3"": 0, ""4"": 2, ""5"": 1, ""6"": 2, ""7"": 1}","{""0"": {""enterprise"": 0, ""freemium"": 0, ""premium"": 4}, ""1"": {""premium"": 2, ""freemium"": 0}, ""2"": {""freemium"": 2, ""premium"": 0, ""enterprise"": 0}, ""3"": {""freemium"": 0, ""enterprise"": 0}, ""4"": {""enterprise"": 0, ""freemium"": 2, ""premium"": 0}, ""5"": {""premium"": 0, ""enterprise"": 1, ""freemium"": 0}, ""6"": {""enterprise"": 2, ""freemium"": 0, ""premium"": 0}, ""7"": {""premium"": 1, ""freemium"": 0}}"
194.574538,finish,w0!w000585__enterprise,enterprise,5,569,plb_nclass,finish,,,,"{""enterprise"": 2, ""freemium"": 3, ""mixed"": 0, ""premium"": 3}","{""0"": 4, ""1"": 2, ""2"": 2, ""3"": 0, ""4"": 2, ""5"": 0, ""6"": 2, ""7"": 1}","{""0"": {""enterprise"": 0, ""freemium"": 0, ""premium"": 4}, ""1"": {""premium"": 2, ""freemium"": 0}, ""2"": {""freemium"": 2, ""premium"": 0, ""enterprise"": 0}, ""3"": {""freemium"": 0, ""enterprise"": 0}, ""4"": {""enterprise"": 0, ""freemium"": 2, ""premium"": 0}, ""5"": {""premium"": 0, ""enterprise"": 0, ""freemium"": 0}, ""6"": {""enterprise"": 2, ""freemium"": 0, ""premium"": 0}, ""7"": {""premium"": 1, ""freemium"": 0}}"
194.574538,return,,enterprise,5,,plb_nclass,return_to_origin,enterprise,freemium,simple_return,"{""enterprise"": 1, ""freemium"": 4, ""mixed"": 0, ""premium"": 3}","{""0"": 4, ""1"": 2, ""2"": 2, ""3"": 0, ""4"": 2, ""5"": 0, ""6"": 2, ""7"": 1}","{""0"": {""enterprise"": 0, ""freemium"": 0, ""premium"": 4}, ""1"": {""premium"": 2, ""freemium"": 0}, ""2"": {""freemium"": 2, ""premium"": 0, ""enterprise"": 0}, ""3"": {""freemium"": 0, ""enterprise"": 0}, ""4"": {""enterprise"": 0, ""freemium"": 2, ""premium"": 0}, ""5"": {""premium"": 0, ""enterprise"": 0, ""freemium"": 0}, ""6"": {""enterprise"": 2, ""freemium"": 0, ""premium"": 0}, ""7"": {""premium"": 1, ""freemium"": 0}}"
195.170943,finish,w0!w000567__premium,premium,0,72,plb_nclass,finish,,,,"{""enterprise"": 1, ""freemium"": 4, ""mixed"": 0, ""premium"": 3}","{""0"": 3, ""1"": 2, ""2"": 2, ""3"": 0, ""4"": 2, ""5"": 0, ""6"": 2, ""7"": 1}","{""0"": {""enterprise"": 0, ""freemium"": 0, ""premium"": 3}, ""1"": {""premium"": 2, ""freemium"": 0}, ""2"": {""freemium"": 2, ""premium"": 0, ""enterprise"": 0}, ""3"": {""freemium"": 0, ""enterprise"": 0}, ""4"": {""enterprise"": 0, ""freemium"": 2, ""premium"": 0}, ""5"": {""premium"": 0, ""enterprise"": 0, ""freemium"": 0}, ""6"": {""enterprise"": 2, ""freemium"": 0, ""premium"": 0}, ""7"": {""premium"": 1, ""freemium"": 0}}"
195.577349,finish,w0!w000581__premium,premium,1,180,plb_nclass,finish,,,,"{""enterprise"": 1, ""freemium"": 4, ""mixed"": 0, ""premium"": 3}","{""0"": 3, ""1"": 1, ""2"": 2, ""3"": 0, ""4"": 2, ""5"": 0, ""6"": 2, ""7"": 1}","{""0"": {""enterprise"": 0, ""freemium"": 0, ""premium"": 3}, ""1"": {""premium"": 1, ""freemium"": 0}, ""2"": {""freemium"": 2, ""premium"": 0, ""enterprise"": 0}, ""3"": {""freemium"": 0, ""enterprise"": 0}, ""4"": {""enterprise"": 0, ""freemium"": 2, ""premium"": 0}, ""5"": {""premium"": 0, ""enterprise"": 0, ""freemium"": 0}, ""6"": {""enterprise"": 2, ""freemium"": 0, ""premium"": 0}, ""7"": {""premium"": 1, ""freemium"": 0}}"
196.678803,finish,w0!w000579__premium,premium,0,74,plb_nclass,finish,,,,"{""enterprise"": 1, ""freemium"": 4, ""mixed"": 0, ""premium"": 3}","{""0"": 2, ""1"": 1, ""2"": 2, ""3"": 0, ""4"": 2, ""5"": 0, ""6"": 2, ""7"": 1}","{""0"": {""enterprise"": 0, ""freemium"": 0, ""premium"": 2}, ""1"": {""premium"": 1, ""freemium"": 0}, ""2"": {""freemium"": 2, ""premium"": 0, ""enterprise"": 0}, ""3"": {""freemium"": 0, ""enterprise"": 0}, ""4"": {""enterprise"": 0, ""freemium"": 2, ""premium"": 0}, ""5"": {""premium"": 0, ""enterprise"": 0, ""freemium"": 0}, ""6"": {""enterprise"": 2, ""freemium"": 0, ""premium"": 0}, ""7"": {""premium"": 1, ""freemium"": 0}}"
197.002408,finish,w0!w000580__freemium,freemium,2,279,plb_nclass,finish,,,,"{""enterprise"": 1, ""freemium"": 4, ""mixed"": 0, ""premium"": 3}","{""0"": 2, ""1"": 1, ""2"": 1, ""3"": 0, ""4"": 2, ""5"": 0, ""6"": 2, ""7"": 1}","{""0"": {""enterprise"": 0, ""freemium"": 0, ""premium"": 2}, ""1"": {""premium"": 1, ""freemium"": 0}, ""2"": {""freemium"": 1, ""premium"": 0, ""enterprise"": 0}, ""3"": {""freemium"": 0, ""enterprise"": 0}, ""4"": {""enterprise"": 0, ""freemium"": 2, ""premium"": 0}, ""5"": {""premium"": 0, ""enterprise"": 0, ""freemium"": 0}, ""6"": {""enterprise"": 2, ""freemium"": 0, ""premium"": 0}, ""7"": {""premium"": 1, ""freemium"": 0}}"
197.152016,finish,w0!w000599__enterprise,enterprise,6,666,plb_nclass,finish,,,,"{""enterprise"": 1, ""freemium"": 4, ""mixed"": 0, ""premium"": 3}","{""0"": 2, ""1"": 1, ""2"": 1, ""3"": 0, ""4"": 2, ""5"": 0, ""6"": 1, ""7"": 1}","{""0"": {""enterprise"": 0, ""freemium"": 0, ""premium"": 2}, ""1"": {""premium"": 1, ""freemium"": 0}, ""2"": {""freemium"": 1, ""premium"": 0, ""enterprise"": 0}, ""3"": {""freemium"": 0, ""enterprise"": 0}, ""4"": {""enterprise"": 0, ""freemium"": 2, ""premium"": 0}, ""5"": {""premium"": 0, ""enterprise"": 0, ""freemium"": 0}, ""6"": {""enterprise"": 1, ""freemium"": 0, ""premium"": 0}, ""7"": {""premium"": 1, ""freemium"": 0}}"
197.502467,finish,w0!w000593__freemium,freemium,4,473,plb_nclass,finish,,,,"{""enterprise"": 1, ""freemium"": 4, ""mixed"": 0, ""premium"": 3}","{""0"": 2, ""1"": 1, ""2"": 1, ""3"": 0, ""4"": 1, ""5"": 0, ""6"": 1, ""7"": 1}","{""0"": {""enterprise"": 0, ""freemium"": 0, ""premium"": 2}, ""1"": {""premium"": 1, ""freemium"": 0}, ""2"": {""freemium"": 1, ""premium"": 0, ""enterprise"": 0}, ""3"": {""freemium"": 0, ""enterprise"": 0}, ""4"": {""enterprise"": 0, ""freemium"": 1, ""premium"": 0}, ""5"": {""premium"": 0, ""enterprise"": 0, ""freemium"": 0}, ""6"": {""enterprise"": 1, ""freemium"": 0, ""premium"": 0}, ""7"": {""premium"": 1, ""freemium"": 0}}"
198.031724,finish,w0!w000572__premium,premium,0,73,plb_nclass,finish,,,,"{""enterprise"": 1, ""freemium"": 4, ""mixed"": 0, ""premium"": 3}","{""0"": 1, ""1"": 1, ""2"": 1, ""3"": 0, ""4"": 1, ""5"": 0, ""6"": 1, ""7"": 1}","{""0"": {""enterprise"": 0, ""freemium"": 0, ""premium"": 1}, ""1"": {""premium"": 1, ""freemium"": 0}, ""2"": {""freemium"": 1, ""premium"": 0, ""enterprise"": 0}, ""3"": {""freemium"": 0, ""enterprise"": 0}, ""4"": {""enterprise"": 0, ""freemium"": 1, ""premium"": 0}, ""5"": {""premium"": 0, ""enterprise"": 0, ""freemium"": 0}, ""6"": {""enterprise"": 1, ""freemium"": 0, ""premium"": 0}, ""7"": {""premium"": 1, ""freemium"": 0}}"
199.428224,finish,w0!w000595__premium,premium,0,75,plb_nclass,finish,,,,"{""enterprise"": 1, ""freemium"": 4, ""mixed"": 0, ""premium"": 3}","{""0"": 0, ""1"": 1, ""2"": 1, ""3"": 0, ""4"": 1, ""5"": 0, ""6"": 1, ""7"": 1}","{""0"": {""enterprise"": 0, ""freemium"": 0, ""premium"": 0}, ""1"": {""premium"": 1, ""freemium"": 0}, ""2"": {""freemium"": 1, ""premium"": 0, ""enterprise"": 0}, ""3"": {""freemium"": 0, ""enterprise"": 0}, ""4"": {""enterprise"": 0, ""freemium"": 1, ""premium"": 0}, ""5"": {""premium"": 0, ""enterprise"": 0, ""freemium"": 0}, ""6"": {""enterprise"": 1, ""freemium"": 0, ""premium"": 0}, ""7"": {""premium"": 1, ""freemium"": 0}}"
199.428224,return,,premium,0,,plb_nclass,return_to_origin,premium,freemium,simple_return,"{""enterprise"": 1, ""freemium"": 5, ""mixed"": 0, ""premium"": 2}","{""0"": 0, ""1"": 1, ""2"": 1, ""3"": 0, ""4"": 1, ""5"": 0, ""6"": 1, ""7"": 1}","{""0"": {""enterprise"": 0, ""freemium"": 0, ""premium"": 0}, ""1"": {""premium"": 1, ""freemium"": 0}, ""2"": {""freemium"": 1, ""premium"": 0, ""enterprise"": 0}, ""3"": {""freemium"": 0, ""enterprise"": 0}, ""4"": {""enterprise"": 0, ""freemium"": 1, ""premium"": 0}, ""5"": {""premium"": 0, ""enterprise"": 0, ""freemium"": 0}, ""6"": {""enterprise"": 1, ""freemium"": 0, ""premium"": 0}, ""7"": {""premium"": 1, ""freemium"": 0}}"
200.717479,finish,w0!w000598__premium,premium,1,185,plb_nclass,finish,,,,"{""enterprise"": 1, ""freemium"": 5, ""mixed"": 0, ""premium"": 2}","{""0"": 0, ""1"": 0, ""2"": 1, ""3"": 0, ""4"": 1, ""5"": 0, ""6"": 1, ""7"": 1}","{""0"": {""enterprise"": 0, ""freemium"": 0, ""premium"": 0}, ""1"": {""premium"": 0, ""freemium"": 0}, ""2"": {""freemium"": 1, ""premium"": 0, ""enterprise"": 0}, ""3"": {""freemium"": 0, ""enterprise"": 0}, ""4"": {""enterprise"": 0, ""freemium"": 1, ""premium"": 0}, ""5"": {""premium"": 0, ""enterprise"": 0, ""freemium"": 0}, ""6"": {""enterprise"": 1, ""freemium"": 0, ""premium"": 0}, ""7"": {""premium"": 1, ""freemium"": 0}}"
200.717479,return,,premium,1,,plb_nclass,return_to_origin,premium,freemium,simple_return,"{""enterprise"": 1, ""freemium"": 6, ""mixed"": 0, ""premium"": 1}","{""0"": 0, ""1"": 0, ""2"": 1, ""3"": 0, ""4"": 1, ""5"": 0, ""6"": 1, ""7"": 1}","{""0"": {""enterprise"": 0, ""freemium"": 0, ""premium"": 0}, ""1"": {""premium"": 0, ""freemium"": 0}, ""2"": {""freemium"": 1, ""premium"": 0, ""enterprise"": 0}, ""3"": {""freemium"": 0, ""enterprise"": 0}, ""4"": {""enterprise"": 0, ""freemium"": 1, ""premium"": 0}, ""5"": {""premium"": 0, ""enterprise"": 0, ""freemium"": 0}, ""6"": {""enterprise"": 1, ""freemium"": 0, ""premium"": 0}, ""7"": {""premium"": 1, ""freemium"": 0}}"
202.415681,finish,w0!w000596__freemium,freemium,4,474,plb_nclass,finish,,,,"{""enterprise"": 1, ""freemium"": 6, ""mixed"": 0, ""premium"": 1}","{""0"": 0, ""1"": 0, ""2"": 1, ""3"": 0, ""4"": 0, ""5"": 0, ""6"": 1, ""7"": 1}","{""0"": {""enterprise"": 0, ""freemium"": 0, ""premium"": 0}, ""1"": {""premium"": 0, ""freemium"": 0}, ""2"": {""freemium"": 1, ""premium"": 0, ""enterprise"": 0}, ""3"": {""freemium"": 0, ""enterprise"": 0}, ""4"": {""enterprise"": 0, ""freemium"": 0, ""premium"": 0}, ""5"": {""premium"": 0, ""enterprise"": 0, ""freemium"": 0}, ""6"": {""enterprise"": 1, ""freemium"": 0, ""premium"": 0}, ""7"": {""premium"": 1, ""freemium"": 0}}"
202.415681,return,,freemium,4,,plb_nclass,return_to_origin,freemium,premium,simple_return,"{""enterprise"": 1, ""freemium"": 5, ""mixed"": 0, ""premium"": 2}","{""0"": 0, ""1"": 0, ""2"": 1, ""3"": 0, ""4"": 0, ""5"": 0, ""6"": 1, ""7"": 1}","{""0"": {""enterprise"": 0, ""freemium"": 0, ""premium"": 0}, ""1"": {""premium"": 0, ""freemium"": 0}, ""2"": {""freemium"": 1, ""premium"": 0, ""enterprise"": 0}, ""3"": {""freemium"": 0, ""enterprise"": 0}, ""4"": {""enterprise"": 0, ""freemium"": 0, ""premium"": 0}, ""5"": {""premium"": 0, ""enterprise"": 0, ""freemium"": 0}, ""6"": {""enterprise"": 1, ""freemium"": 0, ""premium"": 0}, ""7"": {""premium"": 1, ""freemium"": 0}}"
203.75143,finish,w0!w000586__freemium,freemium,2,280,plb_nclass,finish,,,,"{""enterprise"": 1, ""freemium"": 5, ""mixed"": 0, ""premium"": 2}","{""0"": 0, ""1"": 0, ""2"": 0, ""3"": 0, ""4"": 0, ""5"": 0, ""6"": 1, ""7"": 1}","{""0"": {""enterprise"": 0, ""freemium"": 0, ""premium"": 0}, ""1"": {""premium"": 0, ""freemium"": 0}, ""2"": {""freemium"": 0, ""premium"": 0, ""enterprise"": 0}, ""3"": {""freemium"": 0, ""enterprise"": 0}, ""4"": {""enterprise"": 0, ""freemium"": 0, ""premium"": 0}, ""5"": {""premium"": 0, ""enterprise"": 0, ""freemium"": 0}, ""6"": {""enterprise"": 1, ""freemium"": 0, ""premium"": 0}, ""7"": {""premium"": 1, ""freemium"": 0}}"
203.75143,return,,freemium,2,,plb_nclass,return_to_origin,freemium,premium,simple_return,"{""enterprise"": 1, ""freemium"": 4, ""mixed"": 0, ""premium"": 3}","{""0"": 0, ""1"": 0, ""2"": 0, ""3"": 0, ""4"": 0, ""5"": 0, ""6"": 1, ""7"": 1}","{""0"": {""enterprise"": 0, ""freemium"": 0, ""premium"": 0}, ""1"": {""premium"": 0, ""freemium"": 0}, ""2"": {""freemium"": 0, ""premium"": 0, ""enterprise"": 0}, ""3"": {""freemium"": 0, ""enterprise"": 0}, ""4"": {""enterprise"": 0, ""freemium"": 0, ""premium"": 0}, ""5"": {""premium"": 0, ""enterprise"": 0, ""freemium"": 0}, ""6"": {""enterprise"": 1, ""freemium"": 0, ""premium"": 0}, ""7"": {""premium"": 1, ""freemium"": 0}}"
204.849574,finish,w0!w000597__enterprise,enterprise,6,665,plb_nclass,finish,,,,"{""enterprise"": 1, ""freemium"": 4, ""mixed"": 0, ""premium"": 3}","{""0"": 0, ""1"": 0, ""2"": 0, ""3"": 0, ""4"": 0, ""5"": 0, ""6"": 0, ""7"": 1}","{""0"": {""enterprise"": 0, ""freemium"": 0, ""premium"": 0}, ""1"": {""premium"": 0, ""freemium"": 0}, ""2"": {""freemium"": 0, ""premium"": 0, ""enterprise"": 0}, ""3"": {""freemium"": 0, ""enterprise"": 0}, ""4"": {""enterprise"": 0, ""freemium"": 0, ""premium"": 0}, ""5"": {""premium"": 0, ""enterprise"": 0, ""freemium"": 0}, ""6"": {""enterprise"": 0, ""freemium"": 0, ""premium"": 0}, ""7"": {""premium"": 1, ""freemium"": 0}}"
205.166248,finish,w0!w000594__premium,premium,7,770,plb_nclass,finish,,,,"{""enterprise"": 1, ""freemium"": 4, ""mixed"": 0, ""premium"": 3}","{""0"": 0, ""1"": 0, ""2"": 0, ""3"": 0, ""4"": 0, ""5"": 0, ""6"": 0, ""7"": 0}","{""0"": {""enterprise"": 0, ""freemium"": 0, ""premium"": 0}, ""1"": {""premium"": 0, ""freemium"": 0}, ""2"": {""freemium"": 0, ""premium"": 0, ""enterprise"": 0}, ""3"": {""freemium"": 0, ""enterprise"": 0}, ""4"": {""enterprise"": 0, ""freemium"": 0, ""premium"": 0}, ""5"": {""premium"": 0, ""enterprise"": 0, ""freemium"": 0}, ""6"": {""enterprise"": 0, ""freemium"": 0, ""premium"": 0}, ""7"": {""premium"": 0, ""freemium"": 0}}"
205.166248,return,,premium,7,,plb_nclass,return_to_origin,premium,freemium,simple_return,"{""enterprise"": 1, ""freemium"": 5, ""mixed"": 0, ""premium"": 2}","{""0"": 0, ""1"": 0, ""2"": 0, ""3"": 0, ""4"": 0, ""5"": 0, ""6"": 0, ""7"": 0}","{""0"": {""enterprise"": 0, ""freemium"": 0, ""premium"": 0}, ""1"": {""premium"": 0, ""freemium"": 0}, ""2"": {""freemium"": 0, ""premium"": 0, ""enterprise"": 0}, ""3"": {""freemium"": 0, ""enterprise"": 0}, ""4"": {""enterprise"": 0, ""freemium"": 0, ""premium"": 0}, ""5"": {""premium"": 0, ""enterprise"": 0, ""freemium"": 0}, ""6"": {""enterprise"": 0, ""freemium"": 0, ""premium"": 0}, ""7"": {""premium"": 0, ""freemium"": 0}}"
